,0,1
0,20007,0.13464743
1,20011,0.07907683
2,20026,0.03209992
3,20047,0.17251754
4,20064,0.08438101
5,20081,0.09413943
6,20096,0.13496254
7,30005,0.041671634
8,30020,0.064937234
9,30029,0.12750854
10,30043,0.043684
11,30051,0.043547858
12,30063,0.103001915
13,30072,0.04661537
14,30079,0.07495232
15,30081,0.05498043
16,30095,0.11242626
17,30100,0.1999832
18,30104,0.04283186
19,30106,0.06365125
20,40014,0.048733134
21,40030,0.117320456
22,40048,0.02659223
23,40058,0.11362734
24,40064,0.052763674
25,40065,0.09260098
26,40080,0.117443845
27,40092,0.053402945
28,50009,0.12512648
29,50019,0.1338683
30,50020,0.08738763
31,50028,0.083739385
32,50029,0.12423215
33,50039,0.2323127
34,50061,0.09731101
35,50076,0.045103442
36,50093,0.09540254
37,50097,0.12203702
38,50111,0.014032131
39,50114,0.03267363
40,50115,0.010525317
41,50119,0.029064007
42,50126,0.011051581
43,50130,0.19224785
44,50132,0.2606258
45,60011,0.055882085
46,60032,0.043821882
47,60093,0.023864096
48,60111,0.045951072
49,80003,0.011325456
50,80017,0.04569344
51,80032,0.031418875
52,80037,0.10106116
53,80040,0.051131655
54,80047,0.023864096
55,80049,0.06606875
56,80053,0.0303927
57,80056,0.1610277
58,80057,0.120215684
59,80067,0.08478094
60,80069,0.1242873
61,80078,0.03943935
62,80082,0.13273434
63,80084,0.13833882
64,80087,0.03653065
65,80096,0.22903997
66,80098,0.04182921
67,80106,0.027128225
68,80115,0.11942094
69,90015,0.06424915
70,90018,0.11112044
71,90021,0.109186895
72,90045,0.05726004
73,90054,0.06485757
74,90061,0.048998747
75,90071,0.07728813
76,90080,0.110059105
77,90091,0.02557498
78,90099,0.019248027
79,90108,0.058506828
80,90120,0.056081787
81,90127,0.01667177
82,100008,0.11025886
83,100023,0.05297332
84,100026,0.035101596
85,100042,0.27373362
86,100045,0.0830669
87,100052,0.079271674
88,100077,0.05189109
89,100092,0.13533877
90,100105,0.067147404
91,110021,0.037924487
92,110022,0.25324246
93,110023,0.10930889
94,110046,0.03739539
95,110071,0.0583119
96,110072,0.07123607
97,110075,0.008853906
98,110076,0.06339393
99,110083,0.0132020265
100,110085,0.05898266
101,110093,0.06566704
102,110100,0.07894776
103,110103,0.1168158
104,110104,0.13899863
105,110115,0.10654238
106,120009,0.06908657
107,120043,0.08663126
108,120045,0.1168158
109,120048,0.036245782
110,120054,0.05781001
111,120065,0.16378188
112,120082,0.117534995
113,120085,0.14710641
114,120115,0.10352342
115,120121,0.016105134
116,120133,0.19369416
117,130003,0.068235315
118,130021,0.029191943
119,130067,0.015361274
120,130092,0.028614946
121,130105,0.10128427
122,130107,0.046169054
123,130118,0.037932612
124,130123,0.10605307
125,140009,0.13577417
126,140025,0.08261171
127,140044,0.1306851
128,140049,0.02597643
129,140098,0.04505281
130,140107,0.056049436
131,140109,0.0133875515
132,140115,0.01046917
133,140119,0.05759737
134,150004,0.12169105
135,150009,0.0061036022
136,150030,0.18963356
137,150066,0.14135598
138,150084,0.18399662
139,150089,0.011212716
140,150092,0.0062016477
141,150094,0.1265944
142,150095,0.019116556
143,150096,0.15227164
144,150101,0.15655927
145,150107,0.15060818
146,160015,0.09125721
147,160020,0.047324516
148,160030,0.08708102
149,160034,0.1278863
150,160042,0.08126718
151,160057,0.05329892
152,160073,0.040700994
153,160095,0.03671095
154,160106,0.053293016
155,170032,0.07858292
156,170041,0.015654087
157,170048,0.011312638
158,170058,0.019196695
159,170061,0.02841263
160,170065,0.014645264
161,170083,0.10531859
162,170100,0.027304957
163,170111,0.09411863
164,170119,0.13529827
165,170121,0.009845491
166,180018,0.06492833
167,180022,0.015990393
168,180036,0.08394572
169,180055,0.040161435
170,180057,0.016525479
171,180058,0.039833598
172,180067,0.034818497
173,180074,0.15629184
174,180077,0.09226161
175,180091,0.052280057
176,190003,0.093614824
177,190009,0.02514001
178,190051,0.05028302
179,190081,0.016685564
180,190112,0.0680909
181,190117,0.046714626
182,190121,0.031350657
183,190127,0.043261107
184,200018,0.12659045
185,200044,0.19070627
186,200049,0.04511646
187,200051,0.025949143
188,200053,0.091206715
189,200057,0.020117553
190,200067,0.2857961
191,200079,0.28560677
192,200105,0.03941757
193,200106,0.03585893
194,210005,0.023645837
195,210021,0.08884397
196,210029,0.029661775
197,210061,0.1335073
198,210065,0.12747672
199,210079,0.17031841
200,210081,0.060162317
201,210082,0.07691185
202,220005,0.14059012
203,220008,0.047057815
204,220009,0.047394317
205,220010,0.09228256
206,220011,0.12260575
207,220021,0.11556472
208,220042,0.04439889
209,220078,0.059686676
210,220088,0.031908892
211,220097,0.21666642
212,220104,0.051072035
213,220133,0.08954393
214,230040,0.15135665
215,230046,0.120935574
216,230053,0.055898577
217,230062,0.047558434
218,230067,0.061135784
219,230077,0.0826339
220,240004,0.08615538
221,240005,0.0450989
222,240012,0.04300388
223,240022,0.034244157
224,240023,0.018526923
225,240030,0.024366619
226,240047,0.13427508
227,240051,0.029401196
228,240062,0.009394924
229,240098,0.08993469
230,240099,0.09384993
231,240101,0.027863087
232,240106,0.08619451
233,240129,0.04855028
234,240133,0.08219866
235,240142,0.024191987
236,250004,0.08302422
237,250007,0.050105713
238,250010,0.035469003
239,250020,0.052939117
240,250028,0.10913175
241,250031,0.08675964
242,250037,0.24399097
243,250038,0.32924563
244,250052,0.1192172
245,250060,0.121395394
246,250061,0.2537898
247,250067,0.062774785
248,250075,0.19590452
249,250089,0.04016644
250,260005,0.027422685
251,260007,0.04313141
252,260009,0.05635838
253,260011,0.02658096
254,260017,0.042999934
255,260019,0.0187346
256,260025,0.095123835
257,260029,0.035455767
258,260036,0.014960965
259,260054,0.1233154
260,260098,0.08962628
261,260116,0.15655927
262,260121,0.05513683
263,260124,0.016726585
264,270009,0.054931287
265,270010,0.04723894
266,270017,0.12208614
267,270031,0.027688935
268,270033,0.02385891
269,270034,0.009565559
270,270068,0.011034547
271,270086,0.029652359
272,270097,0.13122329
273,270110,0.13955864
274,280019,0.08603731
275,280029,0.051792294
276,280035,0.100992516
277,280049,0.13639711
278,280056,0.099000886
279,280067,0.13182393
280,280070,0.07467452
281,280097,0.12133266
282,280103,0.09071175
283,280116,0.01455722
284,280118,0.062159054
285,290005,0.07189168
286,290015,0.04133817
287,290032,0.04369716
288,290061,0.031429745
289,290075,0.04114284
290,290080,0.0776833
291,290085,0.106982134
292,290097,0.024113316
293,290101,0.14750218
294,290110,0.097530484
295,290130,0.011612584
296,290133,0.10011505
297,290139,0.058165584
298,300023,0.15512784
299,300029,0.1085243
300,300038,0.12896867
301,300048,0.04848511
302,300053,0.11528339
303,300062,0.016813032
304,300097,0.085797876
305,300098,0.08729631
306,300103,0.057450697
307,300113,0.022590332
308,300156,0.09534322
309,300166,0.11883214
310,300169,0.040833585
311,310032,0.012434046
312,310036,0.023611637
313,310037,0.03680374
314,310043,0.089986585
315,310062,0.03661761
316,310108,0.026020097
317,310116,0.062246934
318,320025,0.062004633
319,320028,0.046526603
320,320036,0.040630575
321,320068,0.028364435
322,320069,0.08729631
323,320087,0.046308648
324,320089,0.052878536
325,320095,0.03217664
326,320100,0.052130602
327,320103,0.04995583
328,320104,0.055435862
329,320120,0.034310736
330,330022,0.06117775
331,330031,0.025986731
332,330032,0.08738763
333,330063,0.074611135
334,330076,0.1272701
335,330096,0.30651125
336,330108,0.07801733
337,330121,0.022169339
338,330130,0.10236901
339,330145,0.045012023
340,330154,0.03563316
341,330166,0.048400138
342,340004,0.030783959
343,340010,0.06807933
344,340069,0.071294755
345,340075,0.07322526
346,340094,0.27419516
347,340117,0.0062118247
348,340122,0.007084669
349,350017,0.08312772
350,350044,0.019098712
351,350051,0.13214031
352,350072,0.05760704
353,350081,0.034692213
354,350084,0.07818311
355,350090,0.10346394
356,350093,0.08091472
357,360009,0.10712685
358,360029,0.11641164
359,360036,0.107165486
360,360065,0.09125721
361,360069,0.08825907
362,360085,0.032910515
363,360125,0.03125683
364,360195,0.13052778
365,370030,0.09503751
366,370091,0.0033463638
367,370109,0.088440694
368,370117,0.04198727
369,370118,0.12720819
370,370132,0.03966861
371,370133,0.1314316
372,370145,0.04406377
373,370154,0.21919774
374,370160,0.032857466
375,380028,0.044522725
376,380031,0.010905233
377,380035,0.14883605
378,380036,0.05178033
379,380053,0.2942837
380,380056,0.13091904
381,380069,0.009868559
382,380070,0.093817
383,380071,0.21967062
384,380083,0.116657555
385,380122,0.068263695
386,380128,0.031457346
387,380137,0.026776133
388,380141,0.03465532
389,390058,0.1355613
390,390060,0.03899707
391,390085,0.15227678
392,390096,0.03972423
393,390098,0.047522604
394,390108,0.046320885
395,390109,0.017487587
396,390123,0.034818497
397,390126,0.027444907
398,390129,0.07074013
399,390150,0.1279974
400,400011,0.06614653
401,400024,0.03333068
402,400060,0.071706556
403,400081,0.024465121
404,400096,0.02361451
405,400112,0.039460972
406,400118,0.055036437
407,400126,0.09244181
408,400136,0.099941924
409,400143,0.013992918
410,400173,0.045740157
411,410008,0.014820282
412,410041,0.15871713
413,410046,0.013971638
414,410060,0.014808702
415,410061,0.083198436
416,410079,0.117718525
417,410117,0.13477576
418,410123,0.061354693
419,410125,0.040566944
420,410150,0.064995326
421,420006,0.084079385
422,420025,0.012166943
423,420026,0.047578894
424,420056,0.07293483
425,420062,0.01017493
426,420120,0.029880457
427,420136,0.13074484
428,420146,0.10320411
429,420154,0.02682542
430,420155,0.02045653
431,420172,0.20158441
432,430004,0.015953125
433,430014,0.0337711
434,430039,0.03074477
435,430044,0.17703897
436,430057,0.115720235
437,430067,0.24683452
438,430087,0.011321512
439,430088,0.27185705
440,430093,0.099497765
441,430115,0.047780097
442,430139,0.01619319
443,430145,0.070949
444,430150,0.10526518
445,430152,0.048770107
446,430161,0.02681335
447,430165,0.044901982
448,430180,0.1133709
449,440019,0.108183555
450,440021,0.05178033
451,440028,0.085788116
452,440046,0.04041384
453,440048,0.0823423
454,440060,0.11707775
455,440087,0.041043486
456,440091,0.051850744
457,440104,0.026478764
458,440121,0.11921248
459,440131,0.09910274
460,440160,0.063313924
461,450012,0.13780798
462,450017,0.09125721
463,450039,0.07943042
464,450048,0.05330781
465,450056,0.059769377
466,450070,0.029262953
467,450071,0.045631967
468,450109,0.06744525
469,450119,0.013692498
470,450133,0.039769493
471,450137,0.012289373
472,450143,0.09396668
473,450177,0.11774634
474,460036,0.12837923
475,460058,0.10957785
476,460062,0.09955567
477,460067,0.1371314
478,460130,0.32045963
479,460146,0.2906855
480,460148,0.014851059
481,460159,0.05001023
482,460172,0.034955002
483,470020,0.044680644
484,470043,0.05956072
485,470086,0.07264604
486,470117,0.04433736
487,470150,0.041097373
488,470162,0.096595965
489,470226,0.01173992
490,470230,0.02844452
491,470232,0.076121345
492,470248,0.21132967
493,480003,0.01305455
494,480006,0.041095324
495,480043,0.13598387
496,480048,0.024482975
497,480053,0.23577318
498,480091,0.059191834
499,480098,0.05751514
500,480121,0.018478002
501,480153,0.016453438
502,480165,0.14461586
503,480172,0.10985193
504,480175,0.28758976
505,490007,0.054010727
506,490010,0.00983395
507,490042,0.09289321
508,490061,0.03480214
509,490099,0.13210353
510,490145,0.053207707
511,490147,0.07382683
512,490149,0.030507185
513,490153,0.055940475
514,490182,0.114608355
515,490183,0.051113673
516,490200,0.0522678
517,500038,0.1061298
518,500058,0.12725122
519,500069,0.012455805
520,500072,0.089561686
521,500075,0.03493128
522,510013,0.05524393
523,510025,0.034441575
524,510031,0.015666656
525,510035,0.04015958
526,510054,0.06514684
527,510096,0.08069846
528,510124,0.11615728
529,510136,0.026719337
530,510137,0.0466744
531,510142,0.13012165
532,510149,0.038056035
533,510151,0.017365288
534,510154,0.017278237
535,510164,0.04305846
536,520012,0.04973723
537,520031,0.13816571
538,520055,0.05996767
539,520058,0.03705098
540,520090,0.14955671
541,520164,0.042049084
542,520176,0.0380251
543,520195,0.1416139
544,520197,0.013999762
545,530011,0.047494758
546,530030,0.09001842
547,530034,0.023409989
548,530069,0.05596874
549,530074,0.032246277
550,530088,0.08738763
551,530105,0.034779683
552,530108,0.045678373
553,530127,0.09137486
554,530141,0.082150035
555,530142,0.25605717
556,530150,0.15171976
557,540005,0.039916597
558,540007,0.05130273
559,540011,0.08969219
560,540015,0.09725718
561,540048,0.03540945
562,540049,0.13258849
563,540054,0.04477198
564,540085,0.13648054
565,540101,0.11884817
566,540111,0.17710038
567,550003,0.10767271
568,550032,0.08760793
569,550035,0.03106001
570,550037,0.013939094
571,550047,0.07973634
572,550064,0.11607212
573,550078,0.067700446
574,550098,0.045236416
575,550108,0.04580048
576,550143,0.06308219
577,550158,0.121766016
578,550160,0.15566556
579,560019,0.052581456
580,560020,0.12780802
581,560044,0.0092634745
582,560066,0.13078198
583,560073,0.03291048
584,560075,0.17086953
585,560100,0.11131777
586,560108,0.042008806
587,560126,0.038692143
588,560128,0.12198292
589,560133,0.096446596
590,560134,0.052255746
591,560189,0.04572429
592,560191,0.039195646
593,570003,0.052929536
594,570032,0.13404104
595,570035,0.02949803
596,570093,0.1213711
597,570102,0.027195716
598,570109,0.04305658
599,570116,0.050896026
600,570121,0.056322075
601,570132,0.031788554
602,570147,0.13048297
603,580009,0.1207449
604,580013,0.015165529
605,580039,0.098276146
606,580044,0.049889937
607,580058,0.090777494
608,580066,0.026763568
609,580090,0.0028481649
610,580092,0.12852435
611,580104,0.016186021
612,580130,0.038017787
613,580148,0.32605368
614,580152,0.018947044
615,580158,0.05593184
616,590013,0.14560175
617,590016,0.09125721
618,590025,0.05607997
619,590028,0.046693113
620,590046,0.05379228
621,590052,0.0909944
622,590068,0.10963682
623,590079,0.044306617
624,590084,0.16829087
625,590090,0.13464436
626,590101,0.05739708
627,590108,0.14954305
628,590115,0.038713112
629,600036,0.010334315
630,600042,0.02001036
631,600063,0.038653277
632,600079,0.20406492
633,600085,0.026361203
634,600118,0.012882968
635,600145,0.10906247
636,600147,0.36515883
637,600152,0.09721683
638,600169,0.12385722
639,600189,0.010110057
640,600192,0.08123884
641,610025,0.016464924
642,610050,0.023271978
643,610067,0.057870638
644,610099,0.0790311
645,610113,0.06277417
646,610142,0.043459643
647,610147,0.115837514
648,610152,0.011065442
649,610155,0.044180434
650,620019,0.14820614
651,620020,0.111949846
652,620021,0.094163276
653,620023,0.12280596
654,620052,0.075524926
655,620059,0.015281679
656,620068,0.04182127
657,620085,0.047342263
658,620097,0.009920956
659,620115,0.08493713
660,620118,0.09367179
661,620134,0.16413867
662,620140,0.13544863
663,630004,0.03274889
664,630074,0.15846239
665,630097,0.09116225
666,630170,0.1480752
667,630184,0.10957787
668,630197,0.04007594
669,630221,0.11555892
670,640021,0.01190492
671,640025,0.039250452
672,640033,0.006304054
673,640061,0.03492581
674,640083,0.05073311
675,640101,0.061069414
676,640151,0.061683018
677,640162,0.013028293
678,640172,0.13945936
679,640202,0.04145576
680,650016,0.026290195
681,650020,0.043947242
682,650048,0.027484007
683,650049,0.032437768
684,650051,0.13828406
685,650063,0.0151773915
686,650065,0.0796777
687,650068,0.074611135
688,650072,0.008747166
689,650088,0.012491423
690,650133,0.009532453
691,650143,0.065395854
692,660018,0.05897138
693,660021,0.08878244
694,660030,0.09564892
695,660031,0.13640343
696,660088,0.039014686
697,660089,0.077702805
698,660092,0.009416347
699,660128,0.060192652
700,660145,0.012774628
701,670012,0.008497182
702,670024,0.12941033
703,670041,0.04627683
704,670045,0.10679648
705,670053,0.026312517
706,670057,0.08888935
707,670065,0.104589045
708,670107,0.1274619
709,670120,0.09722092
710,670123,0.014626119
711,670150,0.1691929
712,670159,0.015746722
713,670177,0.010062129
714,670192,0.04675706
715,670194,0.09403908
716,670198,0.047704574
717,680010,0.009402214
718,680013,0.12676257
719,680019,0.05498747
720,680052,0.10193033
721,680071,0.03604662
722,680077,0.09564892
723,680093,0.04600761
724,680106,0.010452546
725,680121,0.055304386
726,680178,0.09548079
727,690020,0.021247175
728,690027,0.009307132
729,690029,0.027643463
730,690036,0.15904392
731,690050,0.023927867
732,690058,0.25700298
733,690081,0.157184
734,690091,0.06810435
735,690148,0.19653305
736,700004,0.04012096
737,700037,0.013545408
738,700044,0.07139195
739,700059,0.053097393
740,700099,0.07104918
741,700102,0.04292119
742,700110,0.06477716
743,700116,0.047704574
744,700118,0.010699818
745,700120,0.07959373
746,700136,0.03780993
747,710007,0.03039915
748,710008,0.044377886
749,710041,0.025862422
750,710048,0.11727553
751,710070,0.17878497
752,710073,0.011106421
753,710113,0.22553359
754,710137,0.1137202
755,710146,0.043258037
756,710156,0.031293157
757,710160,0.050715752
758,710162,0.01301361
759,710187,0.12272188
760,710189,0.09579568
761,710198,0.10545604
762,710201,0.05554436
763,720027,0.05761682
764,720029,0.038450923
765,720035,0.05876025
766,720050,0.08729631
767,720071,0.016223954
768,720076,0.1500385
769,720079,0.03881387
770,720082,0.03955873
771,720084,0.08747678
772,720108,0.042585175
773,720114,0.013873691
774,720130,0.29386675
775,720139,0.08729631
776,720157,0.13174577
777,720174,0.049334135
778,720181,0.01635561
779,720183,0.029064007
780,720188,0.06466201
781,720189,0.09964205
782,720208,0.08294383
783,720240,0.045764204
784,720270,0.089382134
785,720277,0.060063083
786,730013,0.017394865
787,730020,0.03490811
788,730073,0.10476115
789,730080,0.08946847
790,730100,0.08223759
791,730107,0.13336425
792,730112,0.0987565
793,730134,0.21793781
794,730148,0.014238193
795,730176,0.102221884
796,830009,0.022680026
797,830024,0.031707365
798,830032,0.019977545
799,830035,0.08809605
800,830046,0.06620123
801,830049,0.11089312
802,830059,0.1182219
803,830091,0.07720647
804,830096,0.06217554
805,830168,0.09137486
806,830175,0.025536453
807,830180,0.06400321
808,830186,0.124532975
809,840009,0.051518843
810,840011,0.13135406
811,840062,0.041632198
812,840075,0.0993076
813,840124,0.021022456
814,840165,0.056673583
815,840182,0.038220234
816,840183,0.031860296
817,850004,0.021824127
818,850011,0.0054907403
819,850049,0.13209182
820,850056,0.06129312
821,850058,0.4802369
822,850070,0.050307218
823,850088,0.052417003
824,850089,0.023722876
825,850090,0.049507048
826,850098,0.0354486
827,850119,0.08256413
828,850121,0.11242427
829,850141,0.05559629
830,850149,0.21141796
831,850153,0.01654343
832,850164,0.01331611
833,850189,0.034689896
834,850191,0.010698824
835,860013,0.015000418
836,860025,0.012132845
837,860075,0.054358505
838,860095,0.010944402
839,860136,0.13528204
840,860146,0.11133531
841,860175,0.02931914
842,860197,0.05102639
843,860215,0.030083617
844,860225,0.23445065
845,870009,0.07403998
846,870031,0.057305105
847,870055,0.25422925
848,870065,0.14598195
849,870075,0.032291505
850,870103,0.012104412
851,870105,0.047027037
852,870108,0.011951144
853,870109,0.11073028
854,870110,0.073378615
855,870112,0.14061412
856,870133,0.07439234
857,870136,0.037204746
858,870139,0.011387388
859,870142,0.008497182
860,870148,0.0068006134
861,870175,0.036259726
862,870212,0.00966425
863,870218,0.1968896
864,870222,0.057561867
865,870243,0.0995704
866,870257,0.07894776
867,870290,0.024877498
868,870301,0.012846079
869,870312,0.04106544
870,870316,0.066317834
871,870325,0.11514937
872,880017,0.061919644
873,880055,0.10461528
874,880070,0.024909424
875,880078,0.056081787
876,880079,0.2174783
877,880088,0.13497435
878,880095,0.038488295
879,880115,0.07439234
880,880118,0.036555335
881,880135,0.10476115
882,880144,0.13011315
883,890011,0.028187536
884,890030,0.12676257
885,890038,0.095261276
886,890039,0.0360846
887,890081,0.036867704
888,890106,0.045190092
889,890116,0.047543265
890,890118,0.03650823
891,890137,0.120540716
892,890157,0.032174695
893,890159,0.07580116
894,900026,0.04659112
895,900039,0.012848105
896,900046,0.11298207
897,900049,0.057166234
898,900086,0.011527133
899,900092,0.116057314
900,900108,0.026247866
901,900130,0.08247739
902,900133,0.011848725
903,900160,0.006807173
904,920023,0.06338569
905,920039,0.12235766
906,920052,0.049986333
907,920055,0.045433145
908,920060,0.138931
909,920083,0.113395534
910,920102,0.1436505
911,920116,0.1362148
912,920134,0.0074787224
913,920156,0.09337674
914,920166,0.1115413
915,940027,0.03942193
916,940059,0.05422737
917,940105,0.054720413
918,940119,0.13135332
919,940120,0.13777304
920,940135,0.05411455
921,940151,0.09325991
922,940166,0.057368003
923,940167,0.0508299
924,950019,0.080851264
925,950040,0.10307516
926,950046,0.090938374
927,950071,0.068975255
928,950074,0.05367391
929,950096,0.09540721
930,950114,0.045825712
931,950139,0.029302735
932,950160,0.11056064
933,950161,0.113686934
934,960013,0.046999652
935,960033,0.033905365
936,960059,0.009841967
937,960076,0.024798563
938,960078,0.026948605
939,960087,0.14903891
940,960088,0.060091995
941,960110,0.028952336
942,960113,0.08896363
943,960135,0.013645579
944,970013,0.035088032
945,970017,0.007300047
946,970018,0.03604662
947,970032,0.07610644
948,970035,0.04637614
949,970060,0.04962587
950,970089,0.053581577
951,970097,0.034663703
952,970110,0.02928655
953,970127,0.118168265
954,970136,0.080910675
955,970175,0.120998874
956,980014,0.027334943
957,980016,0.044001274
958,980057,0.056719854
959,980082,0.050957534
960,980092,0.037659235
961,980106,0.043851983
962,980115,0.012337576
963,980125,0.11237141
964,980150,0.047672674
965,980157,0.014220313
966,980163,0.054590452
967,990004,0.03107375
968,990021,0.07067168
969,990052,0.07516286
970,990061,0.053561196
971,990064,0.059527997
972,990074,0.010965968
973,990138,0.05079822
974,990173,0.009300997
975,990190,0.07853113
976,990191,0.064491175
977,990200,0.013202287
978,990201,0.017230233
979,1000009,0.06757401
980,1000015,0.0359988
981,1000023,0.009750505
982,1000035,0.15615168
983,1000044,0.07869056
984,1000063,0.0055982512
985,1010003,0.03428505
986,1010007,0.011888655
987,1010036,0.051117707
988,1010039,0.053417385
989,1010040,0.016183052
990,1010055,0.100308314
991,1010075,0.09589361
992,1010092,0.0072372262
993,1010098,0.00919177
994,1010107,0.070356525
995,1010118,0.023903543
996,1010125,0.21784166
997,1010131,0.07620727
998,1010132,0.031322535
999,1010163,0.026810637
1000,1010165,0.10468862
1001,1010171,0.03364666
1002,1010172,0.04111521
1003,1020000,0.22528175
1004,1020004,0.15715347
1005,1020010,0.07041607
1006,1020012,0.09688574
1007,1020020,0.059346247
1008,1020024,0.12141859
1009,1020028,0.076153256
1010,1020112,0.08393188
1011,1020142,0.03743946
1012,1020145,0.12178818
1013,1030010,0.0376526
1014,1030012,0.0048755496
1015,1030020,0.08197422
1016,1030040,0.010713591
1017,1030072,0.03057779
1018,1030093,0.045561437
1019,1030103,0.1383179
1020,1030109,0.17868686
1021,1030144,0.08675153
1022,1030155,0.051637456
1023,1030165,0.0986328
1024,1030175,0.10525761
1025,1030176,0.03269292
1026,1030186,0.017933933
1027,1040014,0.008054311
1028,1040081,0.06427326
1029,1040102,0.1296475
1030,1040120,0.052782945
1031,1040150,0.09167825
1032,1050004,0.037105102
1033,1050006,0.04444186
1034,1050010,0.13225524
1035,1050017,0.06582098
1036,1050034,0.01190492
1037,1050035,0.006715911
1038,1050040,0.39950502
1039,1050048,0.11641164
1040,1050061,0.14246656
1041,1050093,0.055369407
1042,1050195,0.16217937
1043,1060031,0.13099487
1044,1060046,0.053383928
1045,1060047,0.07245619
1046,1060061,0.07294479
1047,1060074,0.09771681
1048,1060075,0.10579741
1049,1060077,0.1293071
1050,1060078,0.08428558
1051,1060102,0.009595004
1052,1060105,0.0234506
1053,1060115,0.12103231
1054,1060122,0.20884998
1055,1060124,0.0548807
1056,1060141,0.15194064
1057,1060147,0.21627365
1058,1060154,0.011065442
1059,1060178,0.12294808
1060,1060192,0.029684262
1061,1060196,0.06900592
1062,1060205,0.044324636
1063,1070014,0.012882968
1064,1070029,0.053030815
1065,1070037,0.11912114
1066,1070060,0.0034811175
1067,1070068,0.063929014
1068,1070090,0.10647385
1069,1070093,0.04944759
1070,1070099,0.12957348
1071,1070110,0.22040638
1072,1070138,0.2309178
1073,1070145,0.08394748
1074,1080026,0.024053795
1075,1080040,0.11578771
1076,1080064,0.051834755
1077,1080085,0.14253142
1078,1080104,0.11810254
1079,1080115,0.19009252
1080,1080128,0.12385604
1081,1080134,0.028311584
1082,1080138,0.125848
1083,1090026,0.035721224
1084,1090049,0.078619495
1085,1090059,0.039772656
1086,1090063,0.051033378
1087,1090086,0.10953383
1088,1090099,0.0092634745
1089,1090132,0.009290448
1090,1090133,0.009275394
1091,1090165,0.2982122
1092,1100021,0.050214827
1093,1100024,0.0099801775
1094,1100044,0.0058963266
1095,1100058,0.10568324
1096,1100081,0.025415156
1097,1100114,0.041741025
1098,1100118,0.104273215
1099,1100137,0.050307218
1100,1100146,0.034749337
1101,1100147,0.07340398
1102,1100148,0.020614186
1103,1100164,0.047599964
1104,1100169,0.1029253
1105,1100173,0.08487017
1106,1110004,0.013665592
1107,1110035,0.25234383
1108,1110057,0.088936746
1109,1110094,0.031875692
1110,1110121,0.1415104
1111,1110141,0.08824432
1112,1110163,0.021978265
1113,1110170,0.039846063
1114,1120007,0.081297554
1115,1120013,0.024897987
1116,1120038,0.07410004
1117,1120061,0.051876817
1118,1120072,0.08247739
1119,1120133,0.030236118
1120,1120134,0.07744632
1121,1120155,0.10027882
1122,1120157,0.0790311
1123,1120164,0.016578361
1124,1130020,0.04021643
1125,1130048,0.06245027
1126,1130075,0.058258623
1127,1130077,0.18088154
1128,1130081,0.054262847
1129,1130098,0.026101066
1130,1130109,0.11925491
1131,1130126,0.022655908
1132,1130131,0.08387089
1133,1130143,0.069070525
1134,1130150,0.09967106
1135,1130161,0.06896147
1136,1130164,0.10309213
1137,1140087,0.11771904
1138,1140089,0.03250934
1139,1140105,0.08794249
1140,1140106,0.02361451
1141,1140113,0.09492313
1142,1140159,0.030305617
1143,1140172,0.026908858
1144,1140191,0.048881814
1145,1150005,0.11170774
1146,1150020,0.12059466
1147,1150030,0.20847416
1148,1150057,0.1598211
1149,1150059,0.09058267
1150,1150060,0.050433703
1151,1150061,0.1226956
1152,1150065,0.02238291
1153,1150072,0.030775676
1154,1150080,0.10396509
1155,1150139,0.16396187
1156,1150168,0.025641605
1157,1160009,0.05607997
1158,1160023,0.12942788
1159,1160048,0.102153175
1160,1160058,0.04134105
1161,1160070,0.15472645
1162,1160081,0.018615589
1163,1160088,0.058449175
1164,1160104,0.10963682
1165,1160116,0.05613779
1166,1160123,0.012687509
1167,1160129,0.032413248
1168,1160142,0.03104734
1169,1160195,0.031176487
1170,1170019,0.030816665
1171,1170065,0.06811204
1172,1170077,0.0366165
1173,1170087,0.024848815
1174,1170097,0.08419305
1175,1170102,0.031883575
1176,1170138,0.110538065
1177,1170151,0.0147121055
1178,1170153,0.015148431
1179,1170161,0.01634074
1180,1170173,0.04971077
1181,1170181,0.13929942
1182,1170183,0.12816629
1183,1180013,0.28476077
1184,1180019,0.010932011
1185,1180039,0.13634133
1186,1180072,0.08954156
1187,1180078,0.03948009
1188,1180090,0.062108777
1189,1180101,0.056558046
1190,1180106,0.1338683
1191,1180124,0.14656165
1192,1180126,0.061179
1193,1180179,0.051745027
1194,1190003,0.040225387
1195,1190030,0.02361328
1196,1190039,0.37633467
1197,1190068,0.011129614
1198,1190080,0.023543607
1199,1190089,0.114513405
1200,1190107,0.056081787
1201,1190124,0.13245787
1202,1190133,0.042877022
1203,1190135,0.012491423
1204,1190141,0.0069491896
1205,1200074,0.08898436
1206,1200107,0.10763911
1207,1200112,0.08383992
1208,1210027,0.03343299
1209,1210031,0.046939764
1210,1210040,0.050261144
1211,1210043,0.1376281
1212,1210072,0.11252713
1213,1210093,0.10645874
1214,1210099,0.028252691
1215,1210119,0.055132862
1216,1210154,0.08329551
1217,1210162,0.12631361
1218,1210165,0.19493158
1219,1220004,0.029159494
1220,1220022,0.008917834
1221,1220026,0.081951834
1222,1220073,0.08700396
1223,1220074,0.1351512
1224,1220088,0.09225912
1225,1220092,0.067700446
1226,1220101,0.06354642
1227,1220117,0.011374035
1228,1220119,0.081312634
1229,1220125,0.037521113
1230,1230067,0.1130947
1231,1230126,0.093027666
1232,1230149,0.10524601
1233,1230152,0.008272059
1234,1230155,0.12445007
1235,1230159,0.12325403
1236,1240004,0.10367813
1237,1240011,0.036186904
1238,1240018,0.059704755
1239,1240023,0.11578259
1240,1240033,0.041782252
1241,1240047,0.09549622
1242,1240048,0.17674533
1243,1240056,0.019386377
1244,1240067,0.054457285
1245,1240098,0.017015725
1246,1240122,0.13032329
1247,1240135,0.22304736
1248,1240145,0.114823334
1249,1240155,0.027442435
1250,1250006,0.03216536
1251,1250044,0.012798325
1252,1250067,0.19984496
1253,1250068,0.12744938
1254,1250082,0.07440426
1255,1250097,0.031357024
1256,1250100,0.06386942
1257,1250103,0.08956178
1258,1250104,0.24428904
1259,1250110,0.040067784
1260,1250117,0.01724635
1261,1250119,0.026518187
1262,1250142,0.103811376
1263,1250173,0.19242576
1264,1260003,0.08612743
1265,1260006,0.07517364
1266,1260009,0.009525693
1267,1260017,0.13810864
1268,1260023,0.038330514
1269,1260032,0.3266743
1270,1260083,0.045984384
1271,1260090,0.11799426
1272,1260106,0.010808615
1273,1260137,0.0105792945
1274,1260142,0.08039051
1275,1270040,0.062554166
1276,1270056,0.03754379
1277,1270061,0.057392154
1278,1270066,0.028187536
1279,1270089,0.05097201
1280,1270100,0.06277313
1281,1270104,0.028954977
1282,1270105,0.018708238
1283,1270108,0.06994871
1284,1270123,0.026743231
1285,1270127,0.056532264
1286,1280015,0.036124468
1287,1280028,0.1354022
1288,1280037,0.04647936
1289,1280046,0.0040506218
1290,1280055,0.039250452
1291,1280080,0.037614822
1292,1280084,0.03631885
1293,1280103,0.08229013
1294,1280129,0.12339504
1295,1280136,0.09311908
1296,1280148,0.009999461
1297,1280164,0.02946287
1298,1280173,0.13830675
1299,1290009,0.2564399
1300,1290031,0.13189091
1301,1290034,0.13225469
1302,1290047,0.13627414
1303,1290049,0.07122816
1304,1290062,0.03582585
1305,1290076,0.072726324
1306,1290079,0.1348839
1307,1290084,0.050820503
1308,1290089,0.050539676
1309,1290116,0.065833546
1310,1290121,0.039945204
1311,1290140,0.14464854
1312,1290144,0.016608818
1313,1290148,0.0088169705
1314,1290166,0.15999089
1315,1290168,0.14023463
1316,1300036,0.13355556
1317,1300046,0.03601491
1318,1300047,0.007227278
1319,1300048,0.107330866
1320,1300051,0.07790663
1321,1300058,0.03840073
1322,1300062,0.056302957
1323,1300074,0.051033378
1324,1300096,0.08435874
1325,1310019,0.21541375
1326,1310037,0.011321512
1327,1310039,0.015874984
1328,1310066,0.048298664
1329,1310079,0.008412237
1330,1310095,0.03664949
1331,1310098,0.029629359
1332,1310114,0.022653373
1333,1310116,0.027793994
1334,1310125,0.16300158
1335,1310140,0.14346114
1336,1320006,0.12064797
1337,1320038,0.041598972
1338,1320048,0.040887415
1339,1320053,0.02502381
1340,1320084,0.044122368
1341,1320105,0.011065442
1342,1320109,0.031228233
1343,1320121,0.16095126
1344,1330010,0.00521409
1345,1330017,0.010423192
1346,1330022,0.11780877
1347,1330026,0.056620084
1348,1330042,0.12351412
1349,1330049,0.022874113
1350,1330050,0.15469058
1351,1330070,0.029099721
1352,1330073,0.10960971
1353,1330091,0.11563586
1354,1330094,0.08223759
1355,1330101,0.035301987
1356,1330124,0.11482981
1357,1330129,0.04221641
1358,1330144,0.09090489
1359,1330152,0.1253515
1360,1330155,0.036962587
1361,1330164,0.1494153
1362,1340008,0.0390023
1363,1340024,0.02495107
1364,1340033,0.0970952
1365,1340041,0.059653204
1366,1340042,0.11932249
1367,1340064,0.038908426
1368,1340065,0.11171676
1369,1340081,0.06475856
1370,1340095,0.07939265
1371,1340100,0.075869225
1372,1340102,0.063372046
1373,1340125,0.039881617
1374,1340128,0.23328127
1375,1340132,0.23008095
1376,1340138,0.106035605
1377,1340146,0.08110647
1378,1340150,0.11306526
1379,1350003,0.09116225
1380,1350016,0.057845034
1381,1350093,0.039719168
1382,1360003,0.049547557
1383,1360009,0.07067168
1384,1360015,0.14363132
1385,1360033,0.05456023
1386,1360042,0.048763137
1387,1360054,0.1012708
1388,1360063,0.15664056
1389,1360070,0.007888752
1390,1360084,0.11563586
1391,1360129,0.033565365
1392,1360167,0.12785509
1393,1370007,0.032246623
1394,1370019,0.011554201
1395,1370027,0.06703745
1396,1370043,0.12195881
1397,1370054,0.25237244
1398,1370055,0.2081367
1399,1370068,0.051226962
1400,1370102,0.04481625
1401,1370108,0.2541117
1402,1370119,0.010423192
1403,1370125,0.03187717
1404,1370143,0.024315342
1405,1370152,0.0037891692
1406,1370170,0.082543
1407,1370184,0.025118012
1408,1380014,0.032007214
1409,1380027,0.034711722
1410,1380065,0.044764068
1411,1380137,0.036047433
1412,1380147,0.097871564
1413,1380149,0.10135743
1414,1380165,0.010583084
1415,1380198,0.026424084
1416,1380217,0.048598465
1417,1390012,0.03494672
1418,1390017,0.03658327
1419,1390035,0.044571485
1420,1390072,0.10634447
1421,1390078,0.13942826
1422,1390093,0.009939595
1423,1390098,0.047042068
1424,1390107,0.09173322
1425,1390169,0.06288974
1426,1400030,0.053043544
1427,1400048,0.041102353
1428,1400052,0.10366692
1429,1400073,0.109946944
1430,1400087,0.102459766
1431,1400101,0.039672118
1432,1400127,0.24196732
1433,1410024,0.046446826
1434,1410090,0.13925849
1435,1410098,0.04284683
1436,1410104,0.04681249
1437,1410127,0.05182803
1438,1420018,0.042899217
1439,1420089,0.21711384
1440,1420101,0.350967
1441,1420142,0.076978534
1442,1420161,0.08399214
1443,1420192,0.16735956
1444,1430017,0.1370937
1445,1430019,0.037105102
1446,1430021,0.060787585
1447,1430029,0.012072031
1448,1430034,0.042096127
1449,1430050,0.15017329
1450,1430065,0.052565735
1451,1430067,0.03455209
1452,1430077,0.029346216
1453,1430083,0.07935534
1454,1430097,0.120935574
1455,1430098,0.0053519453
1456,1430114,0.04622432
1457,1430122,0.05413359
1458,1430134,0.07879954
1459,1430172,0.05000201
1460,1430186,0.02047049
1461,1440015,0.14073966
1462,1440017,0.12673824
1463,1440029,0.11281964
1464,1440043,0.085738614
1465,1440068,0.106568135
1466,1440069,0.075597756
1467,1440081,0.27623245
1468,1440085,0.022705432
1469,1440124,0.0127693545
1470,1440131,0.05927145
1471,1450020,0.034899328
1472,1450023,0.032665562
1473,1450031,0.008945836
1474,1450072,0.1119543
1475,1450076,0.077372536
1476,1450106,0.1585251
1477,1450138,0.10823311
1478,1460067,0.09946773
1479,1460102,0.02093258
1480,1460107,0.045181576
1481,1460135,0.102364525
1482,1460142,0.094830975
1483,1460155,0.13885304
1484,1460169,0.09902703
1485,1460174,0.029583639
1486,1470020,0.0136307245
1487,1470022,0.10982419
1488,1470053,0.014893254
1489,1470068,0.015758233
1490,1470098,0.045916185
1491,1470100,0.024253812
1492,1470122,0.190229
1493,1470139,0.008344135
1494,1470157,0.0303393
1495,1470168,0.026802436
1496,1470183,0.095578626
1497,1480013,0.05801601
1498,1480027,0.1080647
1499,1480038,0.05095313
1500,1480040,0.050837986
1501,1480045,0.03659097
1502,1480047,0.029349761
1503,1480064,0.019084407
1504,1480086,0.073887214
1505,1480105,0.052115418
1506,1480107,0.029144948
1507,1480115,0.03402167
1508,1480139,0.06771516
1509,1480146,0.09703761
1510,1480155,0.09416617
1511,1490009,0.04518571
1512,1490042,0.076414816
1513,1490062,0.14662173
1514,1490081,0.07310554
1515,1490084,0.08891593
1516,1490092,0.030172672
1517,1490110,0.013703404
1518,1490118,0.20405224
1519,1490127,0.11632752
1520,1490131,0.032886427
1521,1490134,0.016030848
1522,1490151,0.020724444
1523,1500021,0.034752663
1524,1500028,0.076474845
1525,1500031,0.03744372
1526,1500036,0.04821218
1527,1500046,0.22359861
1528,1500047,0.020104203
1529,1500070,0.054196578
1530,1500071,0.056707047
1531,1500084,0.029708587
1532,1500096,0.06605032
1533,1500117,0.027371487
1534,1500119,0.09971007
1535,1500127,0.037915077
1536,1500143,0.12499292
1537,1510018,0.09564892
1538,1510024,0.14977068
1539,1510032,0.03337419
1540,1510041,0.14296675
1541,1510052,0.0077900584
1542,1510055,0.12782104
1543,1510065,0.14838532
1544,1510146,0.1575341
1545,1510168,0.1018371
1546,1520003,0.013522782
1547,1520005,0.045932043
1548,1520016,0.10734133
1549,1520023,0.27069587
1550,1520037,0.07904256
1551,1520043,0.026714291
1552,1520061,0.041879915
1553,1520083,0.043393403
1554,1520089,0.07765707
1555,1520112,0.11078873
1556,1520120,0.023174245
1557,1520130,0.07964342
1558,1520146,0.13581158
1559,1530007,0.21330205
1560,1530021,0.017340155
1561,1530027,0.10124261
1562,1530040,0.03679742
1563,1530062,0.01590284
1564,1530081,0.03090089
1565,1530087,0.07778491
1566,1530105,0.009206581
1567,1530118,0.032008983
1568,1530123,0.027274547
1569,1540040,0.0053322506
1570,1540058,0.34386876
1571,1540070,0.08925443
1572,1540081,0.04237553
1573,1540092,0.08610717
1574,1550004,0.04304278
1575,1550012,0.020117553
1576,1550018,0.045411102
1577,1550027,0.03318344
1578,1550030,0.037389092
1579,1550040,0.071095526
1580,1550067,0.044333547
1581,1550080,0.09136957
1582,1550083,0.25799197
1583,1550099,0.018370356
1584,1550123,0.068354465
1585,1550134,0.09311908
1586,1550148,0.1501119
1587,1550162,0.033916533
1588,1560006,0.107344076
1589,1560012,0.048114613
1590,1560024,0.013163653
1591,1560025,0.037720244
1592,1560031,0.032863613
1593,1560043,0.07177536
1594,1560052,0.060800407
1595,1560058,0.024041366
1596,1560065,0.031683393
1597,1560080,0.011334339
1598,1560107,0.06737811
1599,1560109,0.051974747
1600,1560120,0.06094028
1601,1560128,0.062378168
1602,1560137,0.07559634
1603,1560164,0.030305617
1604,1560189,0.09696962
1605,1560193,0.12353794
1606,1570004,0.036727943
1607,1570019,0.027945906
1608,1570035,0.043947242
1609,1570046,0.044509854
1610,1570063,0.07512118
1611,1570080,0.052229244
1612,1570120,0.08247739
1613,1570136,0.026323466
1614,1580051,0.14430901
1615,1580053,0.049046308
1616,1580074,0.025188126
1617,1580080,0.04444186
1618,1580085,0.1104434
1619,1580092,0.23040922
1620,1580124,0.054959517
1621,1580127,0.06891763
1622,1580167,0.04201603
1623,1580183,0.14332698
1624,1590004,0.123975754
1625,1590016,0.1133433
1626,1590065,0.04612984
1627,1590068,0.031159522
1628,1590095,0.15482853
1629,1590134,0.05670572
1630,1590136,0.05963782
1631,1590163,0.06140698
1632,1600008,0.02509726
1633,1600035,0.011407267
1634,1600039,0.030213097
1635,1600055,0.03904609
1636,1600064,0.13302071
1637,1600083,0.049874503
1638,1600099,0.108607896
1639,1600115,0.117001176
1640,1610009,0.11137094
1641,1610015,0.02467627
1642,1610018,0.06349388
1643,1610019,0.14039318
1644,1610076,0.10858061
1645,1610079,0.11610348
1646,1610081,0.101473264
1647,1610088,0.09244866
1648,1610092,0.031100381
1649,1610107,0.037331283
1650,1610160,0.10018495
1651,1610180,0.049402457
1652,1620034,0.11960409
1653,1620043,0.05052609
1654,1620055,0.09248295
1655,1620060,0.08643805
1656,1620084,0.07075862
1657,1620094,0.10161179
1658,1620100,0.18862854
1659,1620119,0.09069667
1660,1620128,0.1701223
1661,1620131,0.031944297
1662,1630030,0.034399148
1663,1630040,0.12373567
1664,1630043,0.12509787
1665,1630054,0.063292265
1666,1630084,0.041551653
1667,1630106,0.068751484
1668,1630170,0.10066924
1669,1640050,0.115173355
1670,1640054,0.020504829
1671,1640056,0.14821441
1672,1640064,0.020823466
1673,1640094,0.13175982
1674,1640106,0.04566684
1675,1640108,0.12928255
1676,1640127,0.030473322
1677,1640133,0.042132813
1678,1640143,0.13928752
1679,1640148,0.09703761
1680,1640163,0.04995583
1681,1640165,0.024238706
1682,1650004,0.012882968
1683,1650007,0.23763573
1684,1650012,0.038380448
1685,1650061,0.0303393
1686,1650062,0.076481745
1687,1650075,0.010495725
1688,1650097,0.12551805
1689,1650099,0.107021414
1690,1650106,0.010739452
1691,1650108,0.014642635
1692,1650117,0.037414044
1693,1650143,0.123646855
1694,1650159,0.1355535
1695,1650160,0.044568885
1696,1650171,0.085796736
1697,1650173,0.06072738
1698,1650182,0.047695886
1699,1650201,0.04395306
1700,1650205,0.045607068
1701,1660008,0.047670454
1702,1660009,0.038816202
1703,1660018,0.01700167
1704,1660058,0.04293511
1705,1660062,0.14283757
1706,1660069,0.034369607
1707,1660081,0.09244866
1708,1660083,0.20566125
1709,1660092,0.024584822
1710,1660094,0.08997849
1711,1660103,0.11412582
1712,1660110,0.20704804
1713,1660118,0.15993671
1714,1660130,0.08320808
1715,1660132,0.029715097
1716,1660151,0.12680767
1717,1670010,0.04248294
1718,1670014,0.030756317
1719,1670020,0.051276002
1720,1670035,0.04285068
1721,1670040,0.32587522
1722,1670041,0.24212018
1723,1670062,0.077988975
1724,1670068,0.090023845
1725,1670079,0.034651555
1726,1670122,0.13840589
1727,1670160,0.11296974
1728,1680007,0.020980272
1729,1680010,0.04064317
1730,1680039,0.012014622
1731,1680096,0.024704037
1732,1680121,0.08509792
1733,1680130,0.030634284
1734,1690006,0.21671532
1735,1690030,0.13004014
1736,1690081,0.035469003
1737,1690086,0.075510114
1738,1690090,0.3270371
1739,1690117,0.06620825
1740,1690121,0.14009307
1741,1690127,0.09864634
1742,1700021,0.02957685
1743,1700067,0.017241929
1744,1700073,0.0934641
1745,1700088,0.030086782
1746,1700103,0.13540475
1747,1700104,0.031418446
1748,1700106,0.025003918
1749,1700107,0.023203125
1750,1700110,0.13719833
1751,1700118,0.04103742
1752,1700121,0.042462446
1753,1700158,0.059582893
1754,1710015,0.009772288
1755,1710025,0.062549844
1756,1710026,0.06845058
1757,1710042,0.06771125
1758,1710044,0.061990082
1759,1710083,0.116316006
1760,1710088,0.039722335
1761,1710102,0.18581936
1762,1720013,0.074455194
1763,1720015,0.028187536
1764,1720058,0.062481016
1765,1720091,0.09838258
1766,1720096,0.09997489
1767,1720110,0.029338285
1768,1720131,0.05638299
1769,1720137,0.120540716
1770,1730005,0.022277148
1771,1730013,0.15298875
1772,1730023,0.22857481
1773,1730036,0.011554343
1774,1730052,0.016944554
1775,1730061,0.043157905
1776,1730067,0.04969779
1777,1730074,0.05083521
1778,1730132,0.017515834
1779,1730135,0.09722209
1780,1730159,0.2340955
1781,1730172,0.011867901
1782,1730181,0.14161594
1783,1730185,0.14332147
1784,1730187,0.09185413
1785,1740004,0.10043279
1786,1740008,0.13878039
1787,1740012,0.104110986
1788,1740029,0.09381961
1789,1740051,0.017152697
1790,1740056,0.08728261
1791,1740072,0.12304839
1792,1740073,0.053800188
1793,1740078,0.15189633
1794,1740084,0.07295761
1795,1740092,0.07799554
1796,1740100,0.109135695
1797,1740131,0.036587346
1798,1740148,0.090359196
1799,1740162,0.10170022
1800,1740176,0.19691786
1801,1740183,0.04096049
1802,1740196,0.032124028
1803,1750050,0.102196105
1804,1750103,0.064663656
1805,1750105,0.04205238
1806,1750111,0.020727355
1807,1750160,0.10151949
1808,1750168,0.06042905
1809,1760016,0.015746722
1810,1760064,0.033103466
1811,1760086,0.046104763
1812,1760094,0.08418489
1813,1760098,0.074611135
1814,1760106,0.015165529
1815,1760123,0.27673045
1816,1760133,0.022653373
1817,1760135,0.08167643
1818,1760138,0.02382855
1819,1760155,0.06967231
1820,1770004,0.09887929
1821,1770039,0.17624393
1822,1770051,0.042495195
1823,1770054,0.02952673
1824,1770075,0.11359954
1825,1770130,0.07165101
1826,1770143,0.09712041
1827,1770147,0.25134397
1828,1780013,0.030782469
1829,1780028,0.06784923
1830,1780033,0.11711384
1831,1780055,0.01002048
1832,1780065,0.038717307
1833,1780070,0.08623822
1834,1780088,0.11699531
1835,1780117,0.115322724
1836,1780124,0.1363348
1837,1780138,0.013401679
1838,1780141,0.016501574
1839,1780146,0.13810208
1840,1780155,0.115622126
1841,1780180,0.08091486
1842,1780185,0.02889565
1843,1780190,0.14209066
1844,1790004,0.037431814
1845,1790031,0.0037891692
1846,1790060,0.12956716
1847,1790062,0.012464729
1848,1790086,0.10101616
1849,1790089,0.016615711
1850,1790092,0.01394511
1851,1790102,0.19270846
1852,1790103,0.21130294
1853,1790124,0.025920203
1854,1790159,0.04743825
1855,1790161,0.032794714
1856,1800017,0.015148431
1857,1800019,0.023759533
1858,1800024,0.04596596
1859,1800031,0.2308457
1860,1800037,0.078017004
1861,1800041,0.043648712
1862,1800051,0.10136886
1863,1800055,0.028179824
1864,1800065,0.104463935
1865,1800075,0.024242288
1866,1800133,0.050307218
1867,1800160,0.062479816
1868,1810004,0.117747895
1869,1810026,0.03621527
1870,1810046,0.25579345
1871,1810052,0.058906738
1872,1810060,0.028472995
1873,1810069,0.23668396
1874,1810071,0.056719854
1875,1810082,0.09268293
1876,1810122,0.031381276
1877,1820020,0.021403302
1878,1820042,0.027442915
1879,1820057,0.043004636
1880,1820058,0.077364504
1881,1820072,0.046119925
1882,1820075,0.047842022
1883,1820077,0.047695886
1884,1820094,0.03090089
1885,1820096,0.08824534
1886,1830006,0.110304505
1887,1830008,0.046117168
1888,1830011,0.054307424
1889,1830046,0.0378509
1890,1830085,0.044191044
1891,1830101,0.045668688
1892,1830148,0.08424757
1893,1830164,0.018886149
1894,1840005,0.056487426
1895,1840013,0.0446866
1896,1840018,0.01509354
1897,1840047,0.041388616
1898,1840059,0.062919326
1899,1840085,0.11328635
1900,1840092,0.119185455
1901,1840095,0.023478394
1902,1840102,0.055165477
1903,1840113,0.013843036
1904,1840114,0.10579781
1905,1840139,0.037139308
1906,1840149,0.061247624
1907,1840156,0.15570886
1908,1840161,0.17103915
1909,1850004,0.009986163
1910,1850030,0.053652808
1911,1850038,0.055937175
1912,1850056,0.13971303
1913,1850066,0.11409528
1914,1850070,0.051850744
1915,1850082,0.03295589
1916,1850084,0.023773648
1917,1850086,0.065112874
1918,1850090,0.013843036
1919,1850095,0.06568157
1920,1850150,0.07305801
1921,1850168,0.099112384
1922,1850185,0.34583572
1923,1860004,0.033075035
1924,1860006,0.063162416
1925,1860022,0.12762216
1926,1860024,0.124896936
1927,1860030,0.11096471
1928,1860049,0.07699451
1929,1860052,0.073530495
1930,1860077,0.045785315
1931,1860086,0.08959271
1932,1860098,0.03233321
1933,1860108,0.066266306
1934,1860135,0.06894849
1935,1870017,0.03807338
1936,1870026,0.048733134
1937,1870052,0.044178963
1938,1870054,0.039088752
1939,1870055,0.09684253
1940,1870057,0.041807152
1941,1870063,0.029444
1942,1870076,0.041443042
1943,1870082,0.10877535
1944,1870101,0.071250774
1945,1880035,0.069288984
1946,1880038,0.013837531
1947,1880057,0.07322469
1948,1880067,0.08223123
1949,1880071,0.07839715
1950,1880085,0.11846113
1951,1880088,0.08809605
1952,1880099,0.14073966
1953,1880109,0.12257446
1954,1880115,0.04305658
1955,1880139,0.07439234
1956,1890004,0.12127329
1957,1890024,0.028218934
1958,1890030,0.043944567
1959,1890031,0.05076527
1960,1890106,0.0058917026
1961,1890113,0.02104959
1962,1890127,0.037268758
1963,1890133,0.094001204
1964,1890186,0.06947103
1965,1900006,0.008757102
1966,1900010,0.013843036
1967,1900011,0.10081439
1968,1900031,0.009461144
1969,1900042,0.023638062
1970,1900050,0.032079313
1971,1900077,0.05108906
1972,1900095,0.12851635
1973,1900101,0.065229975
1974,1900127,0.05288441
1975,1900144,0.01612522
1976,1900155,0.14525466
1977,1900157,0.024235142
1978,1900159,0.19617842
1979,1910020,0.27279928
1980,1910027,0.026547488
1981,1910033,0.046849962
1982,1910043,0.012649521
1983,1910062,0.05296382
1984,1910080,0.033168077
1985,1910089,0.029933486
1986,1910092,0.23838359
1987,1910110,0.031973265
1988,1910113,0.046969637
1989,1910128,0.111512855
1990,1910134,0.03789083
1991,1910148,0.023862202
1992,1920020,0.141434
1993,1920025,0.024563963
1994,1920038,0.029789552
1995,1920067,0.14037
1996,1920155,0.12236544
1997,1920156,0.22970946
1998,1920184,0.10620279
1999,1920192,0.065577395
2000,1930016,0.096333556
2001,1930049,0.05173901
2002,1930077,0.03174537
2003,1930106,0.022209078
2004,1930126,0.012264873
2005,1930136,0.03311407
2006,1930143,0.012962606
2007,1930159,0.11482981
2008,1930168,0.09091082
2009,1930187,0.11931147
2010,1930201,0.13646972
2011,1940015,0.08965514
2012,1940041,0.13067211
2013,1940087,0.012435597
2014,1940096,0.09712041
2015,1940100,0.14596917
2016,1940108,0.049496304
2017,1940126,0.022086645
2018,1940140,0.021738105
2019,1940145,0.0995433
2020,1940176,0.04696812
2021,1950026,0.015050205
2022,1950062,0.047036566
2023,1950072,0.018548813
2024,1950092,0.23107693
2025,1950095,0.110059105
2026,1950096,0.12896867
2027,1950101,0.095748074
2028,1950129,0.33292574
2029,1950138,0.07148815
2030,1950147,0.16608797
2031,1950160,0.04562459
2032,1950210,0.09155914
2033,1960027,0.03582585
2034,1960043,0.04828374
2035,1960060,0.04627363
2036,1960064,0.081951834
2037,1960066,0.106322855
2038,1960075,0.037659235
2039,1960076,0.09089969
2040,1960097,0.011648646
2041,1960111,0.039087996
2042,1960119,0.145232
2043,1960126,0.043797884
2044,1970016,0.123822704
2045,1970018,0.17392522
2046,1970053,0.06453018
2047,1970076,0.014126638
2048,1970088,0.037662115
2049,1970095,0.014626119
2050,1970099,0.0571723
2051,1970129,0.037793513
2052,1970137,0.078082286
2053,1970151,0.20526056
2054,1970171,0.024389591
2055,1990004,0.036815744
2056,1990027,0.03320998
2057,1990028,0.038675863
2058,1990030,0.053417385
2059,1990050,0.033379193
2060,1990054,0.04676718
2061,1990062,0.04602465
2062,1990079,0.026689563
2063,1990093,0.038011782
2064,1990104,0.014749076
2065,1990115,0.08707829
2066,1990123,0.07198092
2067,1990126,0.14644533
2068,1990146,0.04418989
2069,1990148,0.032687332
2070,1990178,0.030332357
2071,1990203,0.038975973
2072,1990217,0.04526955
2073,1990240,0.11042547
2074,1990275,0.015327845
2075,1990280,0.012556621
2076,1990306,0.042237163
2077,1990308,0.09394153
2078,1990324,0.023902794
2079,1990332,0.04204874
2080,1990363,0.041542597
2081,2000003,0.032091647
2082,2000020,0.037760463
2083,2000021,0.08245564
2084,2000023,0.046446826
2085,2000029,0.06336991
2086,2000038,0.02639504
2087,2000043,0.10626652
2088,2000049,0.010892265
2089,2000061,0.10009853
2090,2000063,0.056446426
2091,2000075,0.029284058
2092,2000082,0.050820503
2093,2000085,0.027708828
2094,2000120,0.11568459
2095,2000130,0.16085449
2096,2000142,0.10668343
2097,2010033,0.03287979
2098,2010037,0.118160576
2099,2010060,0.031113457
2100,2010067,0.03048916
2101,2010072,0.09910274
2102,2010075,0.11156174
2103,2010083,0.04863243
2104,2010124,0.028787274
2105,2030007,0.06615348
2106,2030044,0.08884397
2107,2030113,0.013405147
2108,2030147,0.1536498
2109,2030151,0.080240026
2110,2030154,0.16292861
2111,2040043,0.028222341
2112,2040046,0.032293264
2113,2040051,0.0496557
2114,2040064,0.06489921
2115,2040067,0.025935207
2116,2040068,0.09014022
2117,2040076,0.07040341
2118,2040088,0.05118727
2119,2040110,0.14821975
2120,2040112,0.03204575
2121,2040131,0.14357226
2122,2040149,0.053886816
2123,2040151,0.16638847
2124,2040162,0.35024086
2125,2040169,0.115720235
2126,2040179,0.07412684
2127,2040180,0.10023963
2128,2040183,0.042031713
2129,2060031,0.015566605
2130,2060043,0.07605782
2131,2060083,0.045728173
2132,2060085,0.049157616
2133,2060110,0.024215361
2134,2060114,0.011661675
2135,2060115,0.12287858
2136,2060130,0.10351475
2137,2060146,0.0371222
2138,2070014,0.027548647
2139,2070029,0.124438465
2140,2070034,0.016105134
2141,2070050,0.02108153
2142,2070058,0.099000506
2143,2070059,0.2350133
2144,2070091,0.07767335
2145,2070108,0.014639085
2146,2070121,0.23859274
2147,2070170,0.03583342
2148,2070172,0.026610352
2149,2070195,0.09846358
2150,2080046,0.04032163
2151,2080056,0.053048685
2152,2080059,0.033871654
2153,2080073,0.012210093
2154,2080079,0.33886153
2155,2080101,0.008250284
2156,2080112,0.030305617
2157,2080180,0.019862514
2158,2080190,0.066907376
2159,2080201,0.09190971
2160,2080204,0.022531847
2161,2080206,0.02578569
2162,2080228,0.027811658
2163,2080240,0.020744953
2164,2080242,0.04389305
2165,2080243,0.020182371
2166,2080255,0.070962995
2167,2080267,0.04073397
2168,2090014,0.038960222
2169,2090017,0.037826035
2170,2090019,0.019826604
2171,2090033,0.038579896
2172,2090052,0.019600712
2173,2090107,0.16726524
2174,2090134,0.045151252
2175,2090140,0.005528051
2176,2090152,0.005528051
2177,2090198,0.1168158
2178,2100016,0.05622105
2179,2100056,0.054235812
2180,2100074,0.10280937
2181,2100079,0.0862168
2182,2100080,0.3397175
2183,2100108,0.009706675
2184,2100113,0.047748543
2185,2100120,0.061561123
2186,2100151,0.07060195
2187,2110012,0.08612743
2188,2110013,0.119483516
2189,2110026,0.12440888
2190,2110033,0.10977963
2191,2110035,0.015609154
2192,2110086,0.061051536
2193,2110177,0.042799674
2194,2110190,0.079748906
2195,2120032,0.2564399
2196,2120052,0.06764919
2197,2120059,0.108057395
2198,2120076,0.032035373
2199,2120079,0.10224654
2200,2120100,0.01190492
2201,2120104,0.050105713
2202,2120105,0.054286156
2203,2120107,0.0123922955
2204,2120122,0.030462882
2205,2120129,0.014440115
2206,2120132,0.15038237
2207,2120139,0.07597203
2208,2120149,0.011937739
2209,2120152,0.14107722
2210,2120167,0.011740899
2211,2120173,0.18883176
2212,2120183,0.092716455
2213,2120188,0.16573857
2214,2120191,0.14352284
2215,2130011,0.009991365
2216,2130030,0.011097768
2217,2130035,0.12771045
2218,2130042,0.15084286
2219,2130043,0.06713584
2220,2130066,0.031159077
2221,2130069,0.07547048
2222,2130084,0.03661761
2223,2130095,0.0266502
2224,2130101,0.102823906
2225,2130138,0.08169764
2226,2130145,0.15282091
2227,2140007,0.041005112
2228,2140011,0.046970714
2229,2140071,0.115720235
2230,2140074,0.010858123
2231,2140080,0.09458954
2232,2140085,0.10955088
2233,2140131,0.076724224
2234,2140134,0.045618787
2235,2140150,0.11610348
2236,2140161,0.13650958
2237,2140167,0.08303114
2238,2140172,0.074963875
2239,2140178,0.025718288
2240,2140181,0.18086798
2241,2150017,0.13608858
2242,2150019,0.11072493
2243,2150020,0.23360068
2244,2150023,0.13979314
2245,2150057,0.13910103
2246,2150074,0.1412721
2247,2150078,0.011909842
2248,2150079,0.046693113
2249,2150100,0.04784234
2250,2150109,0.09721541
2251,2150128,0.067210615
2252,2160027,0.03960936
2253,2160035,0.036842242
2254,2160044,0.10498029
2255,2160068,0.032710206
2256,2160093,0.18818331
2257,2160111,0.09626869
2258,2160114,0.056144956
2259,2160123,0.051945448
2260,2160125,0.0868824
2261,2160140,0.11568459
2262,2160152,0.1030203
2263,2170003,0.029433645
2264,2170023,0.11462189
2265,2170028,0.12798734
2266,2170038,0.09674333
2267,2170048,0.12249015
2268,2170057,0.09539731
2269,2170075,0.059543323
2270,2170153,0.004013239
2271,2170154,0.07439234
2272,2170155,0.1435226
2273,2170172,0.054900065
2274,2180026,0.1270169
2275,2180028,0.04603697
2276,2180067,0.09157772
2277,2180143,0.028919335
2278,2180147,0.06400296
2279,2190018,0.09116225
2280,2190037,0.011849859
2281,2190042,0.06209992
2282,2190057,0.02174274
2283,2190090,0.109398
2284,2190109,0.04083834
2285,2190136,0.12094425
2286,2190140,0.02559286
2287,2190156,0.018956978
2288,2200013,0.09452191
2289,2200017,0.034017056
2290,2200035,0.11832999
2291,2200056,0.03818877
2292,2200067,0.04675505
2293,2200080,0.1358592
2294,2200094,0.11860677
2295,2200100,0.06742063
2296,2200123,0.11930053
2297,2200127,0.011701526
2298,2200147,0.017648175
2299,2200149,0.029512528
2300,2200156,0.021586506
2301,2210013,0.13241054
2302,2210024,0.036771316
2303,2210094,0.21234229
2304,2210097,0.044176716
2305,2210103,0.2108463
2306,2210110,0.14007562
2307,2210140,0.13592835
2308,2210143,0.14131068
2309,2210146,0.09096687
2310,2210159,0.13670766
2311,2220007,0.08184779
2312,2220014,0.14183694
2313,2220025,0.030054335
2314,2220042,0.23528667
2315,2220059,0.18840927
2316,2220072,0.04055869
2317,2220077,0.09132269
2318,2220103,0.011468564
2319,2220138,0.10558278
2320,2220143,0.10142388
2321,2220165,0.04254573
2322,2230046,0.025436321
2323,2230054,0.0650271
2324,2230081,0.047956485
2325,2230099,0.03789493
2326,2230110,0.052769087
2327,2230132,0.09403908
2328,2230145,0.18991914
2329,2230147,0.11093999
2330,2230149,0.07839263
2331,2240003,0.02914922
2332,2240010,0.015319712
2333,2240038,0.045640245
2334,2240080,0.017241929
2335,2240090,0.038674694
2336,2240146,0.08220008
2337,2240160,0.10675908
2338,2250086,0.022996336
2339,2250090,0.013203145
2340,2250095,0.045530975
2341,2250106,0.08946723
2342,2250127,0.1435458
2343,2250136,0.1212106
2344,2250139,0.1530665
2345,2250145,0.11355176
2346,2250149,0.08247739
2347,2260018,0.1399298
2348,2260021,0.12423337
2349,2260024,0.13392405
2350,2260035,0.12458031
2351,2260041,0.019713059
2352,2260057,0.07195349
2353,2260058,0.19256733
2354,2260065,0.11689555
2355,2260074,0.10289611
2356,2260087,0.010193484
2357,2260088,0.045530975
2358,2260104,0.03132883
2359,2260135,0.09964661
2360,2260152,0.00812424
2361,2260184,0.048578847
2362,2260189,0.023097541
2363,2260191,0.024476591
2364,2270014,0.06226558
2365,2270016,0.074839495
2366,2270025,0.036857888
2367,2270044,0.11557366
2368,2270050,0.013645138
2369,2270070,0.04680834
2370,2270097,0.0115295565
2371,2270120,0.10540784
2372,2270123,0.08092423
2373,2270133,0.034749337
2374,2270148,0.045843117
2375,2270152,0.060728453
2376,2270171,0.037211794
2377,2270178,0.18432999
2378,2270186,0.09186495
2379,2280017,0.08313875
2380,2280021,0.014534875
2381,2280056,0.04043437
2382,2280093,0.043932095
2383,2280104,0.057166234
2384,2280144,0.034934524
2385,2280145,0.042017423
2386,2280146,0.11357911
2387,2280159,0.06517138
2388,2280165,0.121956386
2389,2280166,0.12524426
2390,2280167,0.099423364
2391,2280171,0.14205527
2392,2280173,0.06618542
2393,2280174,0.17815198
2394,2290020,0.070409894
2395,2290036,0.14992332
2396,2290037,0.1171747
2397,2290042,0.069768354
2398,2290049,0.05061408
2399,2290057,0.089382604
2400,2290110,0.015547406
2401,2290128,0.036219712
2402,2290135,0.011951539
2403,2290147,0.02916231
2404,2290163,0.01276945
2405,2290168,0.099812955
2406,2290189,0.045010727
2407,2300013,0.034711722
2408,2300029,0.083351545
2409,2300045,0.15097643
2410,2300053,0.048493396
2411,2300057,0.03942183
2412,2300063,0.19961943
2413,2300070,0.020567622
2414,2300088,0.057116743
2415,2300093,0.06096063
2416,2300106,0.04614498
2417,2300115,0.083181344
2418,2300131,0.03795191
2419,2300138,0.01855648
2420,2310028,0.032717034
2421,2310073,0.19587563
2422,2310102,0.034689896
2423,2310129,0.028264841
2424,2310148,0.00297719
2425,2310162,0.110677175
2426,2310172,0.084420875
2427,2320005,0.016030848
2428,2320029,0.044759702
2429,2320058,0.071706556
2430,2320077,0.036055516
2431,2320085,0.034197204
2432,2320109,0.03804776
2433,2320147,0.10933581
2434,2320152,0.20893352
2435,2320155,0.08232409
2436,2320156,0.09312437
2437,2320160,0.14648804
2438,2320175,0.11041215
2439,2330020,0.21602502
2440,2330030,0.017831534
2441,2330041,0.024467371
2442,2330069,0.016888585
2443,2330079,0.2031273
2444,2330089,0.10103674
2445,2330111,0.031240154
2446,2330128,0.04392859
2447,2330134,0.010972858
2448,2330139,0.041170485
2449,2330161,0.15420654
2450,2330168,0.040485956
2451,2330171,0.09361412
2452,2340015,0.013843036
2453,2340021,0.017241929
2454,2340058,0.20925511
2455,2340064,0.10772687
2456,2340090,0.056662526
2457,2340092,0.14662299
2458,2340093,0.09243521
2459,2340111,0.04527101
2460,2340124,0.08256413
2461,2350033,0.029543288
2462,2350041,0.06971193
2463,2350044,0.084996596
2464,2350061,0.007383135
2465,2350063,0.2936272
2466,2350064,0.14458078
2467,2350071,0.19785684
2468,2350074,0.011326417
2469,2350078,0.044358727
2470,2350089,0.069645256
2471,2350113,0.09268766
2472,2350127,0.08568673
2473,2350130,0.1483887
2474,2350131,0.15077464
2475,2350137,0.15066424
2476,2350139,0.24025296
2477,2350151,0.041299373
2478,2350159,0.022951307
2479,2350195,0.020342225
2480,2360020,0.026290195
2481,2360023,0.07457555
2482,2360040,0.071382165
2483,2360054,0.09335366
2484,2360056,0.045114323
2485,2360090,0.14207534
2486,2360097,0.05475459
2487,2360151,0.08378291
2488,2360162,0.12923276
2489,2360175,0.060278274
2490,2370004,0.118983105
2491,2370007,0.09259137
2492,2370018,0.04895476
2493,2370023,0.050594676
2494,2370048,0.13841514
2495,2370053,0.0497531
2496,2370075,0.05422737
2497,2370078,0.037105102
2498,2370082,0.011522321
2499,2370097,0.1401137
2500,2370099,0.03242482
2501,2370104,0.10232258
2502,2370121,0.09089163
2503,2370145,0.11797267
2504,2370160,0.09681496
2505,2370162,0.10272756
2506,2380004,0.053417385
2507,2380020,0.023818675
2508,2380027,0.011598378
2509,2380047,0.09531042
2510,2380067,0.049507048
2511,2380071,0.048641752
2512,2380084,0.03366162
2513,2380091,0.052725703
2514,2380098,0.08373207
2515,2380103,0.052749082
2516,2380109,0.027995478
2517,2380145,0.07063234
2518,2380154,0.04287885
2519,2380155,0.025513709
2520,2380159,0.10241487
2521,2390003,0.08612743
2522,2390025,0.12104531
2523,2390049,0.12986194
2524,2390051,0.013951367
2525,2390054,0.12939733
2526,2390057,0.2230537
2527,2390074,0.04209717
2528,2390088,0.04810781
2529,2390105,0.09014022
2530,2390149,0.104758255
2531,2390161,0.053799033
2532,2390188,0.04431248
2533,2390193,0.045595974
2534,2390196,0.05393805
2535,2400009,0.020842608
2536,2400029,0.11327157
2537,2400061,0.044765383
2538,2400063,0.11275862
2539,2400066,0.05949765
2540,2400067,0.056360915
2541,2400102,0.108716704
2542,2400127,0.050495777
2543,2400131,0.24405682
2544,2400133,0.15420634
2545,2400146,0.06645901
2546,2400159,0.016705142
2547,2400194,0.10509691
2548,2410021,0.14382607
2549,2410028,0.17784625
2550,2410040,0.043446835
2551,2410051,0.13886781
2552,2410072,0.0899085
2553,2410109,0.16671303
2554,2410126,0.039299857
2555,2410137,0.021935534
2556,2410146,0.1014665
2557,2410157,0.06250363
2558,2420013,0.062374886
2559,2420023,0.14049895
2560,2420025,0.05422737
2561,2420053,0.037841186
2562,2420065,0.023100441
2563,2420070,0.041855287
2564,2420082,0.11032076
2565,2420090,0.08950396
2566,2420108,0.101009615
2567,2420109,0.02087655
2568,2420115,0.09717953
2569,2430008,0.046941936
2570,2430013,0.11327157
2571,2430018,0.02400896
2572,2430021,0.042189322
2573,2430036,0.03696433
2574,2430075,0.03871156
2575,2430078,0.124518484
2576,2430115,0.015160281
2577,2430118,0.14105096
2578,2430133,0.01765814
2579,2430168,0.03699937
2580,2430183,0.09080314
2581,2430200,0.053609304
2582,2430212,0.19179438
2583,2430219,0.06813705
2584,2440006,0.11691617
2585,2440021,0.012831466
2586,2440045,0.13677336
2587,2440059,0.051596105
2588,2440060,0.21214631
2589,2440114,0.1333513
2590,2440131,0.08993469
2591,2440137,0.03685021
2592,2440147,0.083609425
2593,2450004,0.012676003
2594,2450018,0.20184183
2595,2450026,0.017615287
2596,2450035,0.015501457
2597,2450088,0.045785315
2598,2450098,0.050715007
2599,2450099,0.056468185
2600,2450123,0.04292557
2601,2450137,0.23596784
2602,2450145,0.0153080365
2603,2460010,0.103299454
2604,2460026,0.054108117
2605,2460049,0.0579855
2606,2460052,0.05752928
2607,2460143,0.06335258
2608,2470008,0.03347003
2609,2470022,0.02707023
2610,2470034,0.055656835
2611,2470043,0.055924717
2612,2470055,0.0115009
2613,2470057,0.023113823
2614,2470076,0.09856281
2615,2470081,0.07612388
2616,2470090,0.12362108
2617,2470113,0.014258874
2618,2470123,0.009896933
2619,2470145,0.08145202
2620,2470159,0.1992082
2621,2470165,0.06097615
2622,2470166,0.084637605
2623,2470169,0.033704508
2624,2470191,0.060495988
2625,2470194,0.03347394
2626,2470195,0.021466805
2627,2480006,0.12200078
2628,2480016,0.037610207
2629,2480025,0.05928233
2630,2480032,0.07980538
2631,2480093,0.04685948
2632,2480118,0.046108317
2633,2480121,0.044577464
2634,2480139,0.05112001
2635,2480144,0.04652893
2636,2480167,0.024243765
2637,2490028,0.037799783
2638,2490036,0.057604108
2639,2490040,0.17746952
2640,2490046,0.20575754
2641,2490047,0.01629834
2642,2490051,0.09089969
2643,2490073,0.08147523
2644,2490075,0.11353891
2645,2490080,0.03225603
2646,2490081,0.031854276
2647,2490094,0.09793574
2648,2490097,0.033816207
2649,2490130,0.034310736
2650,2490150,0.07389981
2651,2500022,0.0909944
2652,2500026,0.036249988
2653,2500035,0.029730266
2654,2500060,0.027234353
2655,2500065,0.011142227
2656,2500073,0.06720763
2657,2500075,0.10663637
2658,2500078,0.06615832
2659,2500118,0.025568992
2660,2510012,0.1573999
2661,2510015,0.0347714
2662,2510016,0.056140646
2663,2510026,0.024319015
2664,2510062,0.1832776
2665,2510066,0.12676257
2666,2510074,0.030326426
2667,2510090,0.0153558
2668,2510096,0.127057
2669,2510124,0.084697574
2670,2510128,0.13214834
2671,2510131,0.05718833
2672,2510140,0.016691495
2673,2520023,0.10095424
2674,2520031,0.12037182
2675,2520060,0.106261685
2676,2520091,0.07859909
2677,2520124,0.15465441
2678,2520128,0.01019101
2679,2520129,0.27136672
2680,2520138,0.060362086
2681,2520162,0.1046153
2682,2520168,0.057049025
2683,2520172,0.113126956
2684,2520173,0.06795573
2685,2530006,0.08360605
2686,2530011,0.12268346
2687,2530045,0.049890265
2688,2530071,0.16276324
2689,2530087,0.3000578
2690,2530091,0.089979075
2691,2530097,0.020585619
2692,2530103,0.030072007
2693,2530110,0.027736152
2694,2530118,0.03577062
2695,2530134,0.035555884
2696,2530146,0.009524973
2697,2540003,0.1188607
2698,2540009,0.13013525
2699,2540016,0.080215015
2700,2540034,0.11650987
2701,2540037,0.17328328
2702,2540043,0.027473437
2703,2540076,0.032719627
2704,2540079,0.012687419
2705,2540082,0.049679793
2706,2540099,0.13803339
2707,2540100,0.1233926
2708,2540114,0.11807571
2709,2540123,0.08165206
2710,2540140,0.07163034
2711,2540146,0.015461158
2712,2540148,0.035387974
2713,2550004,0.033160616
2714,2550020,0.011888655
2715,2550048,0.10984522
2716,2550153,0.06337491
2717,2560032,0.17089331
2718,2560037,0.02758997
2719,2560045,0.111400746
2720,2560072,0.09367179
2721,2560082,0.16574745
2722,2560119,0.04558079
2723,2560166,0.09175309
2724,2570004,0.026198797
2725,2570014,0.014290174
2726,2570024,0.025697734
2727,2570032,0.015148431
2728,2570050,0.03336934
2729,2570082,0.024277808
2730,2570088,0.12802383
2731,2570115,0.18262504
2732,2570139,0.09311418
2733,2580003,0.10869617
2734,2580010,0.016875036
2735,2580014,0.014806936
2736,2580020,0.013427875
2737,2580032,0.036016468
2738,2580049,0.015161549
2739,2580062,0.09549622
2740,2580087,0.08591277
2741,2580097,0.047169838
2742,2580115,0.01532449
2743,2580122,0.067534365
2744,2580125,0.10484547
2745,2580156,0.063307546
2746,2580166,0.095898345
2747,2580175,0.054529686
2748,2590014,0.054243684
2749,2590083,0.013433847
2750,2590088,0.004363335
2751,2590108,0.0299609
2752,2590117,0.01743603
2753,2590171,0.11902621
2754,2600021,0.061034754
2755,2600030,0.15380035
2756,2600041,0.13058206
2757,2600050,0.044423334
2758,2600082,0.015857717
2759,2600101,0.026343402
2760,2600108,0.08047032
2761,2600122,0.07310794
2762,2600138,0.16823483
2763,2600152,0.012576691
2764,2600162,0.10425945
2765,2610039,0.08245564
2766,2610057,0.19406457
2767,2610070,0.05607504
2768,2610116,0.009279093
2769,2610118,0.025077451
2770,2610160,0.1480752
2771,2610181,0.10370011
2772,2610198,0.09997123
2773,2620005,0.059781604
2774,2620018,0.017241929
2775,2620021,0.17205116
2776,2620044,0.06238323
2777,2620046,0.022184212
2778,2620082,0.072619945
2779,2620099,0.0190879
2780,2620109,0.0867679
2781,2620118,0.044301677
2782,2620135,0.029673798
2783,2620138,0.048525926
2784,2620146,0.05682493
2785,2630012,0.0093889125
2786,2630038,0.04363766
2787,2630042,0.05133681
2788,2630061,0.007234664
2789,2630093,0.15092842
2790,2630099,0.10905883
2791,2630115,0.012038209
2792,2630126,0.24394126
2793,2630129,0.051850744
2794,2630155,0.025442235
2795,2630178,0.03469658
2796,2630188,0.0235518
2797,2630189,0.10715729
2798,2630197,0.1150327
2799,2630216,0.19039659
2800,2630228,0.13827132
2801,2640033,0.09278782
2802,2640036,0.077300645
2803,2640045,0.10467855
2804,2640060,0.08137287
2805,2640105,0.012166095
2806,2640113,0.025424993
2807,2640145,0.16245809
2808,2640170,0.073041715
2809,2650015,0.010160432
2810,2650016,0.08497178
2811,2650044,0.0675026
2812,2650058,0.017241929
2813,2650060,0.113004476
2814,2650074,0.14251782
2815,2650113,0.060652588
2816,2650124,0.11930053
2817,2660003,0.09794344
2818,2660033,0.124896936
2819,2660034,0.10462683
2820,2660041,0.08669
2821,2660052,0.08962628
2822,2660055,0.07937653
2823,2660075,0.21812767
2824,2660082,0.010698824
2825,2660086,0.095332906
2826,2660097,0.03339177
2827,2660126,0.010422597
2828,2660129,0.021138987
2829,2660141,0.038171735
2830,2670004,0.1302972
2831,2670026,0.026281305
2832,2670047,0.09281295
2833,2670078,0.00521409
2834,2670080,0.034284487
2835,2670085,0.101184316
2836,2670098,0.13192031
2837,2670102,0.031418446
2838,2670144,0.09738478
2839,2670152,0.113201894
2840,2670159,0.020576894
2841,2670161,0.05626556
2842,2680011,0.037369028
2843,2680038,0.036249988
2844,2680039,0.13099487
2845,2680057,0.18342684
2846,2680065,0.12950788
2847,2680070,0.14678717
2848,2680073,0.14801252
2849,2680076,0.14153042
2850,2680080,0.08438101
2851,2680084,0.049547557
2852,2680086,0.13626772
2853,2680147,0.16494647
2854,2680152,0.124045156
2855,2680161,0.19760485
2856,2680165,0.1796358
2857,2690027,0.1603149
2858,2690067,0.070949
2859,2690071,0.12521869
2860,2690076,0.089107305
2861,2690117,0.025714163
2862,2690127,0.042077255
2863,2690138,0.030438775
2864,2690141,0.10055503
2865,2690162,0.23422308
2866,2690166,0.15690696
2867,2690168,0.012882968
2868,2690178,0.042594474
2869,2690189,0.008119047
2870,2690194,0.032011267
2871,2690218,0.12691557
2872,2700008,0.06133144
2873,2700009,0.28195593
2874,2700024,0.098671526
2875,2700036,0.01681096
2876,2700044,0.109783106
2877,2700063,0.12745896
2878,2700064,0.02784057
2879,2700065,0.0376934
2880,2700094,0.015660193
2881,2700107,0.13899863
2882,2700117,0.13544409
2883,2700131,0.02486422
2884,2700133,0.04470972
2885,2710004,0.025207596
2886,2710020,0.0033907418
2887,2710023,0.10862869
2888,2710052,0.2830114
2889,2710084,0.14188881
2890,2710095,0.14811338
2891,2710101,0.14085472
2892,2710125,0.02803007
2893,2710133,0.028637378
2894,2710151,0.03989952
2895,2720007,0.047578894
2896,2720020,0.04494427
2897,2720037,0.021536848
2898,2720038,0.026453387
2899,2720044,0.11137094
2900,2720047,0.13930164
2901,2720049,0.031362638
2902,2720060,0.019763919
2903,2720062,0.04987744
2904,2720065,0.024848815
2905,2720080,0.11309694
2906,2720103,0.06263844
2907,2720109,0.101509415
2908,2720117,0.12243026
2909,2720133,0.063420594
2910,2720154,0.038587753
2911,2720156,0.041347515
2912,2730018,0.07883527
2913,2730020,0.058652326
2914,2730039,0.028226456
2915,2730044,0.053903896
2916,2730067,0.056550324
2917,2730071,0.13225469
2918,2730076,0.010793509
2919,2730105,0.08460881
2920,2730110,0.027153568
2921,2730117,0.12079188
2922,2730123,0.14483851
2923,2730127,0.031541325
2924,2730132,0.1542519
2925,2730148,0.15952747
2926,2740014,0.029516635
2927,2740033,0.017667504
2928,2740044,0.08507459
2929,2740102,0.10347852
2930,2740122,0.04018379
2931,2740127,0.04680834
2932,2740138,0.026083387
2933,2750006,0.03871848
2934,2750037,0.0773086
2935,2750073,0.078076705
2936,2750094,0.0591641
2937,2750121,0.021972952
2938,2750137,0.1411846
2939,2750186,0.097186305
2940,2760024,0.07466918
2941,2760029,0.012570334
2942,2760031,0.008344766
2943,2760033,0.021015601
2944,2760036,0.033853993
2945,2760051,0.0773522
2946,2760057,0.04652155
2947,2760060,0.07542038
2948,2760086,0.05413745
2949,2760093,0.22986266
2950,2760116,0.093027666
2951,2760123,0.047083896
2952,2760137,0.046645727
2953,2760173,0.13114104
2954,2760174,0.150208
2955,2760175,0.057211604
2956,2770025,0.0486106
2957,2770036,0.026409851
2958,2770068,0.30422997
2959,2770084,0.21559589
2960,2770114,0.086758554
2961,2770193,0.15090615
2962,2780024,0.045340493
2963,2780051,0.07073905
2964,2780057,0.09061331
2965,2780058,0.06084531
2966,2780069,0.1322269
2967,2780095,0.048653733
2968,2780112,0.048808843
2969,2780135,0.028753025
2970,2780144,0.029529968
2971,2790014,0.091708966
2972,2790054,0.048241105
2973,2790073,0.0554969
2974,2790081,0.07074013
2975,2790116,0.0583698
2976,2790144,0.032047823
2977,2790149,0.15690723
2978,2800013,0.020997915
2979,2800027,0.104799874
2980,2800043,0.14179844
2981,2800062,0.009896933
2982,2800067,0.1168158
2983,2800076,0.122643426
2984,2800092,0.013594926
2985,2800144,0.042801365
2986,2800156,0.09259539
2987,2800172,0.06059103
2988,2810046,0.011065442
2989,2810093,0.07224989
2990,2810097,0.020921884
2991,2810098,0.082120426
2992,2810109,0.08242016
2993,2810129,0.15265991
2994,2810130,0.20562449
2995,2810138,0.28096485
2996,2810149,0.073192775
2997,2810163,0.067642875
2998,2810176,0.14784214
2999,2810213,0.09623976
3000,2820003,0.06469658
3001,2820006,0.0058917026
3002,2820031,0.13037536
3003,2820037,0.018927457
3004,2820045,0.07766545
3005,2820089,0.107496455
3006,2820094,0.12092419
3007,2820112,0.012605188
3008,2820125,0.07179586
3009,2820126,0.008874509
3010,2830003,0.03199987
3011,2830011,0.030782469
3012,2830014,0.07370691
3013,2830035,0.111172296
3014,2830037,0.35675025
3015,2830053,0.04154474
3016,2830063,0.023069255
3017,2830074,0.13036764
3018,2830078,0.01109837
3019,2830108,0.04558079
3020,2830116,0.049073547
3021,2830151,0.14594382
3022,2840010,0.032567676
3023,2840035,0.077218786
3024,2840037,0.1625953
3025,2840040,0.031482425
3026,2840056,0.14876226
3027,2840058,0.06026627
3028,2840071,0.0750161
3029,2840076,0.12223684
3030,2840078,0.08223759
3031,2840089,0.1030203
3032,2840093,0.2872549
3033,2840095,0.02484721
3034,2840113,0.02267613
3035,2840144,0.13055445
3036,2840146,0.033816807
3037,2850006,0.10774732
3038,2850038,0.041705657
3039,2850078,0.0639543
3040,2850094,0.08232409
3041,2850097,0.010193484
3042,2850106,0.046459563
3043,2850142,0.07524978
3044,2850148,0.10871885
3045,2850178,0.015488779
3046,2850192,0.038611602
3047,2850207,0.08959271
3048,2860005,0.026070338
3049,2860023,0.24704213
3050,2860042,0.010542354
3051,2860044,0.045183066
3052,2860054,0.03968169
3053,2860060,0.06882783
3054,2860092,0.008706906
3055,2860100,0.027108002
3056,2860108,0.11717484
3057,2860122,0.00994905
3058,2860188,0.060490627
3059,2870026,0.037905138
3060,2870048,0.034526512
3061,2870063,0.031712636
3062,2870074,0.023864096
3063,2870075,0.13072057
3064,2870076,0.023216695
3065,2870085,0.09854116
3066,2870090,0.042615898
3067,2870091,0.06368016
3068,2870112,0.011835323
3069,2870114,0.020247094
3070,2870122,0.08646984
3071,2870135,0.029644553
3072,2870144,0.05405754
3073,2870148,0.040067784
3074,2870153,0.03918609
3075,2880015,0.0097504305
3076,2880018,0.087393805
3077,2880048,0.09920865
3078,2880097,0.029649144
3079,2880101,0.09327924
3080,2880104,0.049452864
3081,2880106,0.049388085
3082,2880112,0.07790663
3083,2880115,0.034599163
3084,2880156,0.045987587
3085,2890057,0.08034758
3086,2890088,0.13174577
3087,2890119,0.010801455
3088,2890120,0.03509092
3089,2890127,0.15080641
3090,2900025,0.13422386
3091,2900056,0.06335258
3092,2900081,0.103811376
3093,2900138,0.14393032
3094,2910011,0.051852338
3095,2910029,0.028351896
3096,2910039,0.11163437
3097,2910126,0.12127329
3098,2910146,0.035382286
3099,2910162,0.04558079
3100,2910171,0.12245359
3101,2910172,0.1340263
3102,2920004,0.015148431
3103,2920037,0.052147314
3104,2920044,0.021494472
3105,2920049,0.0047255447
3106,2920068,0.21264662
3107,2920118,0.07372254
3108,2920121,0.13483787
3109,2920129,0.16224672
3110,2920131,0.062877126
3111,2920137,0.11238171
3112,2930027,0.03818512
3113,2930076,0.12059903
3114,2930112,0.09703339
3115,2930114,0.093177035
3116,2940019,0.012988969
3117,2940041,0.03237541
3118,2940050,0.013583849
3119,2940054,0.14960706
3120,2940082,0.015613829
3121,2940095,0.060587347
3122,2940103,0.07889675
3123,2940104,0.056918267
3124,2940115,0.13872933
3125,2940155,0.14497098
3126,2950042,0.020283993
3127,2950093,0.05468682
3128,2950110,0.014789507
3129,2950127,0.014949754
3130,2950138,0.023845227
3131,2950183,0.068320096
3132,2960004,0.028519897
3133,2960007,0.005492282
3134,2960011,0.0708546
3135,2960012,0.30386358
3136,2960062,0.021935534
3137,2960088,0.11708594
3138,2960108,0.066324316
3139,2960131,0.05502671
3140,2960145,0.010892265
3141,2960157,0.22771452
3142,2970004,0.07056374
3143,2970013,0.13449588
3144,2970016,0.08033849
3145,2970045,0.09718135
3146,2970051,0.043354616
3147,2970074,0.0737447
3148,2970077,0.13216937
3149,2970114,0.03057779
3150,2970127,0.015146697
3151,2980010,0.05414531
3152,2980013,0.05422737
3153,2980014,0.0271364
3154,2980038,0.1410731
3155,2980062,0.04260047
3156,2980095,0.08756957
3157,2980116,0.06246183
3158,2990005,0.030900111
3159,2990008,0.03174301
3160,2990029,0.07474272
3161,2990078,0.08256413
3162,2990090,0.04209311
3163,2990096,0.119984135
3164,2990141,0.0373578
3165,3000021,0.098367035
3166,3000045,0.06524475
3167,3000059,0.06622961
3168,3000065,0.045398228
3169,3000069,0.04549457
3170,3000074,0.12755364
3171,3000077,0.15018378
3172,3000094,0.10653059
3173,3000101,0.3273451
3174,3000131,0.045201994
3175,3000133,0.29930082
3176,3000135,0.06872356
3177,3000144,0.12957348
3178,3010005,0.03969062
3179,3010017,0.0055451896
3180,3010049,0.034445427
3181,3010086,0.036151573
3182,3010105,0.1371274
3183,3010119,0.034052197
3184,3020010,0.09008783
3185,3020021,0.04412891
3186,3020054,0.08837314
3187,3020064,0.057872444
3188,3020132,0.04181296
3189,3020142,0.14097741
3190,3020159,0.06227379
3191,3030018,0.044353534
3192,3030066,0.039780997
3193,3030070,0.1134156
3194,3030097,0.12602425
3195,3030101,0.020642413
3196,3030120,0.022681288
3197,3030125,0.012878828
3198,3030129,0.11298207
3199,3030145,0.07214396
3200,3030148,0.04769648
3201,3040014,0.008405768
3202,3040016,0.026095085
3203,3040045,0.008686389
3204,3040052,0.123873845
3205,3040063,0.08710056
3206,3040082,0.023792053
3207,3040107,0.048872016
3208,3040112,0.058259122
3209,3040166,0.15157875
3210,3040170,0.11479867
3211,3050047,0.032853097
3212,3050055,0.049027007
3213,3050093,0.06446967
3214,3050128,0.08807104
3215,3050137,0.08388399
3216,3050138,0.14133415
3217,3050140,0.012685155
3218,3050150,0.03173539
3219,3060011,0.31255063
3220,3060029,0.02302028
3221,3060040,0.07681566
3222,3060051,0.06287851
3223,3060053,0.014876461
3224,3060067,0.020076403
3225,3060074,0.051580265
3226,3060076,0.03379132
3227,3060081,0.035756152
3228,3060086,0.032850012
3229,3060088,0.025516354
3230,3060110,0.089072905
3231,3060117,0.0068019275
3232,3060119,0.08994296
3233,3060120,0.17959717
3234,3060133,0.052782945
3235,3070007,0.2717994
3236,3070014,0.09457478
3237,3070016,0.033741202
3238,3070021,0.049426388
3239,3070024,0.100302674
3240,3070057,0.4239192
3241,3070063,0.02375729
3242,3070085,0.11975503
3243,3070107,0.032065198
3244,3070111,0.11756177
3245,3070114,0.03087708
3246,3070124,0.042588845
3247,3070125,0.124199584
3248,3070151,0.076100856
3249,3070163,0.11611073
3250,3080026,0.10720402
3251,3080033,0.040950835
3252,3080058,0.02158706
3253,3080110,0.017781781
3254,3080115,0.120942436
3255,3080134,0.03439983
3256,3080140,0.04176977
3257,3080143,0.118427955
3258,3080146,0.1352099
3259,3080156,0.021485167
3260,3090011,0.03801906
3261,3090023,0.010921107
3262,3090044,0.08247739
3263,3090058,0.120440945
3264,3090067,0.05743441
3265,3090078,0.19827637
3266,3090087,0.1430896
3267,3090092,0.045735184
3268,3090124,0.046922807
3269,3090126,0.123153
3270,3090131,0.086395994
3271,3090142,0.12274337
3272,3090147,0.02280849
3273,3090156,0.039494954
3274,3100005,0.047628812
3275,3100021,0.08074214
3276,3100047,0.15079643
3277,3100054,0.30538124
3278,3100064,0.12582403
3279,3100067,0.05888388
3280,3100070,0.04733562
3281,3100104,0.12627298
3282,3100105,0.051475454
3283,3100108,0.1314133
3284,3100116,0.035423998
3285,3100118,0.12975442
3286,3100132,0.08798574
3287,3100134,0.04637152
3288,3100150,0.054900665
3289,3100172,0.028916512
3290,3110003,0.09116225
3291,3110007,0.08738763
3292,3110020,0.02453186
3293,3110043,0.028604334
3294,3110045,0.046793375
3295,3110054,0.053922623
3296,3110116,0.1354229
3297,3110121,0.0785135
3298,3110144,0.10475238
3299,3110146,0.09540254
3300,3110171,0.045654435
3301,3110175,0.12327017
3302,3110179,0.025564976
3303,3120005,0.13373552
3304,3120031,0.10900732
3305,3120038,0.012884321
3306,3120055,0.14058064
3307,3120061,0.06903854
3308,3120075,0.12000831
3309,3120079,0.075731196
3310,3120085,0.15003048
3311,3120092,0.086367056
3312,3120115,0.08744678
3313,3120119,0.05995736
3314,3120134,0.07196276
3315,3130005,0.022107443
3316,3130016,0.052314162
3317,3130019,0.04563512
3318,3130028,0.06621733
3319,3130031,0.03765169
3320,3130034,0.058512
3321,3130038,0.040397707
3322,3130039,0.11490803
3323,3130050,0.027948447
3324,3130104,0.122799374
3325,3130131,0.033609435
3326,3130147,0.08508327
3327,3130166,0.04382472
3328,3140035,0.027009213
3329,3140045,0.019502532
3330,3140049,0.068061605
3331,3140073,0.04558079
3332,3140090,0.00919177
3333,3140091,0.010242209
3334,3140095,0.009152413
3335,3140138,0.04658517
3336,3140167,0.08931432
3337,3150004,0.020232007
3338,3150040,0.13077377
3339,3150060,0.018886149
3340,3150074,0.104280315
3341,3150083,0.09266893
3342,3150093,0.058652326
3343,3150110,0.03455822
3344,3150119,0.120960824
3345,3150129,0.10114876
3346,3150151,0.111053035
3347,3150152,0.11594236
3348,3150157,0.031121397
3349,3150171,0.13603237
3350,3150174,0.10871885
3351,3150177,0.10267685
3352,3160004,0.034308504
3353,3160016,0.047347855
3354,3160023,0.09549622
3355,3160025,0.048085652
3356,3160027,0.03714653
3357,3160028,0.10512272
3358,3160053,0.09312306
3359,3160108,0.112495154
3360,3160119,0.10594068
3361,3160135,0.016595853
3362,3170009,0.034789413
3363,3170019,0.003387297
3364,3170029,0.0095593585
3365,3170037,0.057806805
3366,3170039,0.011677755
3367,3170051,0.046104763
3368,3170086,0.07488649
3369,3170105,0.10748147
3370,3170126,0.04573529
3371,3170129,0.07955949
3372,3170138,0.046705604
3373,3170158,0.16089897
3374,3170159,0.18809599
3375,3170161,0.09519069
3376,3170167,0.13672678
3377,3180017,0.26760796
3378,3180039,0.026894027
3379,3180060,0.08756479
3380,3180096,0.012245197
3381,3180123,0.049937528
3382,3180129,0.0513294
3383,3180138,0.120945655
3384,3180143,0.0530089
3385,3190003,0.13650659
3386,3190008,0.029958814
3387,3190025,0.13650659
3388,3190056,0.13972671
3389,3190079,0.017498018
3390,3190086,0.046128746
3391,3190137,0.041939784
3392,3190140,0.10651544
3393,3200003,0.015857717
3394,3200019,0.08917864
3395,3200026,0.12910292
3396,3200030,0.008504646
3397,3200045,0.05615889
3398,3200051,0.054845136
3399,3200060,0.036205783
3400,3200069,0.043230366
3401,3200077,0.110181585
3402,3200080,0.07055248
3403,3200085,0.026719337
3404,3200103,0.110600285
3405,3200109,0.27165005
3406,3200116,0.111048065
3407,3200130,0.058664776
3408,3200150,0.13845624
3409,3210018,0.10592106
3410,3210024,0.021479921
3411,3210030,0.085155606
3412,3210035,0.07610416
3413,3210054,0.04423708
3414,3210060,0.11056446
3415,3210079,0.016212238
3416,3210121,0.1411752
3417,3210130,0.054600213
3418,3210131,0.035694115
3419,3210136,0.10940832
3420,3220003,0.0355344
3421,3220008,0.027124299
3422,3220012,0.03124121
3423,3220019,0.01208525
3424,3220025,0.05858135
3425,3220044,0.058021266
3426,3220072,0.05289081
3427,3220082,0.0883345
3428,3220121,0.04429514
3429,3220128,0.024086382
3430,3220132,0.104613066
3431,3230022,0.059704755
3432,3230032,0.014512941
3433,3230038,0.0338825
3434,3230098,0.08752807
3435,3230120,0.06759021
3436,3230123,0.04212732
3437,3230136,0.13372256
3438,3230215,0.16057295
3439,3230223,0.089158215
3440,3240022,0.017241929
3441,3240024,0.06063998
3442,3240031,0.11137094
3443,3240048,0.05708604
3444,3240056,0.09217062
3445,3240059,0.13000563
3446,3240069,0.041877143
3447,3240082,0.13257353
3448,3240096,0.05896488
3449,3240101,0.041004878
3450,3240122,0.0107781235
3451,3240161,0.08208047
3452,3250005,0.10957142
3453,3250008,0.113395534
3454,3250012,0.11780877
3455,3250059,0.08284792
3456,3250074,0.09287267
3457,3250085,0.14493077
3458,3250091,0.08129507
3459,3250092,0.0988344
3460,3250114,0.050465744
3461,3250125,0.07277012
3462,3250129,0.07163034
3463,3250162,0.005849775
3464,3250183,0.37044832
3465,3250184,0.10463907
3466,3250188,0.25127414
3467,3260020,0.07726839
3468,3260041,0.010803813
3469,3260059,0.042531755
3470,3260083,0.037668
3471,3260129,0.10038223
3472,3260130,0.023379229
3473,3260162,0.059552547
3474,3260163,0.13350432
3475,3260167,0.123050116
3476,3260170,0.062534094
3477,3270016,0.047578245
3478,3270020,0.022340242
3479,3270035,0.07676248
3480,3270093,0.090830125
3481,3270113,0.038446225
3482,3270124,0.015754595
3483,3270138,0.1087502
3484,3270153,0.031712636
3485,3270172,0.112312
3486,3280016,0.018391026
3487,3280018,0.052981403
3488,3280065,0.044567466
3489,3280080,0.21694843
3490,3280088,0.02453202
3491,3280089,0.012761489
3492,3280092,0.11174804
3493,3280093,0.006122233
3494,3280098,0.016237317
3495,3280115,0.009955905
3496,3280123,0.029381048
3497,3280139,0.14060834
3498,3280140,0.03744569
3499,3280174,0.03562392
3500,3280193,0.07797065
3501,3290012,0.32857582
3502,3290017,0.01402384
3503,3290024,0.05524393
3504,3290053,0.08069205
3505,3290059,0.072924644
3506,3290073,0.0036027897
3507,3290075,0.017261349
3508,3290085,0.07761035
3509,3290090,0.018302377
3510,3290109,0.08045877
3511,3290156,0.15155663
3512,3300018,0.10471247
3513,3300019,0.0047812425
3514,3300026,0.013050035
3515,3300028,0.02914922
3516,3300036,0.058511093
3517,3300048,0.021537328
3518,3300050,0.041952983
3519,3300053,0.10486473
3520,3300067,0.14039057
3521,3300088,0.09694277
3522,3300103,0.11297584
3523,3300125,0.081058934
3524,3300140,0.12243498
3525,3300142,0.031151362
3526,3300147,0.08232409
3527,3300150,0.07543312
3528,3300154,0.06402867
3529,3300159,0.055464007
3530,3310039,0.07057444
3531,3310041,0.034154613
3532,3310048,0.0798265
3533,3310061,0.062108777
3534,3310069,0.07351528
3535,3310116,0.16134293
3536,3310118,0.05068062
3537,3310127,0.030305617
3538,3310136,0.02346782
3539,3310148,0.12827402
3540,3320006,0.0955762
3541,3320029,0.12052648
3542,3320035,0.13225688
3543,3320061,0.15072268
3544,3320063,0.010037366
3545,3320066,0.02635629
3546,3320072,0.1113994
3547,3320083,0.10717746
3548,3320099,0.14573509
3549,3320108,0.03344313
3550,3320118,0.022352805
3551,3320134,0.15018378
3552,3320145,0.014382154
3553,3320148,0.09061276
3554,3320174,0.028417464
3555,3330036,0.13786252
3556,3330061,0.11188393
3557,3330066,0.025895426
3558,3330083,0.04104258
3559,3330107,0.10612432
3560,3330109,0.055880006
3561,3340022,0.09089969
3562,3340032,0.1375165
3563,3340058,0.057392154
3564,3340116,0.16072254
3565,3340120,0.08842005
3566,3340140,0.22771452
3567,3350064,0.092674464
3568,3350068,0.058728073
3569,3350134,0.07467452
3570,3350145,0.07788363
3571,3350146,0.04264722
3572,3360037,0.083697334
3573,3360043,0.012151903
3574,3360124,0.14061418
3575,3360171,0.053740773
3576,3370045,0.016525479
3577,3370106,0.019172989
3578,3370107,0.16535114
3579,3370156,0.1455972
3580,3370157,0.14909701
3581,3370166,0.10281307
3582,3370185,0.012918138
3583,3370188,0.059708796
3584,3380029,0.26386014
3585,3380047,0.12703918
3586,3380050,0.14803155
3587,3380063,0.26567307
3588,3380073,0.09694277
3589,3380103,0.042396005
3590,3380127,0.03834272
3591,3380140,0.023085097
3592,3380143,0.0033970787
3593,3380144,0.12053301
3594,3380145,0.072924644
3595,3390020,0.1321229
3596,3390021,0.02837302
3597,3390025,0.046446826
3598,3390062,0.089382604
3599,3390078,0.08082957
3600,3390117,0.22096166
3601,3390118,0.11957268
3602,3390138,0.03142246
3603,3390160,0.09532068
3604,3400024,0.116505906
3605,3400039,0.038579896
3606,3400069,0.0143068135
3607,3400095,0.07217313
3608,3400099,0.07662241
3609,3400108,0.048045613
3610,3400116,0.025610944
3611,3400124,0.16217676
3612,3400141,0.04218171
3613,3400147,0.109262235
3614,3400155,0.26314914
3615,3400163,0.030452209
3616,3400166,0.13538049
3617,3400196,0.13490942
3618,3400197,0.038980044
3619,3410007,0.0028883654
3620,3410014,0.07906679
3621,3410031,0.009785012
3622,3410040,0.1274533
3623,3410053,0.08091584
3624,3410074,0.22771403
3625,3410097,0.017241929
3626,3410116,0.09469177
3627,3410122,0.051131655
3628,3410126,0.013972591
3629,3410184,0.18088154
3630,3410193,0.08653225
3631,3410199,0.029443495
3632,3410218,0.061240856
3633,3410248,0.024565836
3634,3420007,0.07609926
3635,3420011,0.028090043
3636,3420016,0.121836096
3637,3420022,0.06127384
3638,3420053,0.05566771
3639,3420057,0.0094606485
3640,3420062,0.03057779
3641,3420068,0.07077722
3642,3420071,0.09367179
3643,3420078,0.014808702
3644,3420082,0.09666079
3645,3420091,0.08256413
3646,3430037,0.045188602
3647,3430056,0.08579203
3648,3430064,0.07210374
3649,3430069,0.031918034
3650,3430079,0.16503626
3651,3430099,0.114763014
3652,3430122,0.13310452
3653,3430151,0.057899408
3654,3430159,0.11234376
3655,3440007,0.011964626
3656,3440009,0.014311998
3657,3440018,0.13891734
3658,3440023,0.078052
3659,3440027,0.037269495
3660,3440049,0.11353413
3661,3440050,0.13861372
3662,3440062,0.16414736
3663,3440076,0.10900732
3664,3440104,0.06707675
3665,3440109,0.30145496
3666,3440118,0.07869056
3667,3440131,0.10963682
3668,3440137,0.11762206
3669,3440143,0.09286795
3670,3440147,0.08778771
3671,3440179,0.01009457
3672,3440205,0.01876744
3673,3440226,0.027907105
3674,3440229,0.043797884
3675,3440254,0.09311908
3676,3450009,0.08587801
3677,3450027,0.07213764
3678,3450046,0.07833817
3679,3450057,0.103918016
3680,3450059,0.030305617
3681,3450061,0.071515836
3682,3450086,0.07791117
3683,3450092,0.015839852
3684,3450099,0.14639598
3685,3450126,0.080293715
3686,3450137,0.11072955
3687,3450138,0.02546126
3688,3470006,0.03490811
3689,3470050,0.15182477
3690,3470054,0.12881576
3691,3470061,0.14251782
3692,3470063,0.14251782
3693,3470064,0.04573529
3694,3470085,0.071706556
3695,3470087,0.08114431
3696,3470098,0.017993828
3697,3470127,0.010410789
0,20009,0.07282693
1,20010,0.10481757
2,20020,0.11019026
3,20021,0.09101764
4,20034,0.0904574
5,20036,0.07814256
6,20039,0.10481757
7,20043,0.10570152
8,20046,0.05912816
9,20051,0.10481757
10,20052,0.10481757
11,20056,0.058273356
12,20058,0.0904574
13,20061,0.047614343
14,20067,0.05175938
15,20070,0.061783947
16,20087,0.110807635
17,20101,0.058449358
18,20107,0.09416808
19,20110,0.057600204
20,20111,0.06415523
21,20119,0.10027133
22,30009,0.10352174
23,30022,0.07479409
24,30035,0.088836096
25,30047,0.057981957
26,30056,0.047614343
27,30060,0.07660627
28,30061,0.10942477
29,30086,0.05756726
30,30093,0.11186949
31,30105,0.07022962
32,40002,0.16425005
33,40005,0.10027133
34,40009,0.11019026
35,40032,0.058273356
36,40053,0.07872138
37,40067,0.0904574
38,40068,0.06250666
39,40070,0.110807635
40,40076,0.09101764
41,40082,0.035256244
42,40108,0.06517753
43,50014,0.10481757
44,50018,0.051881116
45,50024,0.10422964
46,50025,0.10422964
47,50037,0.058825683
48,50045,0.03506813
49,50050,0.06216759
50,50053,0.1417135
51,50056,0.03506813
52,50062,0.18226923
53,50075,0.09119704
54,50079,0.06216759
55,50117,0.051881116
56,50125,0.057600204
57,50131,0.096469745
58,60008,0.053547952
59,60025,0.089302994
60,60027,0.103500746
61,60042,0.047614343
62,60047,0.18296772
63,60048,0.03506813
64,60053,0.035256244
65,60057,0.06392101
66,60070,0.06454232
67,60098,0.06593715
68,60101,0.06237825
69,80009,0.17102188
70,80022,0.03506813
71,80036,0.103500746
72,80051,0.0550783
73,80054,0.03506813
74,80059,0.053547952
75,80060,0.047614343
76,80062,0.10942477
77,80076,0.05175938
78,80092,0.09829375
79,80094,0.058130655
80,80109,0.110807635
81,80114,0.060393535
82,90009,0.08810983
83,90010,0.05548015
84,90029,0.10027133
85,90043,0.110807635
86,90044,0.07248193
87,90048,0.09075381
88,90059,0.06614432
89,90065,0.061783947
90,90074,0.06262835
91,90081,0.061783947
92,90082,0.05548015
93,90112,0.053547952
94,90116,0.09075381
95,90118,0.09451549
96,90119,0.108814135
97,100004,0.05175938
98,100032,0.047614343
99,100033,0.05770183
100,100041,0.10481757
101,100067,0.0919622
102,100074,0.110807635
103,100078,0.09373668
104,100085,0.108030245
105,100087,0.047064874
106,110007,0.08985678
107,110011,0.07373247
108,110028,0.0550012
109,110035,0.03506813
110,110040,0.05175938
111,110088,0.103500746
112,110099,0.07660627
113,110107,0.06517753
114,110119,0.03506813
115,110121,0.10780459
116,120007,0.03506813
117,120029,0.03506813
118,120038,0.048117395
119,120051,0.103500746
120,120072,0.047064874
121,120088,0.077387094
122,120098,0.057600204
123,120099,0.08280285
124,120128,0.05789498
125,120132,0.099005304
126,130013,0.059527036
127,130018,0.035256244
128,130024,0.05530649
129,130025,0.05175938
130,130027,0.035256244
131,130030,0.035256244
132,130083,0.06517753
133,130084,0.06439462
134,130096,0.035256244
135,130098,0.089302994
136,130110,0.13117012
137,130111,0.14734389
138,130114,0.10027133
139,130130,0.108814135
140,130139,0.048117395
141,140027,0.035256244
142,140029,0.058312632
143,140032,0.035256244
144,140039,0.0680484
145,140060,0.035256244
146,140068,0.053547952
147,140070,0.0904574
148,140071,0.03506813
149,140075,0.070644096
150,140076,0.17903939
151,140078,0.07791184
152,140080,0.11186949
153,140082,0.053547952
154,140084,0.110807635
155,140092,0.06089631
156,140094,0.0904574
157,140096,0.057528455
158,140101,0.0904574
159,140106,0.06227852
160,140116,0.0904574
161,150013,0.058312632
162,150018,0.11547911
163,150022,0.097962886
164,150026,0.057686064
165,150029,0.03506813
166,150049,0.057528455
167,150061,0.035256244
168,150073,0.0904574
169,150074,0.0904574
170,150077,0.05807626
171,150083,0.10570152
172,150086,0.058273356
173,150088,0.051881116
174,150108,0.10780459
175,150110,0.035256244
176,160016,0.07203952
177,160023,0.035256244
178,160029,0.035256244
179,160039,0.0550783
180,160067,0.05367366
181,160074,0.13751014
182,160081,0.05175938
183,160087,0.110807635
184,160099,0.058312632
185,160100,0.060436435
186,160112,0.053547952
187,170015,0.16805032
188,170026,0.035256244
189,170031,0.07456446
190,170037,0.10942477
191,170049,0.089302994
192,170052,0.0536755
193,170062,0.10780459
194,170063,0.110807635
195,170092,0.06216759
196,170104,0.05367366
197,170106,0.05797878
198,170118,0.089302994
199,170126,0.063715935
200,170139,0.13308908
201,180010,0.035256244
202,180041,0.10481757
203,180048,0.03506813
204,180054,0.09996241
205,180060,0.110807635
206,180061,0.110807635
207,180069,0.05548015
208,180079,0.062084947
209,180085,0.057600204
210,190021,0.07625465
211,190032,0.03506813
212,190035,0.035256244
213,190036,0.078402095
214,190037,0.10481757
215,190047,0.047614343
216,190048,0.047614343
217,190052,0.035256244
218,190059,0.047614343
219,190060,0.035256244
220,190068,0.035256244
221,190069,0.0904574
222,190073,0.110807635
223,190076,0.13308908
224,190105,0.03506813
225,190107,0.10481757
226,190124,0.17840137
227,190126,0.03506813
228,190128,0.051881116
229,190129,0.053547952
230,200014,0.047614343
231,200030,0.047614343
232,200034,0.089302994
233,200037,0.035256244
234,200042,0.057600204
235,200059,0.05530649
236,200066,0.101958245
237,200070,0.10481757
238,200071,0.17502959
239,200075,0.051881116
240,200096,0.062389866
241,200107,0.103500746
242,200118,0.18086745
243,200135,0.13117012
244,200136,0.110807635
245,210012,0.053547952
246,210027,0.059130363
247,210031,0.05175938
248,210033,0.03506813
249,210039,0.06216759
250,210062,0.14228687
251,210074,0.0904574
252,210076,0.110807635
253,210086,0.0904574
254,210097,0.11061964
255,210106,0.08778088
256,220003,0.05175938
257,220004,0.07187973
258,220019,0.10942477
259,220034,0.053547952
260,220062,0.060393535
261,220082,0.10942477
262,220090,0.058266457
263,220092,0.07660627
264,220101,0.09996241
265,220129,0.06542928
266,220131,0.053547952
267,230012,0.13521715
268,230039,0.08153934
269,230041,0.05534475
270,230044,0.11019026
271,230076,0.09678376
272,230086,0.09895073
273,240006,0.05863106
274,240021,0.10650986
275,240027,0.056274902
276,240035,0.09678376
277,240037,0.035256244
278,240042,0.11019026
279,240050,0.110807635
280,240054,0.05175938
281,240057,0.10481757
282,240061,0.117625006
283,240092,0.10570152
284,240116,0.058273356
285,240118,0.09556034
286,240126,0.09101764
287,240140,0.08468867
288,240144,0.18226923
289,250012,0.05175938
290,250023,0.058448832
291,250029,0.09996241
292,250043,0.03506813
293,250055,0.110807635
294,250064,0.110807635
295,250073,0.16796696
296,250102,0.110807635
297,250110,0.058312632
298,260003,0.053547952
299,260012,0.053547952
300,260015,0.110807635
301,260022,0.07406879
302,260038,0.09373668
303,260042,0.07456816
304,260049,0.11019026
305,260053,0.110807635
306,260066,0.12652871
307,260076,0.061384678
308,260078,0.053547952
309,260081,0.10481757
310,260090,0.06558077
311,260109,0.08032927
312,260122,0.035256244
313,260126,0.035256244
314,260131,0.06089631
315,270025,0.09101764
316,270043,0.07415514
317,270044,0.058449358
318,270061,0.05548015
319,270081,0.07872138
320,270085,0.047614343
321,270091,0.077610545
322,270099,0.10481757
323,270108,0.058312632
324,280055,0.035256244
325,280111,0.053547952
326,290029,0.07248193
327,290034,0.047614343
328,290127,0.110807635
329,290148,0.058556806
330,290154,0.09101764
331,290175,0.053547952
332,300044,0.084905066
333,300067,0.05548015
334,300078,0.077610545
335,300108,0.0904574
336,300176,0.07872138
337,300201,0.080922455
338,310015,0.110807635
339,310025,0.057552416
340,310029,0.035256244
341,310053,0.047614343
342,310070,0.07872138
343,310079,0.058448832
344,310101,0.0904574
345,310138,0.077610545
346,310146,0.08415269
347,320003,0.06851404
348,320027,0.057173315
349,320029,0.05548015
350,320040,0.09373668
351,320051,0.11019026
352,320058,0.05175938
353,320073,0.11019026
354,320080,0.058556806
355,320129,0.0712621
356,320143,0.07092059
357,320147,0.0904574
358,320148,0.10481757
359,330012,0.112304606
360,330049,0.09101764
361,330050,0.17840137
362,330060,0.03506813
363,330072,0.047614343
364,330081,0.05367366
365,330127,0.035256244
366,330132,0.05530649
367,330141,0.10942477
368,340017,0.05175938
369,340040,0.17040299
370,340042,0.035256244
371,340106,0.07050302
372,340135,0.05548015
373,340162,0.058451835
374,340167,0.06886155
375,350020,0.07065045
376,350027,0.108814135
377,350029,0.06784481
378,350033,0.05175938
379,350040,0.10985154
380,350066,0.057600204
381,350074,0.035256244
382,350097,0.047614343
383,360010,0.110807635
384,360011,0.110807635
385,360012,0.058448832
386,360033,0.07282693
387,360043,0.048117395
388,360112,0.04772847
389,360137,0.05175938
390,360146,0.110807635
391,370022,0.03506813
392,370031,0.17944618
393,370035,0.10695599
394,370095,0.10510922
395,370123,0.18752727
396,380006,0.047614343
397,380010,0.05789498
398,380011,0.053547952
399,380024,0.057552416
400,380027,0.035256244
401,380043,0.059130363
402,380052,0.058400907
403,380076,0.10780459
404,380090,0.108225815
405,380107,0.101958245
406,380118,0.10942477
407,380140,0.10422964
408,380151,0.089302994
409,380159,0.06929429
410,390018,0.058312632
411,390025,0.078402095
412,390036,0.051881116
413,390052,0.035256244
414,390056,0.06517753
415,390074,0.048347566
416,390094,0.10027133
417,390112,0.110807635
418,390115,0.053547952
419,390128,0.05548015
420,390140,0.10780459
421,400005,0.10291936
422,400015,0.17899026
423,400031,0.055174172
424,400047,0.10780459
425,400064,0.10047424
426,400072,0.035256244
427,400075,0.10942477
428,400114,0.05367366
429,400119,0.047614343
430,400154,0.05175938
431,410051,0.035256244
432,410066,0.057528455
433,410071,0.05807626
434,410113,0.06089631
435,410120,0.103500746
436,410156,0.101958245
437,420009,0.089302994
438,420011,0.17624536
439,420019,0.03506813
440,420044,0.035256244
441,420064,0.06007965
442,420106,0.089302994
443,420115,0.07698108
444,420116,0.047614343
445,420117,0.03534185
446,420147,0.035256244
447,420161,0.10784956
448,420170,0.06080718
449,430011,0.110807635
450,430017,0.077387094
451,430047,0.05175938
452,430049,0.07340151
453,430052,0.05797878
454,430080,0.057600204
455,430081,0.17264196
456,430097,0.035256244
457,430106,0.089302994
458,430108,0.061783947
459,430111,0.121826865
460,430121,0.060136247
461,430123,0.18086745
462,430132,0.14021781
463,430133,0.0536755
464,430173,0.051164646
465,440006,0.070868954
466,440012,0.109900504
467,440040,0.10291936
468,440054,0.057615295
469,440063,0.10780459
470,440074,0.060094226
471,440077,0.07955139
472,440095,0.101958245
473,440102,0.10780459
474,440113,0.07660627
475,440135,0.057600204
476,440140,0.058266457
477,440142,0.07721418
478,440150,0.03506813
479,440159,0.05530649
480,440171,0.110807635
481,450024,0.047614343
482,450068,0.18296772
483,450077,0.035256244
484,450078,0.07863312
485,450155,0.110807635
486,460003,0.035256244
487,460022,0.10718515
488,460026,0.035256244
489,460027,0.10570152
490,460045,0.1563886
491,460066,0.05175938
492,460073,0.10005211
493,460085,0.08778088
494,460088,0.0904574
495,460118,0.110807635
496,460144,0.10772749
497,470026,0.035256244
498,470036,0.0904574
499,470062,0.03506813
500,470099,0.03506813
501,470168,0.03506813
502,470170,0.035256244
503,470182,0.113444574
504,470191,0.035256244
505,470228,0.0890024
506,470231,0.058450826
507,470240,0.113444574
508,470249,0.05966498
509,470263,0.053547952
510,480018,0.07406879
511,480041,0.058312632
512,480042,0.053547952
513,480071,0.058448832
514,480083,0.10570152
515,480085,0.10570152
516,480087,0.14224605
517,480099,0.058273356
518,480106,0.0680484
519,480122,0.03506813
520,480136,0.0904574
521,480145,0.10481757
522,480156,0.03506813
523,480160,0.058312632
524,480171,0.035256244
525,480173,0.05175938
526,480174,0.110807635
527,490003,0.10780459
528,490013,0.035256244
529,490019,0.03506813
530,490022,0.048117395
531,490030,0.06134654
532,490033,0.05175938
533,490045,0.089302994
534,490055,0.11177235
535,490059,0.110807635
536,490074,0.10732915
537,490097,0.066099346
538,490116,0.035256244
539,490129,0.104374886
540,490137,0.077393495
541,490165,0.06085222
542,490168,0.0904574
543,490169,0.103500746
544,490175,0.15950069
545,490207,0.10720191
546,490210,0.104374886
547,490211,0.108225815
548,500014,0.05488583
549,500032,0.101958245
550,500049,0.110807635
551,500052,0.047614343
552,500098,0.035256244
553,500106,0.10942477
554,500111,0.077387094
555,500118,0.035256244
556,500132,0.06517753
557,500133,0.058449358
558,500142,0.10985154
559,510024,0.10582885
560,510072,0.07633167
561,510097,0.060854793
562,510102,0.035256244
563,510115,0.047614343
564,510138,0.089302994
565,510148,0.060393535
566,520003,0.047064874
567,520017,0.0566264
568,520018,0.058442995
569,520028,0.07648905
570,520098,0.07817227
571,520109,0.10695599
572,520121,0.07514428
573,520137,0.059970375
574,520151,0.07848072
575,520181,0.0904574
576,520191,0.16796696
577,530008,0.07203952
578,530017,0.10570152
579,530031,0.06181924
580,530054,0.051881116
581,530056,0.110807635
582,530067,0.077610545
583,530092,0.058312632
584,530122,0.047614343
585,530153,0.058273356
586,530154,0.11019026
587,540004,0.077387094
588,540006,0.058266457
589,540073,0.06089631
590,540093,0.051164646
591,540097,0.047614343
592,540098,0.047614343
593,540128,0.035256244
594,540151,0.083113
595,550012,0.10942477
596,550021,0.03506813
597,550024,0.035256244
598,550030,0.057173315
599,550058,0.095557086
600,550069,0.05978181
601,550074,0.05530649
602,550107,0.10481757
603,550112,0.18086745
604,550137,0.03506813
605,550141,0.06089631
606,550146,0.05367366
607,550156,0.1563886
608,560024,0.0589438
609,560027,0.047614343
610,560032,0.05367366
611,560038,0.05175938
612,560043,0.07038268
613,560059,0.03506813
614,560099,0.06085222
615,560106,0.035256244
616,560138,0.03506813
617,560141,0.0638499
618,560142,0.10923882
619,560148,0.111239135
620,560151,0.035256244
621,560155,0.05530649
622,560160,0.05367366
623,560176,0.27333358
624,560187,0.057528455
625,570013,0.058448832
626,570025,0.09101764
627,570039,0.05548015
628,570070,0.0904574
629,570095,0.035256244
630,570105,0.058556806
631,570135,0.05175938
632,570136,0.058448832
633,570141,0.05175938
634,580021,0.1757063
635,580043,0.19081178
636,580060,0.18086745
637,580064,0.17502959
638,580086,0.057600204
639,580089,0.057981957
640,580098,0.10942477
641,580150,0.05367366
642,580173,0.1344359
643,580184,0.0638499
644,580190,0.063911654
645,590014,0.05548015
646,590019,0.094271645
647,590033,0.098575935
648,590038,0.048117395
649,590042,0.103500746
650,590057,0.035256244
651,590060,0.03506813
652,590065,0.057600204
653,590067,0.06558077
654,590075,0.06517753
655,590076,0.111239135
656,590099,0.06227852
657,590104,0.1005095
658,590111,0.07754902
659,590120,0.09101764
660,590133,0.047614343
661,590135,0.110807635
662,590139,0.03506813
663,600004,0.035256244
664,600012,0.05530649
665,600028,0.0699876
666,600070,0.08959598
667,600090,0.047614343
668,600094,0.035256244
669,600136,0.10942477
670,600141,0.035256244
671,600179,0.059970375
672,610008,0.057528455
673,610016,0.056451645
674,610019,0.07550147
675,610023,0.047614343
676,610038,0.047614343
677,610091,0.111239135
678,610105,0.15489247
679,610112,0.05530649
680,610114,0.07698108
681,610117,0.0904574
682,610118,0.089302994
683,610149,0.047614343
684,610168,0.09620974
685,610179,0.11019026
686,620006,0.110807635
687,620026,0.058448832
688,620035,0.094271645
689,620049,0.057528455
690,620072,0.047064874
691,620100,0.047614343
692,620101,0.0904574
693,620107,0.063956
694,620113,0.09548967
695,620126,0.10425569
696,620132,0.03506813
697,620137,0.051164646
698,620141,0.18301772
699,630024,0.047614343
700,630033,0.07863312
701,630064,0.110807635
702,630071,0.08494563
703,630121,0.061783947
704,630123,0.047614343
705,630140,0.047614343
706,630166,0.09101764
707,630213,0.058449358
708,640008,0.1048388
709,640034,0.035256244
710,640042,0.09075381
711,640046,0.0904574
712,640082,0.03506813
713,640107,0.09678376
714,640110,0.058450826
715,640114,0.053547952
716,640119,0.05807626
717,640139,0.110807635
718,640147,0.058450826
719,640170,0.06278225
720,640175,0.07050302
721,650026,0.05789498
722,650033,0.053547952
723,650056,0.058825683
724,650066,0.1801752
725,650087,0.047614343
726,650110,0.060739297
727,650128,0.07697723
728,650130,0.05175938
729,650138,0.05530649
730,650141,0.053547952
731,660008,0.10695599
732,660013,0.110807635
733,660038,0.03506813
734,660048,0.047614343
735,660050,0.089302994
736,660059,0.07668237
737,660077,0.03534185
738,660082,0.09744388
739,660109,0.035256244
740,660123,0.035256244
741,660138,0.053547952
742,670003,0.03506813
743,670011,0.05603033
744,670050,0.05779599
745,670069,0.10780459
746,670087,0.057981957
747,670113,0.058449358
748,670116,0.035256244
749,670153,0.065681785
750,670164,0.10720191
751,670174,0.108814135
752,670178,0.17040299
753,670215,0.03506813
754,670216,0.057981957
755,680031,0.07252188
756,680047,0.056544267
757,680064,0.09101764
758,680065,0.0904574
759,680097,0.048117395
760,680099,0.053547952
761,680110,0.10481757
762,680115,0.110807635
763,680133,0.047614343
764,680136,0.09508218
765,680154,0.06722169
766,680161,0.06127189
767,680173,0.035256244
768,680176,0.0904574
769,690010,0.111239135
770,690017,0.058273356
771,690019,0.047614343
772,690030,0.07282693
773,690046,0.047614343
774,690079,0.11064709
775,690104,0.06089631
776,690129,0.11019026
777,690132,0.035256244
778,690142,0.13699377
779,700010,0.057173315
780,700019,0.11186949
781,700023,0.09108034
782,700028,0.053547952
783,700034,0.09307354
784,700052,0.0904574
785,700056,0.047614343
786,700062,0.035256244
787,700063,0.103500746
788,700067,0.089302994
789,700079,0.17840137
790,700098,0.10942477
791,700109,0.063546635
792,700115,0.035256244
793,700123,0.035256244
794,700135,0.06351798
795,700141,0.11186949
796,710022,0.115033306
797,710033,0.058448832
798,710050,0.094271645
799,710062,0.113444574
800,710065,0.110807635
801,710088,0.03506813
802,710096,0.16796696
803,710123,0.05175938
804,710124,0.18226923
805,710172,0.110807635
806,710185,0.0550783
807,710195,0.06089631
808,710202,0.12955868
809,720007,0.10650986
810,720022,0.10027133
811,720043,0.053547952
812,720054,0.19081178
813,720072,0.057306144
814,720087,0.08308063
815,720091,0.056451645
816,720105,0.035256244
817,720163,0.06089631
818,720201,0.051164646
819,720214,0.061783947
820,720220,0.110807635
821,720230,0.0890024
822,730006,0.18086745
823,730030,0.035256244
824,730047,0.035256244
825,730054,0.089302994
826,730058,0.07043564
827,730083,0.077387094
828,730091,0.102082655
829,730103,0.17040299
830,730129,0.13359427
831,730166,0.048117395
832,730172,0.08959598
833,730174,0.103500746
834,830048,0.05807626
835,830063,0.03506813
836,830065,0.07920132
837,830098,0.058450826
838,830131,0.06497535
839,830143,0.110807635
840,830160,0.089985065
841,830177,0.07872138
842,840016,0.035256244
843,840020,0.07203952
844,840021,0.05548015
845,840067,0.110807635
846,840073,0.05548015
847,840106,0.057528455
848,840120,0.03506813
849,840133,0.10481757
850,840135,0.047064874
851,840138,0.058273356
852,840158,0.09075381
853,840164,0.061783947
854,840170,0.09075381
855,840184,0.16796696
856,850009,0.10291936
857,850021,0.27333358
858,850035,0.08959598
859,850051,0.110807635
860,850092,0.05175938
861,850127,0.057981957
862,850143,0.047064874
863,850148,0.089302994
864,850194,0.0536755
865,850195,0.035256244
866,850208,0.047614343
867,850223,0.11061964
868,860005,0.0904574
869,860010,0.047614343
870,860022,0.07248193
871,860059,0.06540171
872,860083,0.047064874
873,860098,0.09101764
874,860100,0.110807635
875,860102,0.058556806
876,860130,0.06089631
877,870032,0.103500746
878,870040,0.057173315
879,870058,0.047614343
880,870069,0.05175938
881,870100,0.05548015
882,870143,0.103500746
883,870144,0.047614343
884,870155,0.047614343
885,870171,0.051164646
886,870188,0.053547952
887,870234,0.07050302
888,870246,0.058130655
889,870256,0.035256244
890,870274,0.060094226
891,880005,0.03506813
892,880014,0.057173315
893,880031,0.09620974
894,880039,0.059862394
895,880043,0.062511384
896,880065,0.10780459
897,880091,0.057981957
898,880105,0.110807635
899,880113,0.05530649
900,880140,0.060393535
901,890018,0.11019026
902,890020,0.08459354
903,890022,0.05548015
904,890079,0.077610545
905,890089,0.058556806
906,890128,0.0904574
907,890140,0.0904574
908,890143,0.05548015
909,890165,0.09955168
910,890171,0.07863312
911,890174,0.047614343
912,900006,0.05530649
913,900023,0.05680418
914,900030,0.051164646
915,900047,0.10942477
916,900081,0.058266457
917,900099,0.10942477
918,900104,0.035256244
919,900115,0.077668704
920,900155,0.03506813
921,900159,0.035256244
922,900172,0.10942477
923,920025,0.0904574
924,920050,0.0971354
925,920086,0.0904574
926,920096,0.066297546
927,920104,0.18296772
928,920123,0.099704914
929,920125,0.094271645
930,920163,0.111239135
931,920169,0.05175938
932,940007,0.094291374
933,940045,0.054845136
934,940047,0.047064874
935,940074,0.053547952
936,940084,0.18296772
937,940089,0.054845136
938,940145,0.110807635
939,940165,0.058273356
940,950049,0.07203952
941,950056,0.05894576
942,950070,0.05293381
943,950093,0.077610545
944,950094,0.058448832
945,950103,0.051164646
946,950109,0.061783947
947,950128,0.07790679
948,950138,0.07514428
949,950141,0.0971354
950,950152,0.07514428
951,960009,0.053547952
952,960030,0.11019026
953,960032,0.10481757
954,960046,0.18072653
955,960144,0.05548015
956,970006,0.089302994
957,970008,0.035256244
958,970050,0.111636505
959,970081,0.10582885
960,970121,0.035256244
961,970140,0.089302994
962,970156,0.05367366
963,970163,0.047614343
964,970167,0.110807635
965,970168,0.089302994
966,970189,0.035256244
967,970194,0.053547952
968,970204,0.08335546
969,980021,0.07181769
970,980072,0.058448832
971,980084,0.035256244
972,980087,0.047614343
973,980100,0.035256244
974,980102,0.10027133
975,980137,0.05807626
976,980140,0.061783947
977,980154,0.18296772
978,980166,0.110807635
979,990011,0.056274902
980,990016,0.03506813
981,990017,0.10942477
982,990022,0.09829375
983,990025,0.03506813
984,990067,0.05789498
985,990085,0.09451549
986,990089,0.057981957
987,990090,0.063715935
988,990108,0.05175938
989,990109,0.035256244
990,990153,0.092544675
991,990175,0.101958245
992,990194,0.06237825
993,1000003,0.053547952
994,1000029,0.035256244
995,1000036,0.07695652
996,1000071,0.0904574
997,1000107,0.047614343
998,1000108,0.110807635
999,1000119,0.110807635
1000,1000132,0.0680484
1001,1000151,0.058312632
1002,1000152,0.078402095
1003,1000158,0.035256244
1004,1000164,0.035256244
1005,1010010,0.07282693
1006,1010015,0.110807635
1007,1010046,0.057173315
1008,1010060,0.110807635
1009,1010062,0.047614343
1010,1010072,0.04772847
1011,1010081,0.035256244
1012,1010087,0.077387094
1013,1010124,0.10942477
1014,1010129,0.05530649
1015,1010134,0.035256244
1016,1010136,0.047614343
1017,1010155,0.03506813
1018,1010174,0.10780459
1019,1010176,0.108814135
1020,1020034,0.1660039
1021,1020049,0.08855636
1022,1020064,0.058448832
1023,1020066,0.047614343
1024,1020068,0.11019026
1025,1020094,0.058266457
1026,1020117,0.057528455
1027,1020122,0.05175938
1028,1020125,0.048117395
1029,1020148,0.06089631
1030,1020149,0.04772847
1031,1030005,0.047614343
1032,1030022,0.05530649
1033,1030025,0.047614343
1034,1030079,0.110807635
1035,1030084,0.0904574
1036,1030095,0.10942477
1037,1030114,0.060393535
1038,1030124,0.03506813
1039,1030139,0.061783947
1040,1030171,0.058130655
1041,1030172,0.18296772
1042,1040009,0.110807635
1043,1040010,0.110807635
1044,1040027,0.11019026
1045,1040045,0.03506813
1046,1040062,0.10780459
1047,1040075,0.035256244
1048,1040090,0.096350655
1049,1040101,0.063715935
1050,1040110,0.05530649
1051,1040138,0.05789498
1052,1040143,0.15973361
1053,1040146,0.057981957
1054,1040148,0.09524664
1055,1040157,0.10923882
1056,1040176,0.06011107
1057,1050016,0.047614343
1058,1050045,0.047614343
1059,1050056,0.0904574
1060,1050057,0.11186949
1061,1050064,0.056451645
1062,1050075,0.110807635
1063,1050098,0.111239135
1064,1050100,0.10035751
1065,1050108,0.0904574
1066,1050124,0.0680484
1067,1050125,0.10510922
1068,1050140,0.05807626
1069,1050146,0.07660627
1070,1050166,0.035256244
1071,1050169,0.047614343
1072,1050190,0.0904574
1073,1050205,0.09101764
1074,1050206,0.035256244
1075,1050212,0.063041195
1076,1060013,0.05175938
1077,1060018,0.09620974
1078,1060052,0.035256244
1079,1060085,0.05789498
1080,1060101,0.05530649
1081,1060106,0.08959598
1082,1060116,0.068268955
1083,1060127,0.08087613
1084,1060135,0.10923882
1085,1060144,0.03506813
1086,1060148,0.10942477
1087,1060168,0.035256244
1088,1060170,0.05548015
1089,1060190,0.17361996
1090,1070025,0.055174172
1091,1070032,0.10942477
1092,1070083,0.035256244
1093,1070086,0.111173265
1094,1070095,0.060094226
1095,1070097,0.10291936
1096,1070101,0.103500746
1097,1070109,0.05548015
1098,1070122,0.035256244
1099,1070130,0.053547952
1100,1070157,0.103500746
1101,1080003,0.047614343
1102,1080027,0.056274902
1103,1080031,0.057079148
1104,1080036,0.111239135
1105,1080042,0.059130363
1106,1080058,0.0536755
1107,1080103,0.10481757
1108,1080131,0.047614343
1109,1080136,0.110807635
1110,1080149,0.035256244
1111,1080151,0.07863312
1112,1080155,0.06517753
1113,1090007,0.17775968
1114,1090014,0.089302994
1115,1090042,0.05789498
1116,1090054,0.058991924
1117,1090060,0.057981957
1118,1090061,0.0536755
1119,1090068,0.086900346
1120,1090070,0.10942477
1121,1090090,0.103500746
1122,1090092,0.051881116
1123,1090106,0.035256244
1124,1090112,0.063715935
1125,1090134,0.07674529
1126,1090167,0.0680484
1127,1100010,0.047064874
1128,1100030,0.056451645
1129,1100042,0.10570152
1130,1100056,0.035256244
1131,1100069,0.10780459
1132,1100078,0.05978181
1133,1100086,0.03506813
1134,1100096,0.05367366
1135,1100134,0.05789498
1136,1100140,0.059970375
1137,1100151,0.11019026
1138,1110008,0.05367366
1139,1110010,0.05548015
1140,1110054,0.035256244
1141,1110058,0.1048388
1142,1110137,0.053547952
1143,1110142,0.07772904
1144,1110147,0.1748962
1145,1120003,0.047614343
1146,1120017,0.05530649
1147,1120024,0.058130655
1148,1120037,0.047614343
1149,1120044,0.10942477
1150,1120092,0.08985678
1151,1120117,0.060094226
1152,1120123,0.09920593
1153,1120156,0.09829375
1154,1120185,0.053547952
1155,1130004,0.05530649
1156,1130005,0.035256244
1157,1130007,0.047614343
1158,1130023,0.089302994
1159,1130035,0.05530649
1160,1130045,0.06784481
1161,1130052,0.057528455
1162,1130056,0.07698108
1163,1130059,0.10780459
1164,1130064,0.108814135
1165,1130118,0.07764432
1166,1130135,0.10942477
1167,1140006,0.09955168
1168,1140019,0.089302994
1169,1140021,0.058448832
1170,1140023,0.07187973
1171,1140059,0.10027133
1172,1140092,0.089302994
1173,1140102,0.089302994
1174,1140133,0.10942477
1175,1140137,0.03506813
1176,1140147,0.08426919
1177,1140163,0.047614343
1178,1140164,0.08959598
1179,1140177,0.08440553
1180,1140185,0.06486097
1181,1150008,0.058091495
1182,1150017,0.10942477
1183,1150054,0.10780459
1184,1150083,0.1563886
1185,1150085,0.089302994
1186,1150096,0.111239135
1187,1150101,0.057600204
1188,1150106,0.07660627
1189,1150110,0.05175938
1190,1150115,0.110807635
1191,1150136,0.06351798
1192,1150137,0.18296772
1193,1150141,0.111239135
1194,1150143,0.06694734
1195,1150152,0.060393535
1196,1150153,0.047614343
1197,1150161,0.059970375
1198,1160000,0.05175938
1199,1160006,0.056544267
1200,1160044,0.16796696
1201,1160046,0.10559609
1202,1160062,0.09031337
1203,1160071,0.035256244
1204,1160082,0.12480137
1205,1160095,0.13751014
1206,1160112,0.111239135
1207,1160144,0.035256244
1208,1160153,0.062009033
1209,1160184,0.09524664
1210,1160188,0.053547952
1211,1170004,0.05175938
1212,1170028,0.105174266
1213,1170038,0.058266457
1214,1170041,0.058268446
1215,1170060,0.061480716
1216,1170067,0.10637846
1217,1170081,0.07787331
1218,1170090,0.058266457
1219,1170091,0.10942477
1220,1170163,0.035256244
1221,1170171,0.035256244
1222,1170172,0.06542928
1223,1170178,0.05175938
1224,1170182,0.09307354
1225,1170185,0.05175938
1226,1180009,0.047614343
1227,1180012,0.03506813
1228,1180017,0.05175938
1229,1180045,0.063183
1230,1180085,0.057600204
1231,1180119,0.110807635
1232,1180140,0.09101764
1233,1180148,0.0904574
1234,1180154,0.110807635
1235,1180162,0.035256244
1236,1180188,0.110807635
1237,1190014,0.108225815
1238,1190019,0.110807635
1239,1190022,0.108814135
1240,1190045,0.07895931
1241,1190049,0.10942477
1242,1190061,0.101958245
1243,1190064,0.108814135
1244,1190109,0.035256244
1245,1200006,0.03506813
1246,1200024,0.073444754
1247,1200026,0.055174172
1248,1200030,0.089302994
1249,1200040,0.111239135
1250,1200046,0.105615474
1251,1200059,0.059970375
1252,1200060,0.14053282
1253,1200081,0.07863312
1254,1200102,0.09524664
1255,1200123,0.10942477
1256,1200125,0.035256244
1257,1200131,0.11509646
1258,1200136,0.110807635
1259,1200140,0.09620974
1260,1200146,0.07307233
1261,1200152,0.103718154
1262,1200167,0.104374886
1263,1210006,0.035256244
1264,1210012,0.053547952
1265,1210039,0.10985154
1266,1210047,0.10942477
1267,1210049,0.089302994
1268,1210094,0.18296772
1269,1210129,0.068058155
1270,1210164,0.089302994
1271,1210169,0.047064874
1272,1220006,0.110807635
1273,1220019,0.09101764
1274,1220024,0.10027133
1275,1220035,0.035256244
1276,1220077,0.06089631
1277,1220097,0.065578744
1278,1220106,0.060393535
1279,1220114,0.07764432
1280,1220122,0.060518775
1281,1220151,0.09275272
1282,1220156,0.096469745
1283,1230022,0.057173315
1284,1230041,0.05530649
1285,1230050,0.056324333
1286,1230073,0.18839926
1287,1230081,0.089302994
1288,1230115,0.101958245
1289,1230134,0.035256244
1290,1230135,0.035256244
1291,1230146,0.10282085
1292,1240014,0.15419345
1293,1240015,0.09307354
1294,1240021,0.047064874
1295,1240028,0.0904574
1296,1240030,0.103500746
1297,1240042,0.05801657
1298,1240087,0.110807635
1299,1240119,0.053547952
1300,1240140,0.10570152
1301,1240159,0.1660039
1302,1250004,0.047064874
1303,1250018,0.10942477
1304,1250030,0.1102176
1305,1250039,0.035256244
1306,1250071,0.060393535
1307,1250086,0.08705629
1308,1250089,0.09620974
1309,1250092,0.089302994
1310,1250101,0.096469745
1311,1250126,0.06085222
1312,1250133,0.06216759
1313,1250136,0.047064874
1314,1250139,0.047614343
1315,1250143,0.089302994
1316,1250146,0.035256244
1317,1260011,0.055174172
1318,1260013,0.18824127
1319,1260030,0.077387094
1320,1260040,0.056451645
1321,1260067,0.05789498
1322,1260074,0.07913767
1323,1260092,0.05756726
1324,1260101,0.089302994
1325,1260104,0.051881116
1326,1260122,0.048117395
1327,1260127,0.099005304
1328,1260136,0.060094226
1329,1270046,0.051881116
1330,1270054,0.06089631
1331,1270057,0.066297546
1332,1270068,0.035256244
1333,1270083,0.0904574
1334,1270094,0.06354931
1335,1270098,0.057600204
1336,1270106,0.110807635
1337,1270115,0.05966498
1338,1280003,0.05680418
1339,1280018,0.08959598
1340,1280020,0.053547952
1341,1280067,0.058273356
1342,1280074,0.10985154
1343,1280090,0.09524664
1344,1280098,0.05770183
1345,1280117,0.05175938
1346,1280123,0.060094226
1347,1280141,0.110807635
1348,1280154,0.18226923
1349,1290020,0.110807635
1350,1290042,0.035256244
1351,1290051,0.110807635
1352,1290052,0.18296772
1353,1290056,0.11019026
1354,1290071,0.06558077
1355,1290072,0.111239135
1356,1290107,0.15847127
1357,1290108,0.17899026
1358,1290131,0.053547952
1359,1300029,0.051881116
1360,1300033,0.18296772
1361,1300042,0.11033456
1362,1300067,0.05175938
1363,1300075,0.047614343
1364,1300088,0.05175938
1365,1300090,0.086766705
1366,1300105,0.059922613
1367,1300112,0.047614343
1368,1300117,0.10780459
1369,1300124,0.060393535
1370,1300146,0.0945837
1371,1310012,0.035256244
1372,1310026,0.0904574
1373,1310033,0.1678567
1374,1310038,0.27002236
1375,1310050,0.103500746
1376,1310085,0.047614343
1377,1310097,0.05175938
1378,1310149,0.03506813
1379,1310165,0.05175938
1380,1320017,0.108814135
1381,1320024,0.047614343
1382,1320072,0.10780459
1383,1320093,0.089302994
1384,1320095,0.099005304
1385,1320099,0.051881116
1386,1320113,0.077387094
1387,1320115,0.035256244
1388,1330008,0.035256244
1389,1330036,0.089302994
1390,1330040,0.055174172
1391,1330046,0.099005304
1392,1330058,0.10942477
1393,1330061,0.058312632
1394,1330066,0.057528455
1395,1330071,0.10942477
1396,1330082,0.10985154
1397,1330109,0.063715935
1398,1330116,0.14000563
1399,1330130,0.10985154
1400,1330132,0.03534185
1401,1330135,0.053547952
1402,1330157,0.060393535
1403,1330163,0.057600204
1404,1340004,0.05175938
1405,1340056,0.048117395
1406,1340058,0.11334066
1407,1340059,0.09920593
1408,1340069,0.10780459
1409,1340074,0.10942477
1410,1340087,0.098085046
1411,1340106,0.111173265
1412,1340126,0.05175938
1413,1340136,0.11064709
1414,1350011,0.058448832
1415,1350027,0.06851404
1416,1350031,0.05367366
1417,1350065,0.10027133
1418,1350067,0.059027378
1419,1350076,0.110807635
1420,1350082,0.053547952
1421,1350088,0.058273356
1422,1350103,0.06113018
1423,1350117,0.110807635
1424,1350122,0.08346393
1425,1350125,0.111239135
1426,1350131,0.08415269
1427,1360007,0.035256244
1428,1360024,0.113444574
1429,1360043,0.18296772
1430,1360059,0.18296772
1431,1360066,0.051164646
1432,1360074,0.089302994
1433,1360075,0.060205232
1434,1360078,0.060393535
1435,1360086,0.068268955
1436,1360089,0.0769236
1437,1360090,0.06715886
1438,1360096,0.060393535
1439,1360130,0.08466269
1440,1360141,0.047614343
1441,1360148,0.06517753
1442,1360168,0.05789498
1443,1370021,0.101958245
1444,1370046,0.035256244
1445,1370048,0.110807635
1446,1370060,0.053547952
1447,1370076,0.103500746
1448,1370081,0.053547952
1449,1370086,0.10942477
1450,1370095,0.05175938
1451,1370114,0.108225815
1452,1370134,0.110807635
1453,1370148,0.035256244
1454,1370162,0.088836096
1455,1370163,0.047064874
1456,1370183,0.08959598
1457,1380013,0.03506813
1458,1380042,0.047614343
1459,1380057,0.103500746
1460,1380074,0.05530649
1461,1380089,0.058449358
1462,1380090,0.18086745
1463,1380092,0.051881116
1464,1380120,0.047614343
1465,1380130,0.089302994
1466,1380131,0.08985678
1467,1380144,0.058450826
1468,1380188,0.08959598
1469,1380211,0.08282831
1470,1380223,0.05797878
1471,1390005,0.057787072
1472,1390008,0.047614343
1473,1390021,0.056544267
1474,1390022,0.09101764
1475,1390025,0.05530649
1476,1390026,0.10481757
1477,1390052,0.103789166
1478,1390056,0.099005304
1479,1390066,0.0638499
1480,1390085,0.047614343
1481,1390091,0.047064874
1482,1390100,0.05367366
1483,1390104,0.058266457
1484,1390120,0.05530649
1485,1390148,0.08985678
1486,1390165,0.059970375
1487,1400019,0.05530649
1488,1400022,0.055174172
1489,1400033,0.055174172
1490,1400063,0.0904574
1491,1400066,0.08141462
1492,1400069,0.0904574
1493,1400094,0.11186949
1494,1400139,0.08959598
1495,1400143,0.10528416
1496,1400145,0.047064874
1497,1400151,0.110807635
1498,1410017,0.047614343
1499,1410023,0.05711578
1500,1410025,0.055174172
1501,1410051,0.086900346
1502,1410055,0.10481757
1503,1410064,0.077387094
1504,1410095,0.060094226
1505,1410108,0.10942477
1506,1410130,0.0638499
1507,1410131,0.10985154
1508,1410134,0.09524664
1509,1410137,0.10282085
1510,1420011,0.10695599
1511,1420045,0.053547952
1512,1420063,0.09996241
1513,1420088,0.110807635
1514,1420096,0.0650259
1515,1420100,0.105657555
1516,1420131,0.047064874
1517,1420171,0.09101764
1518,1420177,0.035256244
1519,1420182,0.10027133
1520,1420189,0.10481757
1521,1430018,0.09075381
1522,1430023,0.055174172
1523,1430039,0.03506813
1524,1430091,0.10695599
1525,1430108,0.058556806
1526,1430124,0.06959804
1527,1430156,0.035256244
1528,1430159,0.15950069
1529,1430181,0.051164646
1530,1440006,0.05367366
1531,1440019,0.111239135
1532,1440034,0.0904574
1533,1440035,0.035256244
1534,1440055,0.05175938
1535,1440075,0.07092059
1536,1440092,0.061783947
1537,1440097,0.10027133
1538,1440123,0.11019026
1539,1440128,0.057600204
1540,1440148,0.058556806
1541,1450011,0.05801657
1542,1450015,0.03506813
1543,1450050,0.057173315
1544,1450071,0.09075381
1545,1450075,0.089302994
1546,1450100,0.089302994
1547,1450118,0.089302994
1548,1450127,0.0904574
1549,1450156,0.09101764
1550,1460021,0.110807635
1551,1460035,0.05175938
1552,1460104,0.108814135
1553,1460111,0.057600204
1554,1460151,0.10942477
1555,1460159,0.085372575
1556,1460166,0.10780459
1557,1460172,0.035256244
1558,1460182,0.058091495
1559,1470027,0.053547952
1560,1470035,0.079728186
1561,1470046,0.056451645
1562,1470066,0.060798462
1563,1470088,0.10942477
1564,1470092,0.10942477
1565,1470119,0.10780459
1566,1470145,0.060094226
1567,1470167,0.058130655
1568,1470174,0.058266457
1569,1480016,0.058268446
1570,1480028,0.06272645
1571,1480058,0.08017903
1572,1480110,0.051881116
1573,1480117,0.105615474
1574,1490023,0.06392101
1575,1490044,0.05779599
1576,1490071,0.035256244
1577,1490079,0.035256244
1578,1490117,0.089302994
1579,1490124,0.060393535
1580,1490126,0.051164646
1581,1500005,0.10720191
1582,1500010,0.09075381
1583,1500011,0.101958245
1584,1500014,0.035256244
1585,1500025,0.10047424
1586,1500040,0.035256244
1587,1500060,0.07814256
1588,1500061,0.05548015
1589,1500072,0.18245982
1590,1500082,0.096469745
1591,1500098,0.057981957
1592,1500107,0.0904574
1593,1500113,0.111239135
1594,1500139,0.03534185
1595,1510003,0.110807635
1596,1510014,0.10481757
1597,1510036,0.111239135
1598,1510071,0.035256244
1599,1510072,0.10481757
1600,1510089,0.11061964
1601,1510091,0.111239135
1602,1510100,0.07872138
1603,1510119,0.061845087
1604,1510132,0.059970375
1605,1510145,0.096469745
1606,1510152,0.08390039
1607,1510157,0.07863312
1608,1510167,0.07814256
1609,1520011,0.035256244
1610,1520022,0.10942477
1611,1520038,0.10985154
1612,1520082,0.035256244
1613,1520093,0.08985678
1614,1520105,0.047614343
1615,1520115,0.10985154
1616,1530022,0.10985154
1617,1530034,0.0550012
1618,1530041,0.103500746
1619,1530042,0.10942477
1620,1530048,0.10481757
1621,1530082,0.10780459
1622,1530083,0.10942477
1623,1530096,0.035256244
1624,1530099,0.10942477
1625,1530102,0.060094226
1626,1530110,0.17899026
1627,1530121,0.110807635
1628,1540008,0.053547952
1629,1540013,0.058268446
1630,1540026,0.047614343
1631,1540033,0.035256244
1632,1540043,0.056451645
1633,1540047,0.09620974
1634,1540057,0.058448832
1635,1540065,0.060769103
1636,1540077,0.07872138
1637,1540115,0.05797878
1638,1540140,0.05367366
1639,1540163,0.05175938
1640,1550007,0.11186949
1641,1550010,0.047614343
1642,1550065,0.110807635
1643,1550071,0.035256244
1644,1550088,0.058448832
1645,1550094,0.035256244
1646,1550117,0.10695599
1647,1550145,0.113444574
1648,1550171,0.058449358
1649,1550181,0.0904574
1650,1550189,0.0904574
1651,1560044,0.17944618
1652,1560077,0.035256244
1653,1560115,0.10923882
1654,1560138,0.060205232
1655,1560184,0.05530649
1656,1570007,0.13713455
1657,1570010,0.055519205
1658,1570014,0.08985678
1659,1570031,0.05530649
1660,1570068,0.06251996
1661,1570069,0.099005304
1662,1570076,0.07022962
1663,1570106,0.103500746
1664,1570126,0.07787331
1665,1570149,0.07441546
1666,1580016,0.053547952
1667,1580059,0.11019026
1668,1580064,0.110807635
1669,1580082,0.03506813
1670,1580097,0.11186949
1671,1580137,0.06021847
1672,1580148,0.05548015
1673,1580153,0.035256244
1674,1580178,0.03506813
1675,1580192,0.111239135
1676,1590013,0.047614343
1677,1590015,0.056937084
1678,1590040,0.115033306
1679,1590042,0.056451645
1680,1590045,0.057079148
1681,1590055,0.06452023
1682,1590129,0.057981957
1683,1590143,0.09996241
1684,1590148,0.08778088
1685,1590160,0.11019026
1686,1590168,0.053547952
1687,1600049,0.068058155
1688,1600054,0.10942477
1689,1600058,0.047614343
1690,1600077,0.035256244
1691,1600098,0.077451296
1692,1610031,0.108814135
1693,1610036,0.104045115
1694,1610048,0.18086745
1695,1610077,0.070285834
1696,1610095,0.035256244
1697,1610101,0.060393535
1698,1610123,0.103500746
1699,1610128,0.10985154
1700,1610142,0.055737726
1701,1610143,0.103500746
1702,1610153,0.058130655
1703,1620006,0.05548015
1704,1620009,0.05293381
1705,1620030,0.105615474
1706,1620044,0.0945837
1707,1620053,0.05530649
1708,1620083,0.09829375
1709,1620110,0.110807635
1710,1620122,0.058266457
1711,1620138,0.1660039
1712,1620166,0.113444574
1713,1630008,0.07187973
1714,1630038,0.09524664
1715,1630077,0.09307354
1716,1630088,0.035256244
1717,1630090,0.07787331
1718,1630122,0.060393535
1719,1630141,0.103500746
1720,1630152,0.09307354
1721,1630173,0.09075381
1722,1630180,0.035256244
1723,1640008,0.07198545
1724,1640012,0.07282693
1725,1640015,0.10481757
1726,1640098,0.05548015
1727,1640121,0.09101764
1728,1640122,0.110807635
1729,1640157,0.057600204
1730,1640159,0.10570152
1731,1650009,0.10942477
1732,1650018,0.09101764
1733,1650125,0.1748962
1734,1650138,0.035256244
1735,1650164,0.10698795
1736,1650170,0.10942477
1737,1650191,0.112304606
1738,1660067,0.09101764
1739,1660109,0.101958245
1740,1670036,0.035256244
1741,1670049,0.059527036
1742,1670083,0.07660627
1743,1670106,0.10942477
1744,1670111,0.047614343
1745,1670117,0.089302994
1746,1670121,0.06715886
1747,1680017,0.05548015
1748,1680024,0.10942477
1749,1680027,0.10942477
1750,1680060,0.089302994
1751,1680077,0.058444988
1752,1680086,0.057981957
1753,1680100,0.077610545
1754,1680104,0.060393535
1755,1680113,0.110807635
1756,1680131,0.05530649
1757,1690004,0.10942477
1758,1690015,0.078402095
1759,1690021,0.05522916
1760,1690075,0.10481757
1761,1690084,0.06160932
1762,1690119,0.07814256
1763,1690125,0.035256244
1764,1690143,0.06231032
1765,1700050,0.10985154
1766,1700095,0.077387094
1767,1700117,0.08665737
1768,1710005,0.102082655
1769,1710008,0.055174172
1770,1710022,0.056324333
1771,1710041,0.089302994
1772,1710061,0.03506813
1773,1710069,0.07872138
1774,1710076,0.035256244
1775,1710097,0.06216759
1776,1710101,0.09307354
1777,1710111,0.10027133
1778,1710123,0.03506813
1779,1720032,0.10481757
1780,1720033,0.110807635
1781,1720056,0.06517753
1782,1720059,0.06517753
1783,1720093,0.110807635
1784,1720119,0.11019026
1785,1720143,0.1698372
1786,1720148,0.053547952
1787,1730083,0.058450826
1788,1730120,0.03506813
1789,1730168,0.05175938
1790,1730178,0.089302994
1791,1730197,0.18824127
1792,1740023,0.1801752
1793,1740039,0.05680418
1794,1740049,0.055174172
1795,1740063,0.08959598
1796,1740071,0.10780459
1797,1740119,0.060393535
1798,1740134,0.089302994
1799,1740170,0.035256244
1800,1740179,0.035256244
1801,1740181,0.11019026
1802,1750006,0.051881116
1803,1750012,0.05175938
1804,1750044,0.035256244
1805,1750053,0.057173315
1806,1750132,0.10780459
1807,1760021,0.101958245
1808,1760044,0.0904574
1809,1760046,0.10942477
1810,1760060,0.055174172
1811,1760062,0.035256244
1812,1760071,0.057600204
1813,1760125,0.061698288
1814,1760146,0.047614343
1815,1760157,0.06351798
1816,1760163,0.10942477
1817,1760164,0.10481757
1818,1760176,0.058449358
1819,1760192,0.05548015
1820,1770008,0.035256244
1821,1770014,0.18226923
1822,1770046,0.10366087
1823,1770060,0.035256244
1824,1770070,0.058130655
1825,1770073,0.035256244
1826,1770077,0.101958245
1827,1770110,0.060094226
1828,1770118,0.10942477
1829,1770140,0.035256244
1830,1780010,0.10975651
1831,1780018,0.05530649
1832,1780026,0.035256244
1833,1780044,0.10780459
1834,1780048,0.075447336
1835,1780084,0.035256244
1836,1780093,0.05175938
1837,1780122,0.108225815
1838,1780133,0.053547952
1839,1780161,0.07080573
1840,1780168,0.077387094
1841,1780195,0.064743
1842,1790020,0.056324333
1843,1790030,0.07187973
1844,1790040,0.05530649
1845,1790042,0.089302994
1846,1790053,0.10942477
1847,1790071,0.05175938
1848,1790075,0.105615474
1849,1790104,0.19081178
1850,1790111,0.07633167
1851,1790129,0.035256244
1852,1790168,0.099005304
1853,1800003,0.05530649
1854,1800013,0.03506813
1855,1800018,0.0904574
1856,1800021,0.055174172
1857,1800023,0.0536755
1858,1800028,0.05789498
1859,1800033,0.035256244
1860,1800044,0.06432548
1861,1800059,0.15432109
1862,1800060,0.17502959
1863,1800069,0.0904574
1864,1800090,0.123098426
1865,1800114,0.05530649
1866,1800140,0.058091495
1867,1800145,0.05175938
1868,1800158,0.082783185
1869,1800167,0.10780459
1870,1810012,0.05488583
1871,1810036,0.10780459
1872,1810055,0.07698108
1873,1810068,0.07872138
1874,1810099,0.110807635
1875,1810101,0.047064874
1876,1810114,0.09307354
1877,1810123,0.060393535
1878,1810133,0.063041195
1879,1820003,0.0550012
1880,1820007,0.058312632
1881,1820037,0.057552416
1882,1820040,0.07187973
1883,1820046,0.07043564
1884,1820047,0.08959598
1885,1820073,0.0638499
1886,1820099,0.060769103
1887,1820110,0.053547952
1888,1830014,0.07814256
1889,1830044,0.03506813
1890,1830066,0.09524664
1891,1830072,0.110807635
1892,1830076,0.18839926
1893,1830087,0.07674529
1894,1830094,0.060094226
1895,1830098,0.05175938
1896,1830158,0.0536755
1897,1840006,0.101958245
1898,1840007,0.18086745
1899,1840019,0.03506813
1900,1840024,0.05175938
1901,1840049,0.055044454
1902,1840050,0.08985678
1903,1840053,0.064743
1904,1840072,0.047614343
1905,1840075,0.03506813
1906,1840097,0.047064874
1907,1840107,0.110807635
1908,1840108,0.108814135
1909,1840120,0.048117395
1910,1850006,0.07187973
1911,1850018,0.05779599
1912,1850022,0.08183152
1913,1850047,0.035256244
1914,1850079,0.089302994
1915,1850099,0.03506813
1916,1850107,0.053547952
1917,1850110,0.05175938
1918,1850118,0.047614343
1919,1850144,0.097477265
1920,1860010,0.10481757
1921,1860015,0.055174172
1922,1860021,0.09524664
1923,1860025,0.103500746
1924,1860028,0.10942477
1925,1860032,0.09752251
1926,1860033,0.089302994
1927,1860035,0.057079148
1928,1860037,0.035256244
1929,1860048,0.0904574
1930,1860063,0.066156134
1931,1860070,0.089302994
1932,1860105,0.10942477
1933,1860111,0.10942477
1934,1860112,0.110807635
1935,1860113,0.053547952
1936,1860118,0.047614343
1937,1870018,0.05175938
1938,1870027,0.099005304
1939,1870036,0.08959598
1940,1870053,0.077610545
1941,1870079,0.077451296
1942,1870125,0.059970375
1943,1870130,0.05367366
1944,1880007,0.09075381
1945,1880072,0.11019026
1946,1880104,0.061783947
1947,1880117,0.110807635
1948,1880120,0.11019026
1949,1890028,0.070868954
1950,1890032,0.0904574
1951,1890033,0.05615702
1952,1890034,0.09101764
1953,1890042,0.03506813
1954,1890073,0.06007965
1955,1890082,0.11019026
1956,1890100,0.035256244
1957,1890103,0.11186949
1958,1890123,0.058312632
1959,1890152,0.096469745
1960,1900017,0.089302994
1961,1900060,0.056274902
1962,1900072,0.03506813
1963,1900091,0.063715935
1964,1900092,0.06307142
1965,1900093,0.110807635
1966,1900099,0.047064874
1967,1900109,0.1813271
1968,1900113,0.110807635
1969,1900124,0.035256244
1970,1900147,0.089302994
1971,1900158,0.104374886
1972,1900168,0.110807635
1973,1900186,0.0880267
1974,1900189,0.10942477
1975,1900195,0.09590476
1976,1900198,0.07660627
1977,1900201,0.05175938
1978,1900203,0.047614343
1979,1910018,0.07863312
1980,1910019,0.057079148
1981,1910025,0.056274902
1982,1910034,0.047614343
1983,1910040,0.056544267
1984,1910057,0.061243005
1985,1910060,0.060094226
1986,1910063,0.103500746
1987,1910078,0.035256244
1988,1910082,0.035256244
1989,1910084,0.10942477
1990,1910095,0.10942477
1991,1910096,0.10942477
1992,1910107,0.10942477
1993,1910112,0.05789498
1994,1910115,0.07698108
1995,1910118,0.035256244
1996,1910151,0.09101764
1997,1920008,0.059110004
1998,1920024,0.047614343
1999,1920089,0.077387094
2000,1920097,0.09297115
2001,1920098,0.057600204
2002,1920116,0.09451549
2003,1920143,0.059922613
2004,1920157,0.06021847
2005,1920172,0.05367366
2006,1920173,0.05175938
2007,1920180,0.06070274
2008,1920189,0.10985154
2009,1930005,0.047614343
2010,1930006,0.058130655
2011,1930051,0.09524664
2012,1930059,0.10422964
2013,1930064,0.05175938
2014,1930066,0.047614343
2015,1930093,0.0680484
2016,1930096,0.051881116
2017,1930099,0.108225815
2018,1930101,0.15696621
2019,1930113,0.047614343
2020,1930116,0.035256244
2021,1930117,0.061591595
2022,1930146,0.110807635
2023,1930170,0.057600204
2024,1930193,0.07660627
2025,1940008,0.05293381
2026,1940045,0.03506813
2027,1940070,0.061591595
2028,1940076,0.089302994
2029,1940094,0.035256244
2030,1950005,0.056274902
2031,1950008,0.10695599
2032,1950025,0.05598493
2033,1950029,0.05548015
2034,1950031,0.057079148
2035,1950032,0.053547952
2036,1950084,0.10698795
2037,1950106,0.06517753
2038,1950109,0.03506813
2039,1950120,0.0880267
2040,1950188,0.09075381
2041,1950190,0.110807635
2042,1950195,0.05770183
2043,1950200,0.05807626
2044,1950202,0.05548015
2045,1960010,0.058448832
2046,1960015,0.07863312
2047,1960034,0.053547952
2048,1960035,0.058273356
2049,1960048,0.05680418
2050,1960108,0.08415269
2051,1960128,0.06284603
2052,1960131,0.035256244
2053,1960134,0.10481757
2054,1960149,0.0904574
2055,1960163,0.047614343
2056,1960165,0.09548967
2057,1960170,0.06172981
2058,1970022,0.035256244
2059,1970033,0.09524664
2060,1970036,0.111239135
2061,1970037,0.17775968
2062,1970041,0.035256244
2063,1970060,0.03506813
2064,1970063,0.060393535
2065,1970072,0.108814135
2066,1970083,0.10570152
2067,1970084,0.058449358
2068,1970092,0.035256244
2069,1970093,0.103500746
2070,1970097,0.051164646
2071,1970111,0.03506813
2072,1970117,0.10942477
2073,1970124,0.111239135
2074,1970133,0.05367366
2075,1970148,0.07863312
2076,1970150,0.101958245
2077,1970180,0.05965621
2078,1990007,0.10780459
2079,1990011,0.07043564
2080,1990022,0.074339464
2081,1990057,0.06089631
2082,1990137,0.086245224
2083,1990143,0.05548015
2084,1990144,0.18086745
2085,1990162,0.06671979
2086,1990174,0.058130655
2087,1990187,0.10235692
2088,1990195,0.04772847
2089,1990216,0.053547952
2090,1990242,0.067106225
2091,1990257,0.058091495
2092,1990269,0.035256244
2093,1990292,0.035256244
2094,1990295,0.07863312
2095,1990313,0.07660627
2096,1990334,0.05530649
2097,1990348,0.035256244
2098,1990355,0.18296772
2099,1990364,0.089302994
2100,2000004,0.110807635
2101,2000010,0.047614343
2102,2000031,0.057079148
2103,2000047,0.060393535
2104,2000054,0.07022962
2105,2000069,0.053547952
2106,2000071,0.08985678
2107,2000076,0.035256244
2108,2000078,0.09075381
2109,2000110,0.05789498
2110,2010003,0.035256244
2111,2010006,0.103500746
2112,2010039,0.03506813
2113,2010047,0.035256244
2114,2010052,0.07798984
2115,2010054,0.05175938
2116,2010092,0.047614343
2117,2010094,0.2504705
2118,2010111,0.03506813
2119,2030022,0.10027133
2120,2030026,0.0550012
2121,2030080,0.035256244
2122,2030094,0.053547952
2123,2030097,0.05367366
2124,2030108,0.057600204
2125,2030109,0.060436435
2126,2030148,0.110807635
2127,2040015,0.10942477
2128,2040026,0.101958245
2129,2040135,0.060769103
2130,2040150,0.07787331
2131,2040158,0.103500746
2132,2040161,0.089302994
2133,2040165,0.110807635
2134,2040174,0.077387094
2135,2060028,0.063577116
2136,2060033,0.059527036
2137,2060034,0.055174172
2138,2060040,0.053547952
2139,2060050,0.110807635
2140,2060055,0.05175938
2141,2060101,0.10942477
2142,2070045,0.03506813
2143,2070064,0.112304606
2144,2070065,0.180917
2145,2070067,0.052128308
2146,2070071,0.0638499
2147,2070072,0.10985154
2148,2070098,0.103500746
2149,2070132,0.058130655
2150,2070143,0.10942477
2151,2070166,0.10027133
2152,2080027,0.089302994
2153,2080034,0.101958245
2154,2080082,0.03506813
2155,2080097,0.047064874
2156,2080107,0.05367366
2157,2080118,0.057600204
2158,2080119,0.068268955
2159,2080135,0.05807626
2160,2080156,0.07022962
2161,2080175,0.047614343
2162,2080212,0.047614343
2163,2080214,0.08228348
2164,2080221,0.05883639
2165,2080227,0.07814256
2166,2080230,0.05530649
2167,2080238,0.05530649
2168,2080248,0.035256244
2169,2090003,0.035256244
2170,2090005,0.035256244
2171,2090008,0.053547952
2172,2090036,0.047614343
2173,2090091,0.089302994
2174,2090097,0.05175938
2175,2090115,0.03506813
2176,2090122,0.110807635
2177,2090150,0.07872138
2178,2090155,0.07764432
2179,2090159,0.18086745
2180,2090163,0.060094226
2181,2090174,0.053547952
2182,2100022,0.03506813
2183,2100025,0.09075381
2184,2100029,0.0904574
2185,2100045,0.035256244
2186,2100052,0.053547952
2187,2100064,0.11547911
2188,2100070,0.055614747
2189,2100103,0.035256244
2190,2100118,0.09489221
2191,2100122,0.11019026
2192,2100125,0.11186949
2193,2100131,0.10720191
2194,2100137,0.035256244
2195,2100144,0.059970375
2196,2100148,0.09678376
2197,2110005,0.10780459
2198,2110023,0.065658525
2199,2110025,0.057173315
2200,2110068,0.06784481
2201,2110093,0.16148433
2202,2110108,0.1102176
2203,2110164,0.089302994
2204,2110167,0.051881116
2205,2120010,0.07282693
2206,2120017,0.035256244
2207,2120031,0.110807635
2208,2120043,0.09101764
2209,2120049,0.10481757
2210,2120060,0.11186949
2211,2120061,0.07248193
2212,2120120,0.035256244
2213,2120131,0.10481757
2214,2120203,0.2602897
2215,2130012,0.05548015
2216,2130014,0.07187973
2217,2130023,0.18296772
2218,2130040,0.09307354
2219,2130047,0.10027133
2220,2130070,0.09075381
2221,2130105,0.061783947
2222,2130110,0.10699485
2223,2130135,0.063588835
2224,2130169,0.111239135
2225,2140005,0.05598493
2226,2140018,0.09524664
2227,2140027,0.06134654
2228,2140038,0.05598493
2229,2140078,0.124630235
2230,2140113,0.03506813
2231,2140147,0.10366087
2232,2140159,0.05530649
2233,2140170,0.10282085
2234,2140183,0.08078565
2235,2150003,0.03506813
2236,2150015,0.112304606
2237,2150018,0.17102188
2238,2150022,0.057552416
2239,2150027,0.05680418
2240,2150043,0.035256244
2241,2150060,0.053547952
2242,2150064,0.047614343
2243,2150068,0.064048566
2244,2150087,0.06089631
2245,2150093,0.05367366
2246,2150097,0.051881116
2247,2150117,0.09101764
2248,2150118,0.10481757
2249,2150145,0.07872138
2250,2160006,0.047614343
2251,2160008,0.07203952
2252,2160014,0.099045895
2253,2160025,0.0815948
2254,2160057,0.10942477
2255,2160112,0.10985154
2256,2160120,0.035256244
2257,2160122,0.05175938
2258,2160142,0.10942477
2259,2160145,0.0945837
2260,2160162,0.060094226
2261,2170018,0.035256244
2262,2170062,0.0904574
2263,2170077,0.0904574
2264,2170085,0.06089631
2265,2170091,0.10510922
2266,2170102,0.07872138
2267,2170119,0.10027133
2268,2170133,0.17775968
2269,2170145,0.05770183
2270,2170157,0.053547952
2271,2180010,0.047614343
2272,2180066,0.07698108
2273,2180076,0.07660627
2274,2180105,0.102082655
2275,2180116,0.11128864
2276,2180120,0.089302994
2277,2180148,0.04772847
2278,2190047,0.0904574
2279,2190050,0.07252188
2280,2190052,0.0904574
2281,2190093,0.13308908
2282,2190126,0.05175938
2283,2190127,0.05548015
2284,2190130,0.110807635
2285,2190153,0.10422964
2286,2190168,0.11186949
2287,2190174,0.059970375
2288,2190175,0.096469745
2289,2200019,0.035256244
2290,2200027,0.053547952
2291,2200028,0.10942477
2292,2200029,0.05530649
2293,2200038,0.05562251
2294,2200090,0.10780459
2295,2200091,0.10027133
2296,2200110,0.053547952
2297,2200117,0.13767205
2298,2200122,0.060393535
2299,2200154,0.09524664
2300,2210017,0.047064874
2301,2210042,0.03506813
2302,2210065,0.17771652
2303,2210070,0.06085222
2304,2210100,0.07678429
2305,2210102,0.06289449
2306,2210124,0.053547952
2307,2210129,0.077610545
2308,2210150,0.060393535
2309,2210158,0.10780459
2310,2210176,0.15489247
2311,2220037,0.06908876
2312,2220041,0.10942477
2313,2220044,0.03506813
2314,2220063,0.05534521
2315,2220075,0.111239135
2316,2220108,0.077451296
2317,2220136,0.077451296
2318,2220154,0.060393535
2319,2220160,0.10942477
2320,2220169,0.05548015
2321,2230015,0.103500746
2322,2230028,0.115033306
2323,2230041,0.058266457
2324,2230067,0.089302994
2325,2230091,0.048117395
2326,2230096,0.103500746
2327,2230100,0.05978181
2328,2230121,0.103500746
2329,2230128,0.102082655
2330,2230134,0.053547952
2331,2230135,0.086766705
2332,2230148,0.11186949
2333,2230150,0.05530649
2334,2240012,0.035256244
2335,2240029,0.058130655
2336,2240058,0.0945837
2337,2240063,0.064743
2338,2240067,0.06715886
2339,2240070,0.089302994
2340,2240077,0.10780459
2341,2240095,0.06542928
2342,2240113,0.057528455
2343,2240117,0.07104276
2344,2240128,0.07441546
2345,2240137,0.060094226
2346,2240142,0.18296772
2347,2240152,0.06216759
2348,2250008,0.110807635
2349,2250013,0.17775968
2350,2250019,0.15625231
2351,2250020,0.18226923
2352,2250021,0.110807635
2353,2250033,0.103500746
2354,2250043,0.035256244
2355,2250055,0.110807635
2356,2250063,0.035256244
2357,2250082,0.18296772
2358,2250101,0.05175938
2359,2250161,0.047614343
2360,2250167,0.05175938
2361,2250168,0.058091495
2362,2250184,0.110807635
2363,2260006,0.059912916
2364,2260010,0.054673348
2365,2260071,0.05293381
2366,2260099,0.101958245
2367,2260102,0.108814135
2368,2260110,0.08959598
2369,2260147,0.058266457
2370,2260164,0.10942477
2371,2260181,0.103500746
2372,2270009,0.035256244
2373,2270018,0.1801752
2374,2270053,0.035256244
2375,2270067,0.0674184
2376,2270071,0.06517753
2377,2270089,0.047614343
2378,2270096,0.10720191
2379,2270106,0.08778088
2380,2270108,0.059970375
2381,2270140,0.051881116
2382,2270160,0.035256244
2383,2270165,0.035256244
2384,2270188,0.08959598
2385,2270195,0.06262835
2386,2280003,0.058130655
2387,2280028,0.058130655
2388,2280040,0.047614343
2389,2280057,0.06134654
2390,2280075,0.07764432
2391,2280080,0.101958245
2392,2280092,0.047614343
2393,2280109,0.047614343
2394,2280136,0.10366087
2395,2290038,0.07207603
2396,2290064,0.09524664
2397,2290085,0.063715935
2398,2290106,0.10942477
2399,2290155,0.07050302
2400,2300014,0.19081178
2401,2300025,0.10942477
2402,2300028,0.07787331
2403,2300031,0.047614343
2404,2300034,0.110807635
2405,2300047,0.109200664
2406,2300052,0.103500746
2407,2300054,0.03506813
2408,2300059,0.18296772
2409,2300062,0.110807635
2410,2300069,0.07764432
2411,2300086,0.089302994
2412,2300091,0.103500746
2413,2300101,0.08959598
2414,2300108,0.05530649
2415,2300140,0.09752251
2416,2310053,0.10027133
2417,2310067,0.035256244
2418,2310079,0.060094226
2419,2310142,0.053547952
2420,2310194,0.17575473
2421,2320017,0.047614343
2422,2320045,0.047614343
2423,2320081,0.060094226
2424,2320089,0.047614343
2425,2320090,0.04772847
2426,2320099,0.03506813
2427,2320118,0.0638499
2428,2320119,0.112304606
2429,2320130,0.10942477
2430,2320151,0.06011107
2431,2320159,0.058266457
2432,2320165,0.051881116
2433,2320166,0.05175938
2434,2320167,0.03506813
2435,2320168,0.05175938
2436,2330025,0.053547952
2437,2330078,0.0904574
2438,2330081,0.05807626
2439,2330097,0.11019026
2440,2330104,0.057600204
2441,2330124,0.06637047
2442,2330130,0.06517753
2443,2330143,0.060393535
2444,2330148,0.07895931
2445,2330166,0.1114723
2446,2330170,0.047614343
2447,2340009,0.047064874
2448,2340012,0.058091495
2449,2340034,0.07281857
2450,2340040,0.035256244
2451,2340045,0.057173315
2452,2340063,0.0589438
2453,2340070,0.057528455
2454,2340073,0.05175938
2455,2340077,0.035256244
2456,2340079,0.110807635
2457,2340120,0.035256244
2458,2340141,0.07698108
2459,2340147,0.03506813
2460,2350003,0.058273356
2461,2350008,0.16376317
2462,2350009,0.18296772
2463,2350052,0.13806605
2464,2350065,0.110807635
2465,2350070,0.110807635
2466,2350090,0.06497535
2467,2350097,0.058312632
2468,2350100,0.11186949
2469,2350135,0.035256244
2470,2360009,0.056324333
2471,2360011,0.110807635
2472,2360015,0.09524664
2473,2360018,0.13944314
2474,2360027,0.089302994
2475,2360063,0.101958245
2476,2360067,0.047614343
2477,2360078,0.10942477
2478,2360089,0.035256244
2479,2360098,0.047614343
2480,2360110,0.074845485
2481,2360132,0.10481757
2482,2360155,0.035256244
2483,2360173,0.057600204
2484,2370014,0.035256244
2485,2370025,0.05894576
2486,2370027,0.111239135
2487,2370057,0.05807626
2488,2370065,0.053547952
2489,2370069,0.03506813
2490,2370077,0.110807635
2491,2370085,0.110807635
2492,2370103,0.061783947
2493,2370111,0.03506813
2494,2370125,0.12652871
2495,2370129,0.053547952
2496,2370152,0.051881116
2497,2370153,0.0904574
2498,2370156,0.047614343
2499,2370165,0.0536755
2500,2380058,0.089302994
2501,2380070,0.089302994
2502,2380082,0.057600204
2503,2380088,0.058266457
2504,2380107,0.06045339
2505,2380119,0.063715935
2506,2380149,0.060393535
2507,2380163,0.057981957
2508,2390008,0.07006197
2509,2390012,0.10942477
2510,2390026,0.063577116
2511,2390032,0.057173315
2512,2390035,0.07648905
2513,2390043,0.055174172
2514,2390056,0.057528455
2515,2390061,0.056451645
2516,2390092,0.053547952
2517,2390099,0.06216759
2518,2390111,0.05530649
2519,2390131,0.11186949
2520,2390132,0.0536755
2521,2390144,0.10942477
2522,2390177,0.047614343
2523,2390181,0.10481757
2524,2400004,0.054447625
2525,2400022,0.056324333
2526,2400023,0.058448832
2527,2400032,0.047614343
2528,2400033,0.035256244
2529,2400042,0.057552416
2530,2400053,0.111239135
2531,2400068,0.110807635
2532,2400107,0.03506813
2533,2400116,0.104374886
2534,2400129,0.10780459
2535,2400130,0.10942477
2536,2400143,0.10481757
2537,2400147,0.108814135
2538,2400162,0.07698108
2539,2400171,0.09108632
2540,2400179,0.07441546
2541,2400180,0.18245982
2542,2400187,0.047064874
2543,2410031,0.110807635
2544,2410046,0.05774227
2545,2410063,0.110807635
2546,2410083,0.10027133
2547,2410102,0.0904574
2548,2410131,0.10780459
2549,2410135,0.07749376
2550,2410140,0.10582885
2551,2410148,0.08985678
2552,2410172,0.10027133
2553,2420010,0.047614343
2554,2420016,0.11019026
2555,2420028,0.055174172
2556,2420033,0.03506813
2557,2420038,0.07525204
2558,2420076,0.06517753
2559,2420077,0.17552797
2560,2420079,0.05883639
2561,2420083,0.0904574
2562,2420087,0.05966498
2563,2420103,0.0904574
2564,2420111,0.05530649
2565,2420117,0.110807635
2566,2420129,0.058091495
2567,2430006,0.110807635
2568,2430048,0.110807635
2569,2430066,0.035256244
2570,2430093,0.057306144
2571,2430124,0.061783947
2572,2430139,0.03506813
2573,2430149,0.10780459
2574,2430166,0.089302994
2575,2430171,0.080922455
2576,2430184,0.035256244
2577,2430193,0.11019026
2578,2430198,0.035256244
2579,2440009,0.05807626
2580,2440012,0.10650986
2581,2440022,0.035256244
2582,2440056,0.058825683
2583,2440082,0.061639693
2584,2440094,0.08415269
2585,2440101,0.10481757
2586,2440122,0.05883639
2587,2440124,0.035256244
2588,2450017,0.10942477
2589,2450025,0.057528455
2590,2450029,0.058266457
2591,2450040,0.05530649
2592,2450051,0.07038268
2593,2450061,0.089302994
2594,2450071,0.05789498
2595,2450078,0.10720191
2596,2450086,0.053547952
2597,2450093,0.09307354
2598,2450095,0.05175938
2599,2450116,0.075114585
2600,2450120,0.060205232
2601,2450125,0.035256244
2602,2450132,0.035256244
2603,2450133,0.035256244
2604,2450149,0.18086745
2605,2450164,0.0904574
2606,2460003,0.058448832
2607,2460009,0.18086745
2608,2460029,0.110807635
2609,2460039,0.1813271
2610,2460041,0.05966498
2611,2460106,0.053547952
2612,2460110,0.060094226
2613,2460124,0.110807635
2614,2470004,0.056324333
2615,2470018,0.051164646
2616,2470050,0.10987607
2617,2470127,0.05175938
2618,2470133,0.060393535
2619,2470137,0.035256244
2620,2470153,0.060141232
2621,2470168,0.110807635
2622,2470199,0.09524664
2623,2480015,0.035256244
2624,2480053,0.110807635
2625,2480127,0.058448832
2626,2480132,0.089302994
2627,2480147,0.10942477
2628,2480182,0.064851485
2629,2480185,0.05965621
2630,2490064,0.110807635
2631,2490065,0.053547952
2632,2490099,0.0904574
2633,2490104,0.10481757
2634,2490105,0.19081178
2635,2490117,0.07814256
2636,2490124,0.0904574
2637,2490135,0.05367366
2638,2490144,0.11186949
2639,2490145,0.058273356
2640,2490147,0.047064874
2641,2500016,0.111239135
2642,2500023,0.035256244
2643,2500044,0.113444574
2644,2500079,0.06558077
2645,2500092,0.05926413
2646,2500108,0.058266457
2647,2510032,0.05680418
2648,2510040,0.07648905
2649,2510042,0.0699876
2650,2510085,0.06089631
2651,2510101,0.035256244
2652,2510103,0.0904574
2653,2510119,0.18296772
2654,2510132,0.035256244
2655,2510164,0.058312632
2656,2510171,0.03506813
2657,2520003,0.10780459
2658,2520006,0.10780459
2659,2520039,0.047614343
2660,2520047,0.09524664
2661,2520056,0.035256244
2662,2520067,0.089302994
2663,2520069,0.03506813
2664,2520074,0.07698108
2665,2520076,0.10780459
2666,2520086,0.10942477
2667,2520099,0.07787331
2668,2520100,0.035256244
2669,2520118,0.089302994
2670,2520119,0.113444574
2671,2520125,0.08959598
2672,2520127,0.108814135
2673,2520144,0.089302994
2674,2520150,0.10282085
2675,2530008,0.05779599
2676,2530021,0.110807635
2677,2530022,0.10582885
2678,2530033,0.05175938
2679,2530049,0.18072653
2680,2530050,0.072867826
2681,2530080,0.06085222
2682,2530084,0.055614747
2683,2530086,0.05175938
2684,2530092,0.03506813
2685,2530106,0.051881116
2686,2530139,0.035256244
2687,2530142,0.05175938
2688,2530157,0.18296772
2689,2540007,0.03506813
2690,2540024,0.05807626
2691,2540032,0.108225815
2692,2540051,0.104045115
2693,2540063,0.047614343
2694,2540069,0.062142324
2695,2540093,0.08141462
2696,2540117,0.035633616
2697,2540118,0.1660039
2698,2540134,0.047614343
2699,2550013,0.110807635
2700,2550015,0.05293381
2701,2550034,0.07764432
2702,2550046,0.11019026
2703,2550060,0.058825683
2704,2550092,0.035256244
2705,2550096,0.051164646
2706,2550124,0.111239135
2707,2550170,0.035256244
2708,2560017,0.0550012
2709,2560020,0.17775968
2710,2560027,0.05367366
2711,2560035,0.1660039
2712,2560068,0.07660627
2713,2560089,0.110807635
2714,2560093,0.060205232
2715,2560111,0.10481757
2716,2560113,0.09620974
2717,2560125,0.09869986
2718,2560142,0.110807635
2719,2560150,0.03506813
2720,2560157,0.0904574
2721,2570006,0.10942477
2722,2570054,0.07137467
2723,2570069,0.06089631
2724,2570072,0.060393535
2725,2570098,0.06674033
2726,2570105,0.06216759
2727,2570109,0.077451296
2728,2570131,0.035256244
2729,2570157,0.03506813
2730,2570167,0.05175938
2731,2580023,0.056451645
2732,2580028,0.07648905
2733,2580034,0.03506813
2734,2580042,0.05801657
2735,2580072,0.110807635
2736,2580085,0.08276095
2737,2580090,0.111239135
2738,2580129,0.058449358
2739,2580136,0.05175938
2740,2580142,0.17840137
2741,2580161,0.1005095
2742,2580179,0.058448832
2743,2590004,0.089302994
2744,2590009,0.06134654
2745,2590040,0.057552416
2746,2590049,0.053547952
2747,2590055,0.06690493
2748,2590068,0.110807635
2749,2590096,0.057528455
2750,2590106,0.101958245
2751,2590123,0.053547952
2752,2590161,0.05175938
2753,2590189,0.035256244
2754,2590197,0.053547952
2755,2600032,0.05894576
2756,2600048,0.104045115
2757,2600072,0.06694734
2758,2600079,0.05530649
2759,2600103,0.061591595
2760,2600112,0.05548015
2761,2600123,0.108814135
2762,2600159,0.10351911
2763,2610004,0.08959598
2764,2610011,0.0550783
2765,2610022,0.110807635
2766,2610025,0.05598493
2767,2610028,0.1748962
2768,2610032,0.07787331
2769,2610047,0.104374886
2770,2610076,0.03506813
2771,2610107,0.111239135
2772,2610124,0.03506813
2773,2610184,0.03506813
2774,2610188,0.07698108
2775,2610196,0.089302994
2776,2610200,0.05530649
2777,2610210,0.058271587
2778,2620007,0.0904574
2779,2620022,0.057079148
2780,2620023,0.10780459
2781,2620033,0.0904574
2782,2620051,0.03506813
2783,2620054,0.03506813
2784,2620083,0.14224605
2785,2620086,0.057981957
2786,2620116,0.047614343
2787,2630005,0.07863312
2788,2630040,0.12703541
2789,2630055,0.07137467
2790,2630097,0.035256244
2791,2630160,0.10942477
2792,2630162,0.07787331
2793,2630212,0.07698108
2794,2630218,0.10942477
2795,2630231,0.035256244
2796,2640003,0.053547952
2797,2640005,0.047614343
2798,2640006,0.053547952
2799,2640014,0.10985154
2800,2640039,0.058266457
2801,2640047,0.17692576
2802,2640068,0.05530649
2803,2640073,0.09829375
2804,2640081,0.10695599
2805,2640094,0.03506813
2806,2640108,0.0904574
2807,2640126,0.07514428
2808,2640131,0.089302994
2809,2640147,0.10282085
2810,2640157,0.108814135
2811,2640175,0.13308908
2812,2640176,0.1757063
2813,2640178,0.03506813
2814,2650009,0.10780459
2815,2650025,0.110807635
2816,2650045,0.062511384
2817,2650050,0.10481757
2818,2650067,0.089302994
2819,2650097,0.053547952
2820,2650099,0.103500746
2821,2650105,0.10481757
2822,2650111,0.060393535
2823,2650121,0.111239135
2824,2660004,0.035256244
2825,2660010,0.051881116
2826,2660011,0.03506813
2827,2660042,0.09801548
2828,2660066,0.048117395
2829,2660071,0.05530649
2830,2660073,0.099005304
2831,2660100,0.05530649
2832,2660113,0.047614343
2833,2660115,0.10942477
2834,2660125,0.110807635
2835,2660133,0.051881116
2836,2660147,0.17502959
2837,2660151,0.057981957
2838,2670017,0.055174172
2839,2670019,0.110807635
2840,2670044,0.10720191
2841,2670061,0.060094226
2842,2670108,0.10570152
2843,2670138,0.051164646
2844,2670150,0.11019026
2845,2680010,0.035256244
2846,2680014,0.053547952
2847,2680016,0.03506813
2848,2680017,0.035256244
2849,2680026,0.048117395
2850,2680031,0.05591449
2851,2680064,0.08415269
2852,2680082,0.05175938
2853,2680104,0.10027133
2854,2680110,0.13308908
2855,2680116,0.07814256
2856,2680121,0.035256244
2857,2680124,0.058312632
2858,2680126,0.061783947
2859,2680141,0.10027133
2860,2690043,0.056324333
2861,2690050,0.07187973
2862,2690105,0.103500746
2863,2690121,0.047614343
2864,2690144,0.068268955
2865,2690148,0.057600204
2866,2690185,0.053547952
2867,2690193,0.07698108
2868,2690211,0.035256244
2869,2690215,0.061698288
2870,2700012,0.16350068
2871,2700032,0.110807635
2872,2700038,0.07181769
2873,2700050,0.058825683
2874,2700059,0.063715935
2875,2700081,0.10481757
2876,2700086,0.059922613
2877,2700103,0.10942477
2878,2700115,0.053547952
2879,2700118,0.057528455
2880,2700130,0.057600204
2881,2700137,0.10695599
2882,2700147,0.035256244
2883,2710003,0.05530649
2884,2710010,0.035256244
2885,2710033,0.0904574
2886,2710034,0.053547952
2887,2710048,0.101958245
2888,2710049,0.03506813
2889,2710061,0.035256244
2890,2710065,0.09524664
2891,2710079,0.10153219
2892,2710090,0.058312632
2893,2710096,0.035256244
2894,2710121,0.09895073
2895,2710159,0.06593715
2896,2710161,0.06715886
2897,2720003,0.103500746
2898,2720018,0.058266457
2899,2720051,0.077387094
2900,2720089,0.09524664
2901,2720102,0.035256244
2902,2720130,0.05367366
2903,2720140,0.10942477
2904,2720144,0.05175938
2905,2730004,0.035256244
2906,2730005,0.047614343
2907,2730009,0.053547952
2908,2730015,0.10481757
2909,2730053,0.047614343
2910,2730086,0.057600204
2911,2730090,0.035256244
2912,2730103,0.03506813
2913,2730120,0.10027133
2914,2730151,0.07814256
2915,2740006,0.077387094
2916,2740013,0.0904574
2917,2740032,0.053547952
2918,2740036,0.03506813
2919,2740041,0.07282165
2920,2740063,0.06262835
2921,2740082,0.05548015
2922,2740107,0.10695599
2923,2740116,0.077387094
2924,2740118,0.0550783
2925,2740120,0.0880267
2926,2740141,0.103500746
2927,2750013,0.05534521
2928,2750053,0.035256244
2929,2750061,0.05488583
2930,2750067,0.035256244
2931,2750107,0.035256244
2932,2750112,0.053547952
2933,2750115,0.089302994
2934,2750126,0.10942477
2935,2750161,0.089302994
2936,2750176,0.035256244
2937,2750181,0.10942477
2938,2750198,0.09912512
2939,2760050,0.073444754
2940,2760076,0.0904574
2941,2760089,0.035256244
2942,2760105,0.10282054
2943,2760110,0.058962107
2944,2760139,0.10282085
2945,2760149,0.047614343
2946,2770008,0.07814256
2947,2770031,0.05756726
2948,2770046,0.058312632
2949,2770049,0.110807635
2950,2770107,0.18649684
2951,2770130,0.059970375
2952,2770164,0.0904574
2953,2770171,0.06160932
2954,2770185,0.035256244
2955,2770188,0.0650259
2956,2780011,0.08985678
2957,2780033,0.07043564
2958,2780037,0.09101764
2959,2780043,0.089302994
2960,2780048,0.05175938
2961,2780068,0.06851105
2962,2780073,0.05530649
2963,2780083,0.05293381
2964,2780091,0.08389693
2965,2780121,0.057600204
2966,2780138,0.077451296
2967,2780148,0.053547952
2968,2790005,0.110807635
2969,2790007,0.07814256
2970,2790013,0.110807635
2971,2790019,0.035256244
2972,2790031,0.035256244
2973,2790032,0.035256244
2974,2790038,0.057307266
2975,2790044,0.05530649
2976,2790050,0.110807635
2977,2790061,0.104374886
2978,2790077,0.060769103
2979,2790083,0.05293381
2980,2790118,0.05789498
2981,2790123,0.060205232
2982,2790129,0.10695599
2983,2800008,0.0904574
2984,2800025,0.094271645
2985,2800026,0.1801752
2986,2800031,0.055174172
2987,2800102,0.14000563
2988,2800121,0.06715886
2989,2800131,0.048117395
2990,2800136,0.05756726
2991,2800171,0.10921486
2992,2810006,0.047614343
2993,2810019,0.05175938
2994,2810033,0.054713704
2995,2810053,0.108225815
2996,2810072,0.05797878
2997,2810095,0.059970375
2998,2810115,0.059970375
2999,2810121,0.10780459
3000,2810148,0.035256244
3001,2810159,0.05293381
3002,2810172,0.047614343
3003,2810179,0.05175938
3004,2810182,0.08959598
3005,2810187,0.104045115
3006,2810189,0.108814135
3007,2810205,0.05548015
3008,2810210,0.099005304
3009,2820010,0.05175938
3010,2820029,0.11019026
3011,2820032,0.14418426
3012,2820035,0.0904574
3013,2820054,0.05175938
3014,2820064,0.03506813
3015,2820076,0.15696621
3016,2820085,0.09744388
3017,2820095,0.10570152
3018,2820099,0.057528455
3019,2820106,0.111636505
3020,2820116,0.15847127
3021,2820127,0.110807635
3022,2820128,0.110807635
3023,2820149,0.058273356
3024,2830025,0.05175938
3025,2830043,0.15696621
3026,2830048,0.1409076
3027,2830055,0.05786602
3028,2830085,0.10942477
3029,2830098,0.10784956
3030,2830106,0.076865405
3031,2830127,0.05175938
3032,2830154,0.053547952
3033,2830159,0.09085903
3034,2830164,0.053547952
3035,2840005,0.035256244
3036,2840046,0.035256244
3037,2840097,0.10942477
3038,2840109,0.060436435
3039,2840131,0.057600204
3040,2850028,0.0904574
3041,2850064,0.05175938
3042,2850104,0.035256244
3043,2850111,0.03506813
3044,2850160,0.08985678
3045,2850165,0.07488434
3046,2850194,0.0670501
3047,2860049,0.058569305
3048,2860079,0.05367366
3049,2860085,0.06089631
3050,2860097,0.05293381
3051,2860098,0.18086745
3052,2860120,0.03506813
3053,2860128,0.18086745
3054,2860165,0.070285834
3055,2860171,0.057600204
3056,2860186,0.051881116
3057,2870013,0.089302994
3058,2870017,0.03506813
3059,2870043,0.063577116
3060,2870056,0.060205232
3061,2870062,0.035256244
3062,2870078,0.09307354
3063,2870109,0.058130655
3064,2870119,0.05530649
3065,2870152,0.05175938
3066,2880010,0.15489247
3067,2880013,0.05175938
3068,2880045,0.059527036
3069,2880058,0.060094226
3070,2880062,0.10942477
3071,2880067,0.035256244
3072,2880085,0.057600204
3073,2880087,0.10942477
3074,2880124,0.104045115
3075,2880146,0.104482435
3076,2880147,0.14734389
3077,2880155,0.111239135
3078,2890011,0.05779599
3079,2890021,0.10481757
3080,2890030,0.05175938
3081,2890058,0.035256244
3082,2890091,0.03506813
3083,2890105,0.09307354
3084,2890155,0.047614343
3085,2890156,0.058266457
3086,2890157,0.09101764
3087,2890158,0.06089631
3088,2890160,0.051881116
3089,2900045,0.10942477
3090,2900046,0.18226923
3091,2900050,0.05175938
3092,2900068,0.089302994
3093,2900070,0.10942477
3094,2900079,0.10481757
3095,2900102,0.05367366
3096,2910018,0.180917
3097,2910020,0.07479409
3098,2910043,0.051881116
3099,2910063,0.03506813
3100,2910090,0.103500746
3101,2910111,0.03506813
3102,2910129,0.03534185
3103,2910130,0.13800283
3104,2910134,0.060393535
3105,2910203,0.18824127
3106,2920006,0.035256244
3107,2920017,0.058266457
3108,2920028,0.03506813
3109,2920078,0.10338352
3110,2920081,0.104374886
3111,2920102,0.057981957
3112,2920103,0.05548015
3113,2920109,0.0904574
3114,2920134,0.10985154
3115,2920140,0.047614343
3116,2930006,0.054673348
3117,2930022,0.10291936
3118,2930040,0.09895073
3119,2930043,0.047064874
3120,2930050,0.058312632
3121,2930070,0.053547952
3122,2930078,0.047614343
3123,2930083,0.063715935
3124,2930096,0.070285834
3125,2930115,0.053547952
3126,2930129,0.10942477
3127,2930150,0.10985154
3128,2930151,0.10923882
3129,2940006,0.14000563
3130,2940017,0.05530649
3131,2940021,0.035256244
3132,2940032,0.21819863
3133,2940037,0.10780459
3134,2940039,0.09101764
3135,2940055,0.111239135
3136,2940085,0.03506813
3137,2940110,0.06827182
3138,2940138,0.047614343
3139,2940145,0.053547952
3140,2940164,0.047064874
3141,2950019,0.07456816
3142,2950028,0.110807635
3143,2950045,0.05548015
3144,2950049,0.099005304
3145,2950073,0.089302994
3146,2950084,0.06197413
3147,2950114,0.035256244
3148,2950132,0.060094226
3149,2960006,0.047614343
3150,2960026,0.053547952
3151,2960032,0.05548015
3152,2960038,0.05801657
3153,2960052,0.05548015
3154,2960056,0.110807635
3155,2960059,0.05797878
3156,2960072,0.053547952
3157,2960114,0.06454232
3158,2960138,0.101958245
3159,2960141,0.10481757
3160,2960151,0.058556806
3161,2960176,0.07020999
3162,2970031,0.053547952
3163,2970032,0.05789498
3164,2970033,0.08959598
3165,2970056,0.05175938
3166,2970057,0.035256244
3167,2970066,0.03534185
3168,2970069,0.110807635
3169,2970106,0.077451296
3170,2970108,0.113444574
3171,2970116,0.0904574
3172,2980012,0.11654162
3173,2980048,0.096469745
3174,2980059,0.07488434
3175,2980072,0.101958245
3176,2980100,0.18086745
3177,2980107,0.047614343
3178,2980132,0.10235692
3179,2990018,0.0550012
3180,2990024,0.035256244
3181,2990037,0.16425005
3182,2990066,0.03506813
3183,2990071,0.057528455
3184,2990106,0.08985678
3185,2990117,0.10027133
3186,2990136,0.03506813
3187,3000011,0.089302994
3188,3000095,0.10942477
3189,3000105,0.035256244
3190,3000111,0.0945837
3191,3000112,0.18086745
3192,3000137,0.10942477
3193,3000157,0.060854793
3194,3000172,0.10985154
3195,3010025,0.03506813
3196,3010040,0.05789498
3197,3010041,0.10942477
3198,3010060,0.078402095
3199,3010064,0.035256244
3200,3010065,0.047614343
3201,3010077,0.064048566
3202,3010089,0.089302994
3203,3010117,0.03506813
3204,3010122,0.053547952
3205,3020014,0.111239135
3206,3020017,0.058400907
3207,3020038,0.035256244
3208,3020040,0.05789498
3209,3020061,0.060094226
3210,3020071,0.10780459
3211,3020124,0.18086745
3212,3020125,0.05789498
3213,3020136,0.05770183
3214,3030003,0.03506813
3215,3030007,0.05293381
3216,3030095,0.035256244
3217,3030109,0.10942477
3218,3030123,0.03506813
3219,3030124,0.07863312
3220,3030138,0.058091495
3221,3030139,0.18585376
3222,3040010,0.058091495
3223,3040023,0.059527036
3224,3040037,0.05367366
3225,3040044,0.05530649
3226,3040054,0.063715935
3227,3040103,0.09297115
3228,3040106,0.07764432
3229,3040135,0.108225815
3230,3040137,0.10780459
3231,3040149,0.05530649
3232,3040156,0.1801752
3233,3050019,0.051881116
3234,3050043,0.18086745
3235,3050066,0.047614343
3236,3050069,0.05548015
3237,3050074,0.05175938
3238,3050097,0.035256244
3239,3050102,0.05548015
3240,3050145,0.058266457
3241,3060018,0.03506813
3242,3060024,0.047614343
3243,3060033,0.047064874
3244,3060064,0.05175938
3245,3060101,0.0919622
3246,3060107,0.089302994
3247,3060112,0.15214974
3248,3060127,0.07660627
3249,3060143,0.089302994
3250,3060153,0.110807635
3251,3070004,0.047064874
3252,3070006,0.03506813
3253,3070022,0.053547952
3254,3070023,0.035256244
3255,3070043,0.05530649
3256,3070053,0.05881945
3257,3070090,0.100931294
3258,3070099,0.0638499
3259,3070109,0.111987986
3260,3070130,0.111239135
3261,3070162,0.060393535
3262,3080016,0.18226923
3263,3080034,0.110807635
3264,3080038,0.056451645
3265,3080102,0.10942477
3266,3080107,0.058556806
3267,3080108,0.05548015
3268,3080116,0.06089631
3269,3080118,0.0890024
3270,3080160,0.0890024
3271,3080168,0.1102176
3272,3090018,0.101958245
3273,3090033,0.035256244
3274,3090055,0.051881116
3275,3090070,0.057600204
3276,3090077,0.09307354
3277,3090112,0.10481757
3278,3090120,0.08985678
3279,3100034,0.03506813
3280,3100038,0.03506813
3281,3100071,0.06602647
3282,3100113,0.1660039
3283,3100149,0.11061964
3284,3100170,0.035256244
3285,3100183,0.03506813
3286,3110041,0.057783175
3287,3110049,0.18296772
3288,3110064,0.10366087
3289,3110068,0.047614343
3290,3110090,0.11061964
3291,3110102,0.111239135
3292,3110106,0.05175938
3293,3110119,0.057686064
3294,3110125,0.11019026
3295,3110180,0.06089631
3296,3110184,0.07631116
3297,3120004,0.110807635
3298,3120012,0.11186949
3299,3120020,0.047614343
3300,3120023,0.07203952
3301,3120041,0.05624919
3302,3120042,0.09101764
3303,3120052,0.048117395
3304,3120053,0.05175938
3305,3120057,0.03506813
3306,3120062,0.111239135
3307,3120089,0.06089631
3308,3120102,0.1374471
3309,3120116,0.10570152
3310,3120128,0.06766966
3311,3120130,0.057981957
3312,3130006,0.07187973
3313,3130008,0.089302994
3314,3130041,0.07248193
3315,3130109,0.035256244
3316,3130110,0.099005304
3317,3130120,0.047614343
3318,3130133,0.058448832
3319,3130153,0.07698108
3320,3130159,0.035256244
3321,3140078,0.080922455
3322,3140106,0.035256244
3323,3140130,0.058449358
3324,3140154,0.035256244
3325,3150030,0.05175938
3326,3150070,0.08705629
3327,3150077,0.060393535
3328,3150082,0.03506813
3329,3150090,0.09307354
3330,3150105,0.03506813
3331,3150127,0.057528455
3332,3150134,0.10942477
3333,3150136,0.115033306
3334,3150162,0.11019026
3335,3150185,0.07698108
3336,3160008,0.05175938
3337,3160010,0.10780459
3338,3160044,0.051881116
3339,3160048,0.035256244
3340,3160050,0.10780459
3341,3160079,0.07050302
3342,3160081,0.063041195
3343,3160083,0.057600204
3344,3160104,0.08959598
3345,3160151,0.101958245
3346,3170041,0.077387094
3347,3170054,0.035256244
3348,3170071,0.10784956
3349,3170140,0.047614343
3350,3170148,0.088836096
3351,3170168,0.08985678
3352,3170171,0.06197413
3353,3180003,0.0536755
3354,3180064,0.035256244
3355,3180092,0.110807635
3356,3180115,0.048117395
3357,3180128,0.0904574
3358,3180146,0.07698108
3359,3180154,0.07872138
3360,3180165,0.05175938
3361,3180167,0.110807635
3362,3180174,0.05797878
3363,3190004,0.07282693
3364,3190046,0.096469745
3365,3190066,0.110807635
3366,3190149,0.110807635
3367,3190173,0.035256244
3368,3200040,0.047614343
3369,3200056,0.048117395
3370,3200072,0.07955139
3371,3200078,0.05883639
3372,3200093,0.07913767
3373,3200099,0.035256244
3374,3200112,0.035256244
3375,3200135,0.03506813
3376,3200174,0.03506813
3377,3200197,0.060393535
3378,3200203,0.09307354
3379,3200205,0.110807635
3380,3210019,0.03506813
3381,3210036,0.10942477
3382,3210053,0.077387094
3383,3210068,0.035256244
3384,3210081,0.047614343
3385,3210088,0.047064874
3386,3210090,0.03506813
3387,3210096,0.07920132
3388,3210120,0.10985154
3389,3210135,0.108225815
3390,3210141,0.089302994
3391,3220026,0.077387094
3392,3220060,0.035256244
3393,3220066,0.05175938
3394,3220075,0.035256244
3395,3220078,0.1226741
3396,3220100,0.058273356
3397,3220106,0.047614343
3398,3220117,0.060393535
3399,3220129,0.058962107
3400,3220137,0.08468867
3401,3220138,0.10481757
3402,3230056,0.10235692
3403,3230087,0.047614343
3404,3230103,0.10366087
3405,3230150,0.057528455
3406,3230185,0.048117395
3407,3240034,0.110807635
3408,3240083,0.07787331
3409,3240091,0.047614343
3410,3240124,0.110807635
3411,3250019,0.108814135
3412,3250026,0.03506813
3413,3250029,0.07043564
3414,3250030,0.07187973
3415,3250052,0.058130655
3416,3250063,0.077610545
3417,3250067,0.05175938
3418,3250069,0.08985678
3419,3250078,0.05175938
3420,3250081,0.110807635
3421,3250082,0.18086745
3422,3250099,0.035256244
3423,3250102,0.03534185
3424,3250117,0.051164646
3425,3250119,0.03506813
3426,3250141,0.07697723
3427,3250167,0.08230304
3428,3250182,0.065681785
3429,3260017,0.07787331
3430,3260026,0.047614343
3431,3260055,0.18839926
3432,3260056,0.1801752
3433,3260064,0.057600204
3434,3260084,0.18086745
3435,3260086,0.10985154
3436,3260090,0.10942477
3437,3260094,0.14613943
3438,3260099,0.061591595
3439,3260104,0.057981957
3440,3260124,0.111239135
3441,3260137,0.09336393
3442,3260150,0.03506813
3443,3270012,0.089302994
3444,3270047,0.11186949
3445,3270051,0.15432109
3446,3270062,0.10942477
3447,3270084,0.06542928
3448,3270091,0.047614343
3449,3270095,0.110807635
3450,3270104,0.03506813
3451,3270115,0.05530649
3452,3270126,0.035256244
3453,3270129,0.05797878
3454,3270132,0.06045339
3455,3270145,0.110807635
3456,3270150,0.057981957
3457,3270152,0.057981957
3458,3270164,0.111239135
3459,3270181,0.03506813
3460,3270187,0.03506813
3461,3270190,0.103500746
3462,3270192,0.060393535
3463,3280035,0.07282693
3464,3280040,0.110807635
3465,3280041,0.06129299
3466,3280075,0.03534185
3467,3280078,0.066297546
3468,3280079,0.18296772
3469,3280087,0.0672545
3470,3280106,0.10570152
3471,3280109,0.10338352
3472,3280110,0.18296772
3473,3280119,0.047614343
3474,3280129,0.051881116
3475,3280130,0.057528455
3476,3280132,0.047614343
3477,3280141,0.057528455
3478,3280145,0.0536755
3479,3280160,0.06694734
3480,3280166,0.03506813
3481,3290027,0.05175938
3482,3290051,0.077387094
3483,3290079,0.10481757
3484,3290082,0.05530649
3485,3290119,0.110807635
3486,3290134,0.10570152
3487,3300011,0.110807635
3488,3300022,0.035256244
3489,3300065,0.096469745
3490,3300070,0.05367366
3491,3300073,0.07698108
3492,3300076,0.07787331
3493,3300095,0.05530649
3494,3300111,0.1563886
3495,3300114,0.058448832
3496,3300127,0.053547952
3497,3310003,0.05891431
3498,3310007,0.11186949
3499,3310013,0.035256244
3500,3310014,0.047614343
3501,3310050,0.05175938
3502,3310072,0.13713455
3503,3310088,0.07913767
3504,3310098,0.099005304
3505,3310101,0.035256244
3506,3310117,0.10131109
3507,3310128,0.060205232
3508,3310130,0.108814135
3509,3320032,0.07787331
3510,3320091,0.075114585
3511,3320115,0.035806317
3512,3320129,0.10985154
3513,3320143,0.053547952
3514,3320162,0.035256244
3515,3320168,0.058312632
3516,3320170,0.10942477
3517,3330009,0.054673348
3518,3330015,0.108814135
3519,3330038,0.110807635
3520,3330042,0.053547952
3521,3330047,0.07187973
3522,3330068,0.0904574
3523,3330072,0.07787331
3524,3330085,0.1007034
3525,3330098,0.035256244
3526,3330134,0.035256244
3527,3330135,0.10942477
3528,3340006,0.058448832
3529,3340019,0.047614343
3530,3340020,0.078402095
3531,3340071,0.11019026
3532,3340108,0.035256244
3533,3340118,0.035256244
3534,3340152,0.1563886
3535,3340179,0.053547952
3536,3340185,0.110807635
3537,3350019,0.07863312
3538,3350026,0.057173315
3539,3350028,0.035256244
3540,3350033,0.07038268
3541,3350041,0.053547952
3542,3350045,0.089302994
3543,3350055,0.11019026
3544,3350094,0.053547952
3545,3350096,0.05293381
3546,3350098,0.08985678
3547,3350110,0.110807635
3548,3350112,0.035256244
3549,3350160,0.099005304
3550,3350169,0.17775968
3551,3350179,0.18436523
3552,3360018,0.058312632
3553,3360024,0.110807635
3554,3360036,0.11186949
3555,3360061,0.035256244
3556,3360063,0.111173265
3557,3360072,0.058450826
3558,3360079,0.035256244
3559,3360081,0.057528455
3560,3360083,0.110807635
3561,3360086,0.035256244
3562,3360098,0.061591595
3563,3360102,0.035256244
3564,3360107,0.110807635
3565,3360111,0.06517753
3566,3360162,0.058273356
3567,3370004,0.18296772
3568,3370012,0.110807635
3569,3370032,0.09075381
3570,3370042,0.111239135
3571,3370043,0.05801657
3572,3370053,0.056451645
3573,3370060,0.08985678
3574,3370072,0.10027133
3575,3370075,0.101958245
3576,3370137,0.111239135
3577,3370158,0.13952418
3578,3370172,0.05724088
3579,3370178,0.10780459
3580,3370181,0.06089631
3581,3370197,0.108225815
3582,3380009,0.103500746
3583,3380010,0.1801752
3584,3380028,0.063577116
3585,3380033,0.108225815
3586,3380089,0.053547952
3587,3380090,0.061783947
3588,3380102,0.035256244
3589,3380138,0.10235692
3590,3380154,0.05530649
3591,3390005,0.08985678
3592,3390010,0.05534475
3593,3390015,0.047614343
3594,3390019,0.08466685
3595,3390031,0.057306144
3596,3390044,0.056324333
3597,3390060,0.089302994
3598,3390075,0.10942477
3599,3390085,0.10942477
3600,3390088,0.035256244
3601,3390096,0.09489221
3602,3390098,0.057528455
3603,3390108,0.104374886
3604,3390114,0.035256244
3605,3390130,0.07022962
3606,3390135,0.057528455
3607,3390142,0.035256244
3608,3390144,0.089302994
3609,3400055,0.05530649
3610,3400058,0.08369969
3611,3400072,0.061783947
3612,3400082,0.09620974
3613,3400096,0.12788136
3614,3400113,0.06471924
3615,3400170,0.035256244
3616,3400177,0.110807635
3617,3400183,0.07678429
3618,3400191,0.110807635
3619,3410005,0.09307354
3620,3410006,0.047614343
3621,3410019,0.08742867
3622,3410021,0.06806101
3623,3410049,0.089302994
3624,3410052,0.047614343
3625,3410073,0.035256244
3626,3410108,0.089302994
3627,3410127,0.053547952
3628,3410139,0.035256244
3629,3410157,0.035256244
3630,3410169,0.10780459
3631,3410183,0.17502959
3632,3410204,0.108814135
3633,3410239,0.035256244
3634,3410244,0.108814135
3635,3410250,0.08959598
3636,3410260,0.053547952
3637,3410261,0.097596526
3638,3410275,0.047614343
3639,3420030,0.035256244
3640,3420040,0.056324333
3641,3420054,0.05680418
3642,3420064,0.058266457
3643,3420088,0.03506813
3644,3420100,0.047614343
3645,3420123,0.05966498
3646,3420138,0.10481757
3647,3420151,0.103500746
3648,3430006,0.035256244
3649,3430028,0.05175938
3650,3430033,0.035256244
3651,3430048,0.0904574
3652,3430050,0.056451645
3653,3430071,0.18226923
3654,3430078,0.058448832
3655,3430090,0.11061964
3656,3430095,0.077610545
3657,3430098,0.07544009
3658,3430121,0.09101764
3659,3430142,0.03506813
3660,3430152,0.110807635
3661,3430164,0.096610695
3662,3440003,0.057079148
3663,3440019,0.03506813
3664,3440064,0.056451645
3665,3440080,0.09075381
3666,3440083,0.110807635
3667,3440108,0.035256244
3668,3440129,0.0536755
3669,3440133,0.110807635
3670,3440153,0.06517753
3671,3440154,0.06558077
3672,3440173,0.035256244
3673,3440197,0.06057998
3674,3440231,0.047614343
3675,3450018,0.035256244
3676,3450039,0.07456446
3677,3450040,0.059527036
3678,3450042,0.057173315
3679,3450047,0.110807635
3680,3450048,0.058091495
3681,3450077,0.099005304
3682,3450081,0.05175938
3683,3450093,0.10942477
3684,3450094,0.18296772
3685,3450101,0.035256244
3686,3450127,0.09678376
3687,3450129,0.087784484
3688,3470043,0.03506813
3689,3470047,0.103500746
3690,3470067,0.103500746
3691,3470068,0.05175938
3692,3470070,0.047614343
3693,3470075,0.110807635
3694,3470081,0.10481757
3695,3470115,0.17264196
3696,3470119,0.03506813
3697,3470126,0.06110104
0,20016,0.13676311
1,20017,0.03523083
2,20033,0.113583274
3,20050,0.14289293
4,20071,0.30886263
5,20095,0.048852086
6,20120,0.015627818
7,30004,0.11884288
8,30016,0.08387769
9,30025,0.03439116
10,30033,0.046543453
11,30040,0.11583214
12,30062,0.06954758
13,40008,0.14331515
14,40017,0.09599795
15,40019,0.14867847
16,40023,0.12736738
17,40029,0.11578259
18,40039,0.14199072
19,40099,0.16245036
20,40102,0.17336027
21,50003,0.13846274
22,50004,0.057566356
23,50026,0.1461318
24,50027,0.06988493
25,50033,0.025645768
26,50043,0.20043035
27,50046,0.42510048
28,50060,0.095600784
29,50070,0.0252273
30,50088,0.062479295
31,50094,0.051327918
32,50107,0.05955137
33,50121,0.035043236
34,60003,0.10519153
35,60005,0.025514226
36,60013,0.021035634
37,60017,0.10453781
38,60022,0.044408895
39,60024,0.009609258
40,60026,0.009670074
41,60035,0.05925149
42,60060,0.030194566
43,60062,0.009278865
44,60078,0.050293643
45,60112,0.04794665
46,80007,0.041297752
47,80010,0.116756536
48,80011,0.029802723
49,80034,0.112583965
50,80071,0.10092392
51,80075,0.037639316
52,80105,0.06272141
53,80112,0.015419976
54,80116,0.054387745
55,90011,0.124361634
56,90013,0.12545182
57,90014,0.080242455
58,90019,0.03138501
59,90027,0.103530124
60,90037,0.14111494
61,90039,0.11417357
62,90052,0.08240143
63,90077,0.12775266
64,90078,0.04855679
65,90092,0.108346075
66,90117,0.05544285
67,90128,0.10089763
68,90137,0.10673975
69,100003,0.024683727
70,100015,0.13153447
71,100020,0.28973278
72,100047,0.03217936
73,100061,0.15320872
74,100068,0.14933561
75,100079,0.12417557
76,100090,0.05381873
77,100096,0.058166824
78,100109,0.100102894
79,100112,0.018089572
80,110024,0.047013458
81,110034,0.11910585
82,110053,0.13249576
83,110054,0.115403354
84,110057,0.10345406
85,110059,0.052837
86,110073,0.08004786
87,110074,0.037238438
88,110080,0.013335164
89,110087,0.08331204
90,110117,0.12081412
91,110124,0.10763538
92,120010,0.0094376
93,120022,0.0522439
94,120044,0.03898018
95,120046,0.027867364
96,120049,0.0098150475
97,120056,0.10280425
98,120074,0.07346997
99,120076,0.07154032
100,120091,0.0233021
101,120103,0.20037682
102,120114,0.046573553
103,120117,0.14197388
104,120123,0.14040005
105,120126,0.07154032
106,130004,0.07668589
107,130005,0.05830612
108,130007,0.050457116
109,130010,0.025624665
110,130017,0.034659848
111,130045,0.016080247
112,130051,0.07657907
113,130052,0.04508789
114,130057,0.046573553
115,130072,0.097730994
116,130077,0.18567163
117,130088,0.015622832
118,130095,0.024381965
119,130106,0.17823139
120,130112,0.09375149
121,130116,0.05734094
122,130128,0.0440191
123,140003,0.035326384
124,140018,0.097743444
125,140022,0.14333813
126,140046,0.14180796
127,140053,0.07998317
128,140058,0.03302487
129,140067,0.032386407
130,140074,0.09397432
131,140113,0.026125029
132,150007,0.091587536
133,150041,0.023592165
134,150043,0.04816599
135,150044,0.051333327
136,150048,0.03506362
137,150052,0.029162014
138,150059,0.040236
139,160021,0.03805497
140,160024,0.03079143
141,160026,0.080208465
142,160043,0.1550973
143,160059,0.025059149
144,160062,0.05324062
145,160065,0.3409825
146,160071,0.09822176
147,160077,0.062486198
148,160078,0.1373937
149,160079,0.063397154
150,160094,0.09524919
151,170009,0.024028704
152,170013,0.040309794
153,170024,0.034358792
154,170038,0.099035755
155,170043,0.10519153
156,170054,0.100681834
157,170069,0.07956213
158,170076,0.04072775
159,170077,0.057435896
160,170084,0.09226049
161,170088,0.073007196
162,170109,0.1358659
163,170122,0.1454841
164,170135,0.051726893
165,180005,0.034743164
166,180015,0.12692507
167,180017,0.012675759
168,180030,0.01204156
169,180035,0.14135866
170,180038,0.09032628
171,180053,0.08981559
172,180093,0.054741617
173,180096,0.03854461
174,190011,0.082517676
175,190012,0.032310262
176,190015,0.011251216
177,190018,0.02292749
178,190019,0.038316045
179,190029,0.12575065
180,190058,0.025709836
181,190064,0.029270567
182,190088,0.06550276
183,190092,0.055114612
184,190093,0.1590715
185,190101,0.034634035
186,190103,0.087247446
187,190115,0.013671488
188,190133,0.04797167
189,200004,0.028125016
190,200017,0.09499508
191,200021,0.009135983
192,200035,0.014417589
193,200043,0.4099972
194,200047,0.079387926
195,200074,0.05557085
196,200078,0.0474599
197,200080,0.06286094
198,200097,0.07770122
199,200102,0.07749597
200,200111,0.02987375
201,200129,0.14865763
202,210006,0.09716527
203,210014,0.035530385
204,210018,0.45940262
205,210036,0.061993103
206,210044,0.011418162
207,210045,0.05477581
208,210070,0.085138164
209,210075,0.14868926
210,210085,0.09539921
211,210088,0.13631806
212,210098,0.15093969
213,220007,0.025950298
214,220014,0.04738142
215,220016,0.1011541
216,220044,0.07159532
217,220055,0.10089763
218,220059,0.030982286
219,220067,0.023874436
220,220071,0.03606155
221,220075,0.060143407
222,220083,0.08795574
223,220095,0.20648025
224,220096,0.1773683
225,220113,0.10917819
226,220118,0.02872949
227,220119,0.02609438
228,220121,0.091410376
229,220123,0.08489334
230,220130,0.03935749
231,220134,0.21458869
232,230019,0.2084519
233,230028,0.12377462
234,230043,0.04353192
235,230072,0.080503725
236,230079,0.12915066
237,230080,0.03357071
238,240008,0.01980066
239,240031,0.02268847
240,240041,0.020609705
241,240056,0.010935625
242,240078,0.042834606
243,240081,0.07527195
244,240095,0.09539921
245,240117,0.013251198
246,240121,0.09934812
247,240141,0.022136563
248,250008,0.077322036
249,250017,0.06861123
250,250032,0.036794543
251,250051,0.09301717
252,250065,0.119179465
253,250079,0.3130083
254,250081,0.041261178
255,250083,0.1263966
256,250091,0.082820036
257,250105,0.04796801
258,250109,0.09533448
259,260010,0.11865932
260,260023,0.13489358
261,260027,0.050971523
262,260031,0.051741164
263,260033,0.044760615
264,260039,0.12286614
265,260043,0.030670287
266,260045,0.028167395
267,260048,0.10705161
268,260061,0.107345074
269,260067,0.0483922
270,260096,0.04224381
271,260102,0.018358987
272,260103,0.07768864
273,260104,0.06313312
274,260120,0.02440111
275,260125,0.0175064
276,270008,0.09545048
277,270011,0.044584237
278,270036,0.101975426
279,270046,0.037023794
280,270051,0.07245896
281,270058,0.05143784
282,270070,0.085987605
283,270073,0.1359657
284,270094,0.049893234
285,270104,0.050449602
286,280011,0.054636247
287,280024,0.04326548
288,280026,0.09462111
289,280028,0.009135983
290,280061,0.010133611
291,280063,0.01204156
292,280066,0.035273254
293,280085,0.017426213
294,280089,0.032623533
295,280092,0.13199371
296,280095,0.033183694
297,280102,0.2047137
298,280104,0.027684277
299,280106,0.029165901
300,290016,0.084339954
301,290021,0.0636081
302,290022,0.033525452
303,290038,0.082517676
304,290048,0.05005175
305,290055,0.053275876
306,290079,0.15931608
307,290105,0.07072592
308,290144,0.104389094
309,290160,0.032781597
310,300014,0.07506108
311,300022,0.055750493
312,300047,0.270352
313,300060,0.052225642
314,300088,0.121797405
315,300093,0.041673057
316,300118,0.036646497
317,300134,0.042634696
318,300151,0.14602843
319,300170,0.04794907
320,300183,0.09505413
321,300196,0.13199371
322,310010,0.033275936
323,310020,0.11936509
324,310026,0.1929681
325,310028,0.029576987
326,310042,0.044408895
327,310061,0.104523264
328,310065,0.010870945
329,310067,0.03384178
330,310078,0.09125485
331,310091,0.09247226
332,310096,0.03869168
333,310119,0.011243087
334,310120,0.14719705
335,310127,0.028596772
336,310148,0.059182853
337,320019,0.08246688
338,320042,0.03363502
339,320063,0.2062291
340,320071,0.05580654
341,320086,0.07632429
342,320090,0.043906257
343,320101,0.089270964
344,320114,0.044063963
345,320115,0.19460116
346,320122,0.04930374
347,320128,0.14984384
348,320131,0.1354144
349,320138,0.059866447
350,330028,0.06141751
351,330043,0.1301509
352,330067,0.060015533
353,330094,0.11142091
354,330106,0.01556374
355,330114,0.04255713
356,330138,0.052987885
357,330155,0.009670074
358,340039,0.081511416
359,340047,0.034531336
360,340056,0.05739082
361,340064,0.14793386
362,340065,0.05476135
363,340067,0.01932581
364,340077,0.040018275
365,340080,0.13725413
366,340103,0.061582364
367,340116,0.15969573
368,340120,0.008558707
369,340123,0.06493513
370,340129,0.0484043
371,340140,0.052524235
372,340157,0.12741736
373,340159,0.06537521
374,340160,0.07424137
375,350007,0.06855171
376,350025,0.045765527
377,350038,0.16946964
378,350052,0.0628459
379,350085,0.03420901
380,350088,0.061163213
381,350099,0.060687043
382,350102,0.03397688
383,350106,0.05453614
384,350130,0.11204455
385,350133,0.03306297
386,350135,0.010584232
387,360006,0.13834603
388,360042,0.05650155
389,360047,0.06164724
390,360056,0.123590365
391,360063,0.06919717
392,360080,0.18183763
393,360091,0.081595086
394,360097,0.13866653
395,360118,0.012656343
396,360145,0.25903344
397,360164,0.12363444
398,360170,0.028996924
399,360171,0.07384631
400,360181,0.1397728
401,370005,0.049793243
402,370011,0.029410353
403,370040,0.22638077
404,370047,0.09697684
405,370067,0.10682421
406,370090,0.011038118
407,370092,0.008414079
408,370097,0.12995161
409,370099,0.080357715
410,370108,0.09234189
411,370113,0.10089763
412,370129,0.10179669
413,370152,0.05139345
414,370162,0.13514249
415,370165,0.059220772
416,370185,0.086156994
417,380012,0.014280082
418,380014,0.10787934
419,380023,0.05199563
420,380025,0.08287815
421,380033,0.03887602
422,380047,0.42840934
423,380051,0.03322883
424,380063,0.09007291
425,380087,0.1011541
426,380131,0.06278911
427,380133,0.00948776
428,390011,0.044891287
429,390015,0.06070118
430,390017,0.13493928
431,390031,0.14070019
432,390032,0.22786358
433,390049,0.070323475
434,390064,0.030279212
435,390071,0.053007066
436,390075,0.24351498
437,390079,0.13904877
438,390100,0.115268566
439,390103,0.09758252
440,390106,0.030732902
441,390119,0.14220484
442,390125,0.03823807
443,390134,0.050748084
444,390136,0.16623965
445,390138,0.04685477
446,400013,0.009073788
447,400027,0.026142122
448,400056,0.040949617
449,400065,0.23431043
450,400115,0.028672472
451,400149,0.00794405
452,400151,0.030337567
453,400167,0.05847681
454,400172,0.057357546
455,410019,0.02104016
456,410025,0.07567556
457,410027,0.10373227
458,410036,0.070761815
459,410039,0.068448275
460,410068,0.1026905
461,410080,0.30547294
462,410108,0.26784796
463,410133,0.030063516
464,420036,0.1026905
465,420049,0.007803566
466,420070,0.08807104
467,420078,0.10511413
468,420082,0.057026047
469,420087,0.08366461
470,420099,0.007837769
471,420144,0.009039015
472,430018,0.04524054
473,430019,0.051655315
474,430037,0.04593899
475,430060,0.029532406
476,430095,0.08223919
477,430105,0.004104492
478,430126,0.12732892
479,430137,0.031922743
480,430143,0.037975468
481,430149,0.15815124
482,440024,0.0314831
483,440038,0.1078437
484,440049,0.11564375
485,440066,0.07467192
486,440071,0.08193507
487,440093,0.11829832
488,440107,0.056672737
489,440111,0.027027596
490,440149,0.07956213
491,440152,0.04712506
492,440161,0.055870596
493,440170,0.08798057
494,440173,0.13144375
495,440175,0.11564375
496,440178,0.11512351
497,450009,0.11035551
498,450059,0.13245186
499,450063,0.12958552
500,450124,0.1466573
501,450134,0.03970603
502,450183,0.06670054
503,450185,0.10757303
504,460010,0.109581955
505,460015,0.011512527
506,460019,0.15456307
507,460020,0.13068242
508,460024,0.07887258
509,460041,0.06079199
510,460043,0.093281195
511,460053,0.11100669
512,460071,0.20442939
513,460098,0.06516392
514,460123,0.17542775
515,460134,0.06298658
516,460135,0.09893311
517,460143,0.04890266
518,460162,0.038620405
519,460164,0.02747208
520,470010,0.14780612
521,470034,0.06727936
522,470038,0.035854913
523,470075,0.056146737
524,470110,0.12543881
525,470132,0.054555397
526,470149,0.091799475
527,470163,0.033993404
528,470178,0.12062459
529,470194,0.029948402
530,480008,0.13067095
531,480009,0.030552685
532,480012,0.04701731
533,480032,0.13851409
534,480050,0.10550691
535,480052,0.19973323
536,480062,0.05768498
537,480067,0.08516434
538,480093,0.024424931
539,480095,0.13076751
540,480115,0.27308893
541,480142,0.013251198
542,480148,0.08741018
543,480157,0.15415017
544,480168,0.18874952
545,490008,0.038668126
546,490024,0.06524487
547,490028,0.033525568
548,490053,0.037461042
549,490072,0.06712532
550,490077,0.022782108
551,490095,0.032679696
552,490141,0.05309515
553,490162,0.06423326
554,490177,0.04738142
555,490178,0.06595354
556,490184,0.23256473
557,490186,0.05571148
558,490192,0.0036344999
559,500003,0.020878265
560,500080,0.041670673
561,500103,0.08337027
562,500121,0.08781475
563,500127,0.03310539
564,500135,0.017942525
565,500143,0.05102046
566,510004,0.03447286
567,510006,0.08110194
568,510008,0.0070698145
569,510010,0.011634677
570,510021,0.08366461
571,510036,0.03569389
572,510070,0.064470544
573,510090,0.13414013
574,510092,0.06463165
575,510093,0.06602671
576,510095,0.057554793
577,510104,0.0500555
578,510113,0.10906868
579,510125,0.099035755
580,510153,0.026285624
581,520010,0.026531177
582,520043,0.12547687
583,520048,0.008168362
584,520061,0.009921115
585,520064,0.011615463
586,520068,0.09599991
587,520093,0.048811357
588,520100,0.12980592
589,520172,0.047566835
590,520192,0.013251198
591,530016,0.08372283
592,530023,0.061886586
593,530035,0.025509577
594,530037,0.08373133
595,530038,0.011210195
596,530047,0.06563943
597,530050,0.037874725
598,530082,0.0124239605
599,530107,0.052470278
600,530113,0.16379473
601,530121,0.0322886
602,530124,0.21745165
603,540021,0.038990248
604,540037,0.11673644
605,540065,0.050883885
606,540100,0.056927793
607,540123,0.01178215
608,540133,0.069239505
609,540135,0.1553819
610,550006,0.19041666
611,550039,0.08837043
612,550052,0.03796427
613,550096,0.058469173
614,550111,0.07460937
615,550130,0.10337525
616,550133,0.08331204
617,550138,0.05453614
618,550139,0.024445016
619,550145,0.08399028
620,560016,0.019109704
621,560022,0.28402945
622,560034,0.047540046
623,560051,0.24373254
624,560090,0.14070019
625,560116,0.08215856
626,560130,0.10255312
627,560131,0.069694795
628,560146,0.03171241
629,560169,0.01947282
630,560178,0.119686686
631,570007,0.041275535
632,570026,0.03262342
633,570033,0.14019707
634,570041,0.051815003
635,570042,0.045073465
636,570043,0.052062973
637,570056,0.055426925
638,570074,0.038888782
639,570078,0.09115541
640,570128,0.031701166
641,570133,0.088079825
642,580020,0.12361863
643,580038,0.13755305
644,580052,0.093439154
645,580069,0.0077736364
646,580084,0.08469575
647,580091,0.08331204
648,580101,0.1252884
649,580108,0.010820735
650,580113,0.015549457
651,580115,0.020115884
652,580137,0.094111376
653,580147,0.07774726
654,580160,0.014921937
655,590005,0.012431481
656,590010,0.012652363
657,590023,0.16757292
658,590049,0.05330593
659,590053,0.11991441
660,590071,0.025185555
661,590072,0.028668936
662,590077,0.06274008
663,590082,0.058201212
664,590106,0.15388416
665,590110,0.11893721
666,590128,0.10141398
667,590143,0.040595174
668,600016,0.012978807
669,600033,0.0063842908
670,600037,0.10974493
671,600038,0.1014464
672,600055,0.09954176
673,600073,0.13008812
674,600087,0.065100074
675,600113,0.033111196
676,600114,0.042274967
677,600115,0.24754375
678,600124,0.025222389
679,600133,0.03552442
680,600178,0.12669264
681,600191,0.068238236
682,610029,0.2319456
683,610034,0.016672535
684,610042,0.12538664
685,610048,0.011266254
686,610095,0.08702908
687,610103,0.10533773
688,610125,0.024137346
689,610144,0.14740218
690,610162,0.019583102
691,610176,0.062692635
692,620005,0.023501808
693,620024,0.1249942
694,620028,0.16582757
695,620047,0.011418555
696,620060,0.0189186
697,620076,0.031265482
698,620079,0.043539744
699,620089,0.070193134
700,620102,0.07414152
701,620111,0.0652578
702,620116,0.046187207
703,620130,0.08361571
704,620144,0.026852641
705,630015,0.046351947
706,630035,0.15349308
707,630051,0.0104031395
708,630079,0.05118356
709,630105,0.10103566
710,630106,0.1291456
711,630141,0.051346704
712,630142,0.04045407
713,630145,0.08507631
714,630160,0.050677523
715,630187,0.24306667
716,630203,0.02126115
717,640003,0.020182947
718,640004,0.06470602
719,640007,0.027610587
720,640029,0.032416515
721,640035,0.30886263
722,640057,0.2387267
723,640077,0.09670177
724,640095,0.030132478
725,640097,0.03323462
726,640099,0.028186321
727,640109,0.06484212
728,640122,0.12372467
729,640131,0.015962297
730,640158,0.047034837
731,640165,0.009074076
732,640183,0.061443366
733,640188,0.049314428
734,640199,0.14699478
735,640207,0.038270615
736,640209,0.02023635
737,650043,0.076804414
738,650058,0.06551186
739,650076,0.06420218
740,650081,0.09813217
741,650085,0.08334422
742,650101,0.09375149
743,650144,0.015517643
744,660072,0.06274647
745,660073,0.26154792
746,660084,0.048652522
747,660111,0.0058264
748,660143,0.02471962
749,670004,0.009445939
750,670009,0.004361968
751,670014,0.009184642
752,670016,0.00873955
753,670021,0.08297183
754,670027,0.1051895
755,670038,0.10044794
756,670054,0.12186717
757,670072,0.10231528
758,670096,0.010678377
759,670129,0.051310286
760,670134,0.08853508
761,670137,0.02030767
762,670141,0.012891401
763,670166,0.008991864
764,670183,0.05968623
765,680009,0.08388811
766,680012,0.012675759
767,680026,0.13725413
768,680035,0.089982115
769,680036,0.09901031
770,680044,0.14638618
771,680058,0.016524496
772,680083,0.03932247
773,680101,0.013867338
774,680105,0.10406092
775,680128,0.02109191
776,680166,0.08335621
777,680170,0.071172036
778,680181,0.099365644
779,690005,0.11099559
780,690034,0.1418524
781,690037,0.10694431
782,690038,0.035134837
783,690042,0.02543212
784,690049,0.1691227
785,690055,0.13692698
786,690071,0.12632394
787,690119,0.004811725
788,690127,0.054328084
789,690139,0.05209472
790,690145,0.09325894
791,690150,0.15016292
792,700012,0.009339504
793,700013,0.025319783
794,700016,0.025019413
795,700018,0.12642212
796,700024,0.06281605
797,700027,0.031224376
798,700031,0.1425443
799,700032,0.03470535
800,700039,0.011723422
801,700065,0.009663985
802,700074,0.0433543
803,700077,0.03552442
804,700078,0.04661342
805,700103,0.026716975
806,700111,0.014445849
807,700121,0.01406815
808,700122,0.14508317
809,700140,0.069051385
810,710006,0.09166155
811,710021,0.18319558
812,710028,0.07235617
813,710057,0.15056227
814,710058,0.14562033
815,710075,0.13846274
816,710077,0.008586155
817,710093,0.08845528
818,710152,0.0039058286
819,710175,0.12117542
820,710183,0.05802586
821,710199,0.03283906
822,720003,0.0366632
823,720026,0.0152990045
824,720031,0.018891474
825,720032,0.15096308
826,720048,0.12911399
827,720069,0.10698838
828,720083,0.02542407
829,720106,0.026837785
830,720149,0.15004654
831,720164,0.04999612
832,720182,0.0115771005
833,720205,0.030213393
834,720222,0.057077084
835,720225,0.011689341
836,720231,0.0123953605
837,720238,0.11750594
838,720246,0.12198339
839,730022,0.08277707
840,730023,0.102951
841,730043,0.11394893
842,730074,0.055962704
843,730117,0.015682364
844,730125,0.009662128
845,730137,0.11142091
846,730140,0.0440191
847,830004,0.025599323
848,830011,0.04977682
849,830026,0.12417557
850,830036,0.08334125
851,830044,0.12911399
852,830052,0.0779906
853,830069,0.011269776
854,830078,0.0488953
855,830082,0.10486905
856,830088,0.09266812
857,830094,0.1266332
858,830106,0.046976637
859,830161,0.013047953
860,830174,0.03441607
861,830181,0.023610856
862,840004,0.023041852
863,840037,0.012530894
864,840042,0.08102033
865,840129,0.08490727
866,840176,0.14363663
867,850006,0.088277794
868,850018,0.053732324
869,850025,0.039307013
870,850057,0.06504388
871,850078,0.008132225
872,850100,0.06919937
873,850106,0.10718613
874,850109,0.048495825
875,850114,0.046923764
876,850120,0.164901
877,850150,0.28097627
878,850182,0.07464755
879,850199,0.22558331
880,850201,0.15376261
881,860007,0.16529597
882,860015,0.10712741
883,860020,0.042580772
884,860038,0.081595086
885,860169,0.07080067
886,860194,0.11345087
887,860205,0.1353955
888,860207,0.11095777
889,860213,0.02845839
890,860222,0.026239976
891,870005,0.07275366
892,870063,0.061481018
893,870066,0.48996463
894,870073,0.15619501
895,870074,0.020349076
896,870094,0.069557466
897,870106,0.009184859
898,870114,0.19385184
899,870120,0.051802427
900,870145,0.020047763
901,870150,0.17501585
902,870151,0.30395892
903,870177,0.04674686
904,870185,0.047308438
905,870202,0.11002131
906,870205,0.035925955
907,870206,0.04903652
908,870221,0.20213424
909,870229,0.019729998
910,870250,0.038255576
911,870277,0.030423526
912,870281,0.08445015
913,870294,0.006125451
914,870296,0.1078437
915,870314,0.024606375
916,870326,0.34699342
917,880110,0.051539857
918,880121,0.09171326
919,880130,0.063271984
920,890014,0.023929387
921,890031,0.09545048
922,890051,0.12692507
923,890067,0.091067314
924,890073,0.08605636
925,890085,0.048330422
926,890091,0.06684675
927,890094,0.0933908
928,890111,0.03802604
929,890146,0.07060852
930,890154,0.058720667
931,890155,0.03449879
932,890161,0.062870845
933,890170,0.060115725
934,900024,0.014891281
935,900056,0.037086587
936,900076,0.060320355
937,900105,0.07910622
938,900114,0.29074395
939,900128,0.020613257
940,900146,0.01262502
941,900157,0.06954758
942,900175,0.13367999
943,920010,0.051497586
944,920027,0.03132186
945,920046,0.09369266
946,920051,0.048502352
947,920069,0.0819457
948,920074,0.10209911
949,920091,0.16167787
950,920103,0.26290354
951,920151,0.14465155
952,920162,0.04902285
953,920174,0.08335621
954,940020,0.055751093
955,940028,0.05754534
956,940039,0.04550234
957,940046,0.030721055
958,940051,0.046933226
959,940052,0.09208056
960,940062,0.11043522
961,940066,0.13431531
962,940079,0.04855679
963,940141,0.035442397
964,940157,0.009462981
965,940158,0.09973423
966,940160,0.08585725
967,950011,0.07158035
968,950033,0.050330322
969,950076,0.06536572
970,950127,0.13160793
971,950143,0.11974678
972,950159,0.036529485
973,960004,0.11203379
974,960018,0.035413124
975,960024,0.02744257
976,960026,0.07005709
977,960045,0.12019956
978,960056,0.04858288
979,960083,0.011210195
980,960089,0.03138501
981,960090,0.01960969
982,960116,0.1553819
983,960132,0.10878554
984,960134,0.08591573
985,960146,0.049522735
986,970043,0.027024461
987,970045,0.009223117
988,970054,0.10040562
989,970069,0.018174907
990,970072,0.029155852
991,970082,0.23488696
992,970083,0.077921
993,970101,0.011634677
994,970115,0.10483001
995,970124,0.05837694
996,970133,0.062541336
997,970152,0.07030675
998,970158,0.033779677
999,970187,0.004866011
1000,970191,0.014221328
1001,970192,0.011680393
1002,970199,0.055259153
1003,970203,0.034161944
1004,970210,0.06902762
1005,980007,0.034438096
1006,980018,0.022171065
1007,980023,0.04948399
1008,980042,0.03634818
1009,980050,0.020136144
1010,980058,0.12309926
1011,980076,0.013174318
1012,980077,0.054285523
1013,980089,0.054281116
1014,980113,0.059039727
1015,980114,0.093291044
1016,980121,0.022348512
1017,980144,0.16481875
1018,980153,0.039249066
1019,990075,0.03276238
1020,990084,0.04678991
1021,990088,0.025522651
1022,990106,0.09293521
1023,990157,0.080503725
1024,990163,0.0082614655
1025,990202,0.121542916
1026,1000013,0.01602323
1027,1000014,0.035552587
1028,1000059,0.09670177
1029,1000068,0.022398017
1030,1000073,0.01186382
1031,1000109,0.08597097
1032,1000141,0.11553081
1033,1000146,0.0125885755
1034,1000148,0.056718875
1035,1000161,0.09923039
1036,1000172,0.17474893
1037,1010005,0.04015219
1038,1010035,0.09607517
1039,1010053,0.032760188
1040,1010056,0.023826493
1041,1010099,0.05616972
1042,1010103,0.15645328
1043,1010119,0.14308894
1044,1010150,0.04206866
1045,1010151,0.05741567
1046,1020058,0.14425622
1047,1020059,0.06450819
1048,1020104,0.051346704
1049,1020109,0.046941616
1050,1020124,0.01797651
1051,1020141,0.13963188
1052,1020159,0.110646665
1053,1030006,0.079769164
1054,1030009,0.06164724
1055,1030013,0.098557085
1056,1030039,0.10959305
1057,1030053,0.030390318
1058,1030071,0.009184859
1059,1030080,0.02954365
1060,1030096,0.040189374
1061,1030100,0.04871676
1062,1030111,0.10462706
1063,1030119,0.013416283
1064,1030148,0.047540046
1065,1030156,0.13844419
1066,1030163,0.14086093
1067,1040007,0.049358685
1068,1040011,0.054262485
1069,1040013,0.037285805
1070,1040015,0.07956213
1071,1040035,0.23934719
1072,1040037,0.036825128
1073,1040042,0.054688323
1074,1040060,0.13887203
1075,1040083,0.050033238
1076,1040134,0.05853314
1077,1040153,0.0943033
1078,1040158,0.061090853
1079,1040160,0.038052842
1080,1040172,0.20596428
1081,1040174,0.05287505
1082,1040187,0.113884225
1083,1040191,0.080051936
1084,1040193,0.01902657
1085,1040212,0.10826517
1086,1050013,0.046892673
1087,1050019,0.042207688
1088,1050039,0.066189736
1089,1050083,0.14141291
1090,1050087,0.010870945
1091,1050151,0.0713738
1092,1050152,0.13963188
1093,1050196,0.03396882
1094,1050213,0.3741583
1095,1060004,0.009638467
1096,1060008,0.050038893
1097,1060027,0.10974493
1098,1060041,0.07493962
1099,1060057,0.02949051
1100,1060088,0.009963367
1101,1060108,0.038970232
1102,1060188,0.021951525
1103,1060208,0.112725876
1104,1070017,0.16867256
1105,1070018,0.09171596
1106,1070039,0.035852484
1107,1070045,0.068922326
1108,1070051,0.15222234
1109,1070077,0.079387926
1110,1070082,0.08010115
1111,1070125,0.06976113
1112,1070128,0.14066084
1113,1070137,0.069755636
1114,1070150,0.034309514
1115,1070152,0.11663555
1116,1070160,0.10345406
1117,1080015,0.055559136
1118,1080017,0.13470976
1119,1080029,0.060485825
1120,1080044,0.052377116
1121,1080045,0.13489358
1122,1080056,0.14956988
1123,1080073,0.05681399
1124,1080077,0.064164914
1125,1080091,0.083458826
1126,1080101,0.11633309
1127,1080113,0.18965249
1128,1080148,0.1561543
1129,1080156,0.08846126
1130,1090018,0.039599568
1131,1090039,0.11610481
1132,1090047,0.088991754
1133,1090140,0.077029124
1134,1090145,0.10345406
1135,1090160,0.015047421
1136,1100009,0.004353694
1137,1100019,0.03654232
1138,1100028,0.20408891
1139,1100040,0.11247463
1140,1100064,0.040495552
1141,1100067,0.024246933
1142,1100088,0.03393793
1143,1100100,0.029532406
1144,1100108,0.17607613
1145,1100126,0.008097035
1146,1100141,0.10617092
1147,1100142,0.1005844
1148,1100160,0.13670565
1149,1110003,0.09269315
1150,1110016,0.097632065
1151,1110021,0.017980264
1152,1110071,0.06378062
1153,1110081,0.03873061
1154,1110085,0.13442726
1155,1110161,0.048852086
1156,1110173,0.025853299
1157,1110185,0.10550106
1158,1110195,0.053582422
1159,1120011,0.07677139
1160,1120015,0.05233142
1161,1120019,0.07243623
1162,1120031,0.008201928
1163,1120042,0.03585666
1164,1120101,0.037492227
1165,1120142,0.025810694
1166,1120154,0.12390169
1167,1120159,0.005616246
1168,1120165,0.042193443
1169,1120169,0.020349076
1170,1120179,0.057228915
1171,1130015,0.010333208
1172,1130019,0.07151537
1173,1130051,0.11281092
1174,1130108,0.11595886
1175,1130113,0.071286626
1176,1130129,0.033063065
1177,1140003,0.02691715
1178,1140015,0.08366461
1179,1140018,0.110035695
1180,1140039,0.16791345
1181,1140075,0.019659534
1182,1140078,0.08569906
1183,1140107,0.08093297
1184,1140149,0.110339835
1185,1140176,0.0859586
1186,1140183,0.055371366
1187,1150027,0.20192493
1188,1150036,0.039834935
1189,1150058,0.097812876
1190,1150075,0.11398286
1191,1150104,0.02405728
1192,1150121,0.07032173
1193,1150126,0.03523083
1194,1150135,0.046370458
1195,1150148,0.1297396
1196,1150156,0.060826033
1197,1160043,0.084497824
1198,1160089,0.08073285
1199,1160107,0.08331204
1200,1160114,0.13706642
1201,1160139,0.03690805
1202,1160164,0.09899383
1203,1160189,0.10237806
1204,1160210,0.1342566
1205,1170012,0.018463643
1206,1170014,0.0329664
1207,1170025,0.077693686
1208,1170045,0.029163172
1209,1170055,0.03372245
1210,1170056,0.08880249
1211,1170096,0.064470544
1212,1170121,0.012436223
1213,1170123,0.009768436
1214,1170137,0.08482191
1215,1170141,0.23941813
1216,1170144,0.094950974
1217,1170159,0.080520615
1218,1170168,0.055387255
1219,1170169,0.020430893
1220,1170179,0.08966865
1221,1180015,0.02235158
1222,1180033,0.013570693
1223,1180044,0.076799825
1224,1180057,0.12973851
1225,1180088,0.030659946
1226,1180099,0.030083261
1227,1180177,0.017730935
1228,1180183,0.101034105
1229,1190009,0.12986429
1230,1190050,0.10918476
1231,1190072,0.058421377
1232,1190077,0.06141751
1233,1190082,0.029986888
1234,1190092,0.12388641
1235,1190094,0.016240714
1236,1190099,0.123484336
1237,1190113,0.025606502
1238,1190115,0.14334843
1239,1190140,0.08152299
1240,1190144,0.19086736
1241,1200008,0.09338888
1242,1200012,0.1011541
1243,1200015,0.14365093
1244,1200016,0.030176982
1245,1200019,0.022521993
1246,1200028,0.08041323
1247,1200036,0.10940527
1248,1200096,0.12477081
1249,1200110,0.11995841
1250,1200115,0.089206204
1251,1200116,0.11766435
1252,1200118,0.09539921
1253,1200121,0.077729516
1254,1200124,0.13686374
1255,1200155,0.100476526
1256,1200166,0.16091636
1257,1210034,0.04534188
1258,1210045,0.07505759
1259,1210046,0.02060014
1260,1210052,0.012246545
1261,1210063,0.036531206
1262,1210065,0.12734658
1263,1210069,0.14490806
1264,1210071,0.11108086
1265,1210106,0.108841054
1266,1210134,0.05113034
1267,1210161,0.0095965685
1268,1210163,0.02100817
1269,1210180,0.10925892
1270,1220039,0.12908861
1271,1220068,0.046573553
1272,1220069,0.07109962
1273,1220085,0.040028993
1274,1220113,0.13119088
1275,1220121,0.09561819
1276,1220157,0.3424232
1277,1220167,0.04098873
1278,1230008,0.008526079
1279,1230030,0.05791131
1280,1230039,0.11398286
1281,1230077,0.11305183
1282,1230092,0.08303026
1283,1230101,0.10211964
1284,1230110,0.07315472
1285,1230113,0.004983913
1286,1230133,0.028801428
1287,1240007,0.07670286
1288,1240031,0.0091141965
1289,1240074,0.103098765
1290,1240081,0.033490784
1291,1240089,0.13661174
1292,1240100,0.11990172
1293,1240112,0.0071591884
1294,1240124,0.049419746
1295,1240147,0.06595098
1296,1240164,0.045628358
1297,1250007,0.023754846
1298,1250010,0.059563298
1299,1250014,0.045248263
1300,1250027,0.0784925
1301,1250070,0.089232065
1302,1250074,0.04625939
1303,1250075,0.03958027
1304,1250084,0.07668589
1305,1250091,0.032878976
1306,1260008,0.08439681
1307,1260015,0.10075352
1308,1260021,0.049615372
1309,1260045,0.15349452
1310,1260046,0.24448723
1311,1260047,0.16036083
1312,1260048,0.05778536
1313,1260100,0.03934061
1314,1260130,0.038188957
1315,1270003,0.023815393
1316,1270011,0.14598535
1317,1270023,0.07169445
1318,1270026,0.067313634
1319,1270031,0.048138063
1320,1270034,0.23488696
1321,1270051,0.05718648
1322,1270052,0.05772526
1323,1270069,0.13262159
1324,1270076,0.1584284
1325,1270116,0.14738108
1326,1280006,0.013867338
1327,1280025,0.010870945
1328,1280061,0.053443864
1329,1280064,0.10823517
1330,1280068,0.09166155
1331,1280109,0.13975461
1332,1280121,0.08748442
1333,1290007,0.13076751
1334,1290013,0.13245186
1335,1290015,0.4630291
1336,1290027,0.07033407
1337,1290029,0.083581954
1338,1290037,0.07998317
1339,1290081,0.015404606
1340,1290094,0.06644293
1341,1290125,0.07725838
1342,1290127,0.15462328
1343,1300003,0.085301675
1344,1300021,0.08781475
1345,1300049,0.102951
1346,1300055,0.09864824
1347,1300064,0.11815392
1348,1300066,0.004153878
1349,1300083,0.09721558
1350,1300087,0.05089364
1351,1300113,0.08387769
1352,1300122,0.16413769
1353,1300130,0.08366461
1354,1300152,0.03040369
1355,1310009,0.0073377714
1356,1310022,0.10240227
1357,1310060,0.111403905
1358,1310076,0.11943526
1359,1310090,0.07711456
1360,1310102,0.29391053
1361,1310155,0.06933686
1362,1310158,0.057644065
1363,1310162,0.1259323
1364,1310168,0.057142682
1365,1320044,0.13080202
1366,1320050,0.08317511
1367,1320063,0.22705506
1368,1320067,0.05382511
1369,1320073,0.10776779
1370,1320076,0.080520615
1371,1320077,0.07526022
1372,1320124,0.016566237
1373,1330005,0.0051351488
1374,1330074,0.07151537
1375,1330123,0.045256164
1376,1330125,0.04218492
1377,1330127,0.24142236
1378,1330133,0.102951
1379,1330145,0.17690033
1380,1330147,0.06765712
1381,1340011,0.07290424
1382,1340046,0.08399028
1383,1340047,0.10569282
1384,1340066,0.11975413
1385,1340080,0.033231013
1386,1340091,0.0764221
1387,1340098,0.073035136
1388,1340120,0.1358659
1389,1340131,0.047592375
1390,1340143,0.09717376
1391,1340148,0.030995427
1392,1350007,0.021816676
1393,1350013,0.119149946
1394,1350020,0.053700827
1395,1350024,0.055842735
1396,1350041,0.1337113
1397,1350051,0.027875619
1398,1350053,0.05186271
1399,1350063,0.07781337
1400,1350069,0.00431661
1401,1350078,0.07648075
1402,1350079,0.05717798
1403,1350115,0.003771067
1404,1350124,0.07771094
1405,1350138,0.022029726
1406,1350140,0.050677523
1407,1350142,0.06269956
1408,1350144,0.12363444
1409,1350151,0.092250355
1410,1350156,0.07020809
1411,1360025,0.11666294
1412,1360026,0.041368444
1413,1360051,0.13531598
1414,1360058,0.051462777
1415,1360073,0.036701154
1416,1360094,0.006426851
1417,1360110,0.0065516364
1418,1360135,0.036582205
1419,1360160,0.02347821
1420,1360166,0.14659207
1421,1370026,0.09565621
1422,1370037,0.1361401
1423,1370044,0.010333208
1424,1370072,0.039243322
1425,1370087,0.09561819
1426,1370107,0.0440191
1427,1370113,0.009545617
1428,1370117,0.116827734
1429,1370129,0.0549259
1430,1370137,0.0202532
1431,1370144,0.0123953605
1432,1370158,0.028742678
1433,1370189,0.015627818
1434,1380012,0.18609895
1435,1380039,0.1024713
1436,1380044,0.08695209
1437,1380047,0.03338631
1438,1380052,0.03116293
1439,1380058,0.06902299
1440,1380071,0.29815623
1441,1380095,0.10699513
1442,1380109,0.025056329
1443,1380119,0.11043349
1444,1380134,0.036674082
1445,1380143,0.11282913
1446,1380182,0.06383318
1447,1380185,0.040826667
1448,1380193,0.10462706
1449,1380205,0.024238363
1450,1380215,0.050084576
1451,1390015,0.02941103
1452,1390033,0.06565361
1453,1390040,0.035802852
1454,1390047,0.041600037
1455,1390058,0.09332747
1456,1390097,0.0056395894
1457,1390115,0.054810103
1458,1390117,0.1497113
1459,1390121,0.05791131
1460,1390127,0.090578586
1461,1390143,0.05977371
1462,1390161,0.12915066
1463,1390179,0.052112628
1464,1390180,0.052112628
1465,1390181,0.027713105
1466,1400011,0.055947125
1467,1400012,0.045801774
1468,1400034,0.098423146
1469,1400042,0.07338915
1470,1400057,0.08331204
1471,1400067,0.0994152
1472,1400076,0.041269515
1473,1400098,0.080460936
1474,1400118,0.11580053
1475,1410009,0.10974493
1476,1410021,0.09499508
1477,1410034,0.079320885
1478,1410043,0.07774726
1479,1410066,0.05051305
1480,1410071,0.057828784
1481,1410102,0.10914223
1482,1410116,0.10303315
1483,1420025,0.07135626
1484,1420035,0.05681399
1485,1420075,0.012675759
1486,1420078,0.1219294
1487,1420082,0.1361401
1488,1420141,0.017339667
1489,1420146,0.004431215
1490,1420151,0.05947127
1491,1420159,0.012567576
1492,1420174,0.1916478
1493,1430006,0.08366461
1494,1430008,0.010333208
1495,1430010,0.05561563
1496,1430013,0.040994257
1497,1430015,0.050330322
1498,1430044,0.1640542
1499,1430131,0.08133772
1500,1430160,0.027585354
1501,1440016,0.12767577
1502,1440031,0.022744764
1503,1440051,0.14144397
1504,1440062,0.03323462
1505,1440067,0.118888944
1506,1440070,0.12911399
1507,1440080,0.14709274
1508,1440090,0.021479193
1509,1440118,0.096881986
1510,1440150,0.042236622
1511,1440153,0.094837606
1512,1450012,0.14070019
1513,1450017,0.105574794
1514,1450025,0.09144291
1515,1450044,0.033111196
1516,1450064,0.091587536
1517,1450077,0.11884288
1518,1450083,0.1426383
1519,1450109,0.14451273
1520,1450114,0.071242504
1521,1450120,0.09539921
1522,1450141,0.030346747
1523,1460016,0.035625238
1524,1460044,0.033525568
1525,1460056,0.046210393
1526,1460060,0.02778252
1527,1460074,0.121195145
1528,1460084,0.053014487
1529,1460117,0.044569768
1530,1460136,0.058850992
1531,1460179,0.11820191
1532,1460184,0.10773868
1533,1470010,0.05075392
1534,1470012,0.008248957
1535,1470029,0.10969527
1536,1470036,0.06707265
1537,1470044,0.04245802
1538,1470075,0.010333208
1539,1470086,0.010333208
1540,1470102,0.03004114
1541,1470109,0.06647264
1542,1470128,0.06434975
1543,1470130,0.05600537
1544,1480055,0.061685164
1545,1480067,0.048095867
1546,1480068,0.13483992
1547,1480100,0.018080842
1548,1480104,0.122930616
1549,1480126,0.0440191
1550,1480128,0.0088031795
1551,1480141,0.01175311
1552,1480151,0.0092199575
1553,1480153,0.11129881
1554,1490024,0.027793858
1555,1490038,0.053127497
1556,1490098,0.027449366
1557,1490106,0.055431146
1558,1490111,0.04070025
1559,1490125,0.07455597
1560,1490137,0.025301978
1561,1490145,0.04829884
1562,1500017,0.048502352
1563,1500022,0.091587536
1564,1500023,0.09471848
1565,1500038,0.012912715
1566,1500044,0.12997103
1567,1500053,0.03447286
1568,1500054,0.049408462
1569,1500057,0.027373424
1570,1500087,0.048847552
1571,1500121,0.1342566
1572,1510039,0.091587536
1573,1510047,0.0251626
1574,1510053,0.09243913
1575,1510112,0.09952085
1576,1510117,0.015686728
1577,1510127,0.029720625
1578,1510133,0.15263909
1579,1510140,0.1912317
1580,1510144,0.13930331
1581,1510149,0.049082335
1582,1510169,0.12467914
1583,1520006,0.039229672
1584,1520012,0.02464072
1585,1520040,0.056241356
1586,1520044,0.031839088
1587,1520071,0.12417557
1588,1520094,0.0842847
1589,1520100,0.18239364
1590,1520126,0.036584496
1591,1520134,0.026713932
1592,1520139,0.047591396
1593,1530016,0.061752386
1594,1530045,0.038026
1595,1530056,0.07837155
1596,1530057,0.17038101
1597,1530060,0.05734915
1598,1530080,0.12899764
1599,1530109,0.06477471
1600,1530128,0.054577794
1601,1530131,0.096558504
1602,1540028,0.14974588
1603,1540050,0.07729041
1604,1540064,0.05955016
1605,1540066,0.043891348
1606,1540082,0.018631864
1607,1540118,0.12717825
1608,1540123,0.12934405
1609,1540135,0.06764488
1610,1540151,0.062562265
1611,1540152,0.10390494
1612,1540158,0.12605537
1613,1540166,0.015395627
1614,1550005,0.09000311
1615,1550017,0.031592
1616,1550022,0.119179465
1617,1550031,0.12692507
1618,1550036,0.13163646
1619,1550047,0.03662786
1620,1550074,0.14277904
1621,1550096,0.052938797
1622,1550135,0.3361478
1623,1550151,0.026112244
1624,1550183,0.037638485
1625,1550186,0.10859894
1626,1560013,0.13542026
1627,1560027,0.08320013
1628,1560033,0.03116293
1629,1560035,0.039599568
1630,1560054,0.025787894
1631,1560068,0.04190985
1632,1560071,0.06271624
1633,1560074,0.014178263
1634,1560089,0.074595265
1635,1560090,0.020349076
1636,1560127,0.09443818
1637,1560139,0.009482004
1638,1560141,0.079769164
1639,1560142,0.19295748
1640,1560152,0.032466747
1641,1560156,0.011364125
1642,1560171,0.00928396
1643,1560172,0.05233142
1644,1560181,0.10730072
1645,1560197,0.13852169
1646,1570005,0.080744796
1647,1570008,0.028992781
1648,1570040,0.109649345
1649,1570048,0.031868152
1650,1570057,0.09996663
1651,1570058,0.060985748
1652,1570061,0.08331204
1653,1570081,0.05284634
1654,1570082,0.07744848
1655,1570084,0.099399164
1656,1570091,0.036986947
1657,1570111,0.008248957
1658,1570130,0.049027
1659,1570133,0.022944305
1660,1570141,0.09828278
1661,1580003,0.23680285
1662,1580008,0.026531177
1663,1580024,0.15456307
1664,1580034,0.05772526
1665,1580038,0.12240505
1666,1580105,0.0933908
1667,1580115,0.023087043
1668,1580128,0.14565262
1669,1580136,0.0856003
1670,1580143,0.12693095
1671,1580165,0.16963515
1672,1580182,0.015657695
1673,1590023,0.030659946
1674,1590035,0.052377116
1675,1590043,0.08653053
1676,1590057,0.010820735
1677,1590067,0.06484086
1678,1590084,0.13550118
1679,1590107,0.028905487
1680,1590125,0.04762028
1681,1600024,0.07997693
1682,1600052,0.04682462
1683,1600056,0.11449008
1684,1600070,0.1359505
1685,1600071,0.10634708
1686,1600074,0.059790343
1687,1600075,0.120056294
1688,1600079,0.060900215
1689,1600102,0.10272587
1690,1600103,0.020349076
1691,1610029,0.11399944
1692,1610044,0.10040562
1693,1610058,0.12838906
1694,1610078,0.0389739
1695,1610120,0.079769164
1696,1610125,0.03682331
1697,1610132,0.05311849
1698,1610162,0.1757593
1699,1620016,0.124702126
1700,1620024,0.30886263
1701,1620025,0.2923156
1702,1620050,0.059445962
1703,1620074,0.11211836
1704,1620078,0.079769164
1705,1620086,0.10185259
1706,1620132,0.05706079
1707,1620133,0.14200431
1708,1620137,0.10337525
1709,1620151,0.15282579
1710,1620152,0.056718875
1711,1630016,0.05710233
1712,1630021,0.07610504
1713,1630022,0.071229525
1714,1630026,0.014041245
1715,1630032,0.07355148
1716,1630055,0.17144296
1717,1630107,0.053854063
1718,1630109,0.07029467
1719,1630114,0.0842847
1720,1630118,0.11740759
1721,1630129,0.008590402
1722,1630138,0.15055606
1723,1630159,0.011681465
1724,1630169,0.037601136
1725,1630178,0.0862379
1726,1640017,0.1337113
1727,1640030,0.055293214
1728,1640033,0.15935181
1729,1640047,0.085343234
1730,1640060,0.08768752
1731,1640069,0.06390422
1732,1640072,0.035946075
1733,1640103,0.027425177
1734,1640120,0.08620245
1735,1640130,0.044385407
1736,1640134,0.13764818
1737,1640137,0.0045789364
1738,1640140,0.30738187
1739,1640177,0.15889688
1740,1640180,0.029927136
1741,1650031,0.048650492
1742,1650032,0.021684311
1743,1650071,0.086606
1744,1650083,0.061132662
1745,1650087,0.109649345
1746,1650092,0.090086974
1747,1650096,0.050316427
1748,1650115,0.072212234
1749,1650128,0.053016547
1750,1650174,0.07298345
1751,1650176,0.14322704
1752,1650180,0.06139106
1753,1650204,0.18276262
1754,1660074,0.018922936
1755,1660082,0.18967867
1756,1660098,0.05754455
1757,1660099,0.12048983
1758,1660114,0.13857093
1759,1660143,0.10082056
1760,1670007,0.100681834
1761,1670023,0.1110338
1762,1670038,0.05084239
1763,1670067,0.14621355
1764,1670070,0.055180065
1765,1670075,0.06803315
1766,1670100,0.026707027
1767,1670132,0.10613394
1768,1670155,0.02417856
1769,1670157,0.050624516
1770,1680013,0.091587536
1771,1680021,0.027449366
1772,1680032,0.13458914
1773,1680044,0.09614201
1774,1680061,0.04195625
1775,1680108,0.15191843
1776,1680126,0.13030143
1777,1680137,0.06896333
1778,1690008,0.18684494
1779,1690018,0.03523083
1780,1690047,0.068957984
1781,1690078,0.017478764
1782,1690089,0.03899009
1783,1690096,0.06398294
1784,1690101,0.1011541
1785,1690110,0.08103078
1786,1690113,0.011056382
1787,1690123,0.14007327
1788,1690134,0.05435451
1789,1700031,0.015224133
1790,1700079,0.08000518
1791,1700084,0.01947327
1792,1700090,0.050505403
1793,1700120,0.08302072
1794,1700135,0.024119275
1795,1700163,0.13182119
1796,1710049,0.05853014
1797,1710055,0.004238656
1798,1710065,0.028248796
1799,1710077,0.044047955
1800,1710130,0.09462111
1801,1720005,0.04899637
1802,1720008,0.0126874065
1803,1720020,0.06845745
1804,1720039,0.12417557
1805,1720072,0.1613063
1806,1720076,0.088786185
1807,1720109,0.06960238
1808,1720111,0.09891164
1809,1720118,0.08546047
1810,1720129,0.06634037
1811,1720134,0.03710437
1812,1720153,0.11682223
1813,1730008,0.0054666684
1814,1730084,0.022889392
1815,1730089,0.050205767
1816,1730130,0.043262824
1817,1730154,0.009039015
1818,1730173,0.15404463
1819,1730184,0.061336283
1820,1730193,0.03663872
1821,1730196,0.024062589
1822,1740016,0.15578106
1823,1740028,0.0498044
1824,1740066,0.13904877
1825,1740085,0.23165648
1826,1740090,0.043612838
1827,1740149,0.05651486
1828,1740167,0.0098150475
1829,1740189,0.079769164
1830,1740191,0.031155126
1831,1740197,0.081373125
1832,1750010,0.20868918
1833,1750014,0.07319493
1834,1750040,0.04855679
1835,1750042,0.0069870814
1836,1750054,0.050855923
1837,1750066,0.015184178
1838,1750095,0.032982312
1839,1750106,0.09241216
1840,1750109,0.109291196
1841,1750110,0.026271835
1842,1750120,0.018930573
1843,1750163,0.0141572915
1844,1760004,0.0037903842
1845,1760009,0.051636204
1846,1760013,0.22705506
1847,1760041,0.035092898
1848,1760047,0.06141751
1849,1760078,0.12424401
1850,1760080,0.057070564
1851,1760096,0.03620013
1852,1760101,0.1024713
1853,1760104,0.047922637
1854,1760112,0.031837795
1855,1760117,0.1144383
1856,1770003,0.014036545
1857,1770020,0.1449429
1858,1770024,0.14345548
1859,1770040,0.10887137
1860,1770056,0.13660868
1861,1770067,0.050489042
1862,1770082,0.021918481
1863,1770103,0.10926871
1864,1770104,0.1507926
1865,1770108,0.16753465
1866,1770112,0.04661342
1867,1770133,0.03845811
1868,1770145,0.106381886
1869,1770169,0.082128584
1870,1770173,0.16202715
1871,1780024,0.04912965
1872,1780032,0.03121045
1873,1780050,0.14605281
1874,1780063,0.025810694
1875,1780096,0.05233142
1876,1780097,0.09775751
1877,1780102,0.08387652
1878,1780119,0.12988074
1879,1780127,0.08855738
1880,1780158,0.09873879
1881,1780175,0.085992455
1882,1780179,0.20813857
1883,1780182,0.09198355
1884,1780188,0.07461344
1885,1780201,0.1027991
1886,1790009,0.08979996
1887,1790014,0.046796724
1888,1790019,0.046870876
1889,1790032,0.03238845
1890,1790035,0.027783416
1891,1790047,0.10906868
1892,1790063,0.12794697
1893,1790066,0.010547528
1894,1790112,0.059223916
1895,1790119,0.22575101
1896,1790134,0.0815726
1897,1790145,0.062469915
1898,1790150,0.27417257
1899,1790155,0.08286124
1900,1790167,0.110507354
1901,1790169,0.037250355
1902,1800066,0.21993722
1903,1800165,0.025639847
1904,1810017,0.055293214
1905,1810030,0.15846524
1906,1810087,0.16497426
1907,1810094,0.110035695
1908,1810095,0.10791573
1909,1810109,0.071724094
1910,1810112,0.07781052
1911,1810113,0.08845398
1912,1810117,0.08461705
1913,1810120,0.10040562
1914,1810124,0.07182259
1915,1810126,0.41619432
1916,1810131,0.057929605
1917,1810138,0.0552627
1918,1820074,0.1011541
1919,1820085,0.065762274
1920,1820090,0.10496762
1921,1820098,0.08034616
1922,1820129,0.06902299
1923,1820131,0.023059146
1924,1820133,0.09171344
1925,1820145,0.08585746
1926,1820149,0.05791131
1927,1830037,0.09557552
1928,1830050,0.084535494
1929,1830055,0.07230968
1930,1830068,0.08667879
1931,1830078,0.19538023
1932,1830105,0.0121325655
1933,1830108,0.06601844
1934,1830123,0.070038214
1935,1830127,0.1828361
1936,1830134,0.043044567
1937,1830154,0.08422387
1938,1830159,0.029717501
1939,1830171,0.07200009
1940,1830177,0.039582413
1941,1840021,0.09464842
1942,1840035,0.12126612
1943,1840044,0.12331358
1944,1840060,0.07915671
1945,1840077,0.05897488
1946,1840103,0.052260134
1947,1840163,0.10456844
1948,1850023,0.08384875
1949,1850026,0.004199433
1950,1850060,0.09587029
1951,1850073,0.050084576
1952,1850105,0.084053
1953,1850108,0.06588743
1954,1850137,0.020978373
1955,1850209,0.2681288
1956,1860020,0.06068869
1957,1860051,0.10633028
1958,1860059,0.11130808
1959,1860061,0.15267147
1960,1860062,0.10493066
1961,1860072,0.1011541
1962,1860081,0.03439116
1963,1860101,0.035022397
1964,1860103,0.18750189
1965,1860127,0.12047426
1966,1870005,0.075527154
1967,1870020,0.067898065
1968,1870044,0.067828014
1969,1870048,0.117154144
1970,1870058,0.034358792
1971,1870071,0.04136588
1972,1870090,0.11064376
1973,1870094,0.028992781
1974,1870095,0.040522795
1975,1870097,0.07313866
1976,1870104,0.07548663
1977,1870121,0.04190985
1978,1880005,0.027081532
1979,1880010,0.038888782
1980,1880040,0.03572848
1981,1880050,0.053724688
1982,1880051,0.03634818
1983,1880058,0.038420964
1984,1880069,0.06181914
1985,1880105,0.12911399
1986,1880127,0.11832169
1987,1880136,0.13807234
1988,1880143,0.089758635
1989,1880145,0.013251198
1990,1880151,0.094852865
1991,1880162,0.12641405
1992,1890010,0.011615463
1993,1890014,0.033525568
1994,1890021,0.006434425
1995,1890036,0.120225996
1996,1890098,0.015130047
1997,1890122,0.03238137
1998,1890143,0.14508317
1999,1890150,0.069373
2000,1890160,0.034222096
2001,1890172,0.13165161
2002,1890184,0.123066
2003,1890191,0.06870368
2004,1900054,0.070909195
2005,1900070,0.13402246
2006,1900076,0.09166975
2007,1900087,0.005082602
2008,1900100,0.00928396
2009,1900108,0.24361496
2010,1900115,0.08796718
2011,1900129,0.009445939
2012,1900137,0.06344298
2013,1900140,0.16956426
2014,1900165,0.11260254
2015,1900177,0.07511892
2016,1900205,0.1099649
2017,1910023,0.011418162
2018,1910067,0.04917926
2019,1910069,0.038188957
2020,1910097,0.09018089
2021,1910114,0.06660855
2022,1910129,0.035600502
2023,1910158,0.049221143
2024,1910160,0.053485215
2025,1920006,0.12590675
2026,1920009,0.10646194
2027,1920014,0.09115541
2028,1920057,0.12189558
2029,1920109,0.03806241
2030,1920115,0.07948916
2031,1920128,0.033554688
2032,1920149,0.0779778
2033,1920171,0.07211041
2034,1920175,0.0995583
2035,1920197,0.33794615
2036,1930010,0.03116293
2037,1930013,0.10519153
2038,1930060,0.05127113
2039,1930068,0.016605025
2040,1930078,0.054993182
2041,1930118,0.11384833
2042,1930150,0.10443511
2043,1930158,0.016605025
2044,1930172,0.067765675
2045,1930189,0.07862692
2046,1940020,0.040566053
2047,1940025,0.11149181
2048,1940047,0.079189196
2049,1940101,0.12632394
2050,1940104,0.081627056
2051,1940127,0.13788179
2052,1940133,0.10040562
2053,1940147,0.0768946
2054,1940154,0.056925785
2055,1940168,0.117224395
2056,1940178,0.11512351
2057,1950015,0.078200586
2058,1950019,0.102262765
2059,1950044,0.014063687
2060,1950059,0.11138828
2061,1950085,0.070768274
2062,1950091,0.14033176
2063,1950100,0.031553023
2064,1950111,0.008804232
2065,1950128,0.05954101
2066,1950140,0.16605653
2067,1950142,0.15068895
2068,1950145,0.16017756
2069,1950148,0.075692706
2070,1950156,0.012508757
2071,1950162,0.08345995
2072,1950163,0.29099268
2073,1950174,0.058578547
2074,1950177,0.038146034
2075,1960012,0.09741738
2076,1960016,0.2329809
2077,1960019,0.01185664
2078,1960038,0.13725413
2079,1960044,0.0062706755
2080,1960058,0.024098642
2081,1960079,0.08381934
2082,1960081,0.09053811
2083,1960083,0.11952493
2084,1960094,0.104160786
2085,1960102,0.035795406
2086,1960121,0.035003502
2087,1960132,0.085987605
2088,1960137,0.02826067
2089,1960154,0.07703736
2090,1960155,0.013251198
2091,1970029,0.086223565
2092,1970048,0.119053386
2093,1970061,0.13301261
2094,1970101,0.039068032
2095,1970107,0.07956213
2096,1990037,0.007879151
2097,1990043,0.0059252577
2098,1990049,0.073164135
2099,1990092,0.09911892
2100,1990096,0.046747785
2101,1990110,0.015798554
2102,1990119,0.0446628
2103,1990127,0.047123566
2104,1990129,0.106381886
2105,1990138,0.040419564
2106,1990140,0.0098150475
2107,1990167,0.013462574
2108,1990171,0.047262866
2109,1990192,0.07661623
2110,1990218,0.017545095
2111,1990245,0.047632705
2112,1990250,0.045246728
2113,1990258,0.24717301
2114,1990289,0.012138396
2115,1990310,0.037015993
2116,1990333,0.073425904
2117,1990335,0.09828278
2118,1990346,0.02592707
2119,2000005,0.04504387
2120,2000027,0.0077170366
2121,2000042,0.026075333
2122,2000048,0.102084644
2123,2000059,0.014495206
2124,2000066,0.11157841
2125,2000073,0.02819913
2126,2000111,0.42648837
2127,2000131,0.070190035
2128,2000134,0.039599568
2129,2000139,0.07657907
2130,2010031,0.10462706
2131,2010043,0.053920023
2132,2010050,0.012525873
2133,2010053,0.03815355
2134,2010087,0.07645643
2135,2010120,0.022380108
2136,2030003,0.03556728
2137,2030035,0.12955372
2138,2030039,0.14679797
2139,2030043,0.02922971
2140,2030050,0.04866263
2141,2030066,0.0037429037
2142,2030084,0.003812572
2143,2030086,0.031323925
2144,2030101,0.13885126
2145,2030117,0.061833013
2146,2030136,0.056749176
2147,2030140,0.121133484
2148,2040013,0.11151704
2149,2040018,0.0440191
2150,2040031,0.1011541
2151,2040039,0.10419419
2152,2040079,0.06765712
2153,2040086,0.052846376
2154,2040107,0.0968164
2155,2040114,0.06468941
2156,2040125,0.028998327
2157,2040143,0.031829733
2158,2060004,0.012675759
2159,2060018,0.119053386
2160,2060052,0.19268477
2161,2060070,0.04517709
2162,2060071,0.07925497
2163,2060074,0.19505183
2164,2060077,0.024562107
2165,2060120,0.034710564
2166,2070019,0.01204156
2167,2070022,0.012675759
2168,2070053,0.14462699
2169,2070057,0.021813478
2170,2070079,0.041523833
2171,2070084,0.07382104
2172,2070111,0.1024713
2173,2070117,0.06876162
2174,2070130,0.05453614
2175,2070147,0.0139092775
2176,2070194,0.0429463
2177,2080012,0.08700407
2178,2080023,0.1653644
2179,2080025,0.051636204
2180,2080050,0.0765234
2181,2080051,0.008422303
2182,2080055,0.12794697
2183,2080083,0.03447286
2184,2080089,0.030102475
2185,2080120,0.042738445
2186,2080126,0.081206955
2187,2080134,0.12123618
2188,2080167,0.070668355
2189,2080169,0.057249807
2190,2080183,0.09982286
2191,2080184,0.030019147
2192,2080207,0.017618373
2193,2080222,0.06704386
2194,2080247,0.06340566
2195,2080268,0.05588696
2196,2080272,0.11150843
2197,2090018,0.100681834
2198,2090041,0.06567384
2199,2090043,0.02386192
2200,2090055,0.047753055
2201,2090059,0.017880538
2202,2090066,0.05619932
2203,2090071,0.061881743
2204,2090087,0.035922937
2205,2090110,0.043520976
2206,2090158,0.16924678
2207,2090166,0.051623683
2208,2090169,0.024009572
2209,2090184,0.04344787
2210,2100009,0.31306413
2211,2100014,0.05204616
2212,2100043,0.13195711
2213,2100068,0.13846274
2214,2100087,0.13834603
2215,2100104,0.24754375
2216,2100128,0.09214982
2217,2110010,0.17054659
2218,2110049,0.39069393
2219,2110061,0.3988113
2220,2110064,0.09564242
2221,2110073,0.03204769
2222,2110088,0.042546067
2223,2110103,0.06765712
2224,2110106,0.10853242
2225,2110113,0.04979761
2226,2110123,0.0040247175
2227,2110129,0.013084361
2228,2110181,0.056777883
2229,2110198,0.2004984
2230,2110199,0.12901516
2231,2120008,0.116403155
2232,2120025,0.05263379
2233,2120083,0.24645898
2234,2120096,0.088577494
2235,2120099,0.13540901
2236,2120118,0.05676092
2237,2120124,0.15551601
2238,2120125,0.120395064
2239,2120162,0.037331805
2240,2120163,0.4339942
2241,2120187,0.0039058286
2242,2120198,0.0055005862
2243,2120210,0.08016319
2244,2130054,0.071599394
2245,2130071,0.08000518
2246,2130082,0.02987273
2247,2130109,0.0995583
2248,2130130,0.056617584
2249,2130133,0.09171052
2250,2130140,0.031491213
2251,2130153,0.08591573
2252,2130155,0.05262346
2253,2130166,0.016892156
2254,2140008,0.022873634
2255,2140032,0.12232697
2256,2140055,0.033525568
2257,2140068,0.038567483
2258,2140084,0.05429905
2259,2140094,0.12073859
2260,2140099,0.120197095
2261,2140126,0.017012466
2262,2140133,0.04625939
2263,2140139,0.05453614
2264,2140155,0.10496762
2265,2150010,0.042170297
2266,2150058,0.011864094
2267,2150070,0.027756948
2268,2150082,0.1319789
2269,2150096,0.02874333
2270,2150105,0.16078712
2271,2150114,0.09986011
2272,2150132,0.034245767
2273,2150134,0.08981216
2274,2150137,0.12363444
2275,2160029,0.01684286
2276,2160041,0.079387926
2277,2160047,0.11006312
2278,2160066,0.053155646
2279,2160069,0.23880668
2280,2160102,0.0093063675
2281,2160109,0.07049858
2282,2160116,0.039229672
2283,2160130,0.08424411
2284,2160139,0.16108045
2285,2160144,0.114066064
2286,2160156,0.054680556
2287,2160164,0.06580374
2288,2170027,0.026692022
2289,2170029,0.11149181
2290,2170041,0.008832035
2291,2170066,0.044640385
2292,2170082,0.04384241
2293,2170108,0.13834603
2294,2170111,0.020407911
2295,2170123,0.029439865
2296,2170137,0.047803223
2297,2180025,0.017282667
2298,2180034,0.005593706
2299,2180037,0.090578586
2300,2180074,0.096644
2301,2180079,0.054703977
2302,2180087,0.036651082
2303,2180089,0.14608192
2304,2180102,0.14749756
2305,2180122,0.060730685
2306,2190008,0.12935503
2307,2190010,0.026167087
2308,2190015,0.42195725
2309,2190020,0.03574853
2310,2190023,0.12188449
2311,2190029,0.1418524
2312,2190035,0.09369266
2313,2190055,0.08617119
2314,2190061,0.1263095
2315,2190070,0.03224722
2316,2190076,0.04350557
2317,2190083,0.069065884
2318,2190095,0.03953601
2319,2190100,0.1531831
2320,2190106,0.047612235
2321,2190116,0.09758252
2322,2190118,0.11890523
2323,2190119,0.07658669
2324,2190123,0.03926985
2325,2190124,0.12856641
2326,2190144,0.012611297
2327,2190161,0.094261006
2328,2190167,0.029772198
2329,2190169,0.019258881
2330,2200009,0.045801774
2331,2200012,0.03540977
2332,2200024,0.033193387
2333,2200034,0.14111494
2334,2200046,0.129341
2335,2200052,0.015717726
2336,2200076,0.10303315
2337,2200087,0.08313461
2338,2200101,0.04593899
2339,2200118,0.14358047
2340,2200151,0.23969182
2341,2210006,0.04287206
2342,2210008,0.045883145
2343,2210022,0.059308395
2344,2210032,0.043833055
2345,2210049,0.052593302
2346,2210064,0.09531128
2347,2210089,0.03716909
2348,2210093,0.025125183
2349,2210109,0.056993462
2350,2220009,0.09859116
2351,2220013,0.1051895
2352,2220052,0.05865559
2353,2220060,0.06546184
2354,2220069,0.054112755
2355,2220099,0.05038761
2356,2220118,0.021648075
2357,2220126,0.15475385
2358,2220129,0.063443325
2359,2220131,0.08331204
2360,2220145,0.1358659
2361,2230003,0.042418826
2362,2230013,0.03466095
2363,2230016,0.189264
2364,2230068,0.102951
2365,2230073,0.11781888
2366,2230075,0.091543294
2367,2230101,0.109649345
2368,2230108,0.017921867
2369,2230117,0.109649345
2370,2230129,0.35949382
2371,2230139,0.031214472
2372,2230144,0.083329946
2373,2230152,0.015327873
2374,2230158,0.10713455
2375,2240009,0.01050441
2376,2240016,0.00862733
2377,2240041,0.079387926
2378,2240046,0.020465247
2379,2240049,0.028992781
2380,2240068,0.14509864
2381,2240073,0.04593899
2382,2240087,0.046057936
2383,2240100,0.011723422
2384,2240103,0.032747507
2385,2240143,0.0110461265
2386,2240144,0.036001746
2387,2240163,0.27197367
2388,2250004,0.1729537
2389,2250010,0.07298345
2390,2250024,0.12675333
2391,2250029,0.07412653
2392,2250053,0.10050228
2393,2250060,0.040735945
2394,2250091,0.12692507
2395,2250094,0.04055671
2396,2250100,0.09000311
2397,2250115,0.004822979
2398,2250140,0.28913718
2399,2250159,0.093305826
2400,2250162,0.05082791
2401,2260005,0.07920858
2402,2260020,0.10305838
2403,2260039,0.12635724
2404,2260045,0.027991397
2405,2260062,0.03616102
2406,2260063,0.016180344
2407,2260073,0.051655315
2408,2260083,0.23488738
2409,2260107,0.024652315
2410,2260114,0.0033216039
2411,2260125,0.06141751
2412,2260186,0.08310915
2413,2260197,0.042610977
2414,2270010,0.13030837
2415,2270013,0.07956213
2416,2270028,0.012964626
2417,2270060,0.037372276
2418,2270072,0.26026064
2419,2270081,0.00523409
2420,2270101,0.07937427
2421,2270113,0.18443859
2422,2270144,0.040566053
2423,2270145,0.057077084
2424,2270180,0.07794298
2425,2270192,0.12577654
2426,2280009,0.048296526
2427,2280036,0.12875888
2428,2280039,0.08424034
2429,2280063,0.08331204
2430,2280073,0.059890717
2431,2280082,0.1282922
2432,2280101,0.07945295
2433,2280112,0.045769013
2434,2280117,0.044299882
2435,2280126,0.03683066
2436,2290013,0.11792771
2437,2290035,0.05636462
2438,2290045,0.06875147
2439,2290053,0.055169463
2440,2290100,0.15677552
2441,2290117,0.061201867
2442,2290119,0.057773847
2443,2290161,0.10168386
2444,2290186,0.045010436
2445,2300006,0.058891706
2446,2300011,0.14911921
2447,2300021,0.11110103
2448,2300038,0.22799219
2449,2300039,0.040826667
2450,2300071,0.1011541
2451,2300110,0.13393234
2452,2300120,0.08331204
2453,2300125,0.24630244
2454,2310007,0.011418162
2455,2310016,0.045256164
2456,2310030,0.012743634
2457,2310045,0.0213013
2458,2310050,0.12911399
2459,2310064,0.018718636
2460,2310085,0.009936634
2461,2310101,0.07917404
2462,2310126,0.24734049
2463,2310134,0.24198724
2464,2320003,0.111135066
2465,2320009,0.05958288
2466,2320048,0.14626749
2467,2320060,0.039336953
2468,2320078,0.091060825
2469,2320093,0.09539532
2470,2320103,0.11305183
2471,2320176,0.19363245
2472,2330004,0.073098496
2473,2330015,0.027860887
2474,2330023,0.10333512
2475,2330028,0.08511824
2476,2330051,0.011391382
2477,2330062,0.22017522
2478,2330063,0.20721151
2479,2330075,0.12265656
2480,2330093,0.108845614
2481,2330125,0.07904534
2482,2330126,0.14769597
2483,2330145,0.106958084
2484,2330157,0.06554745
2485,2330158,0.054875456
2486,2340006,0.019961001
2487,2340010,0.0093063675
2488,2340017,0.25559124
2489,2340023,0.24118091
2490,2340072,0.050565276
2491,2340076,0.086223565
2492,2340107,0.06803315
2493,2340108,0.10272587
2494,2340114,0.100681834
2495,2340115,0.25439614
2496,2340121,0.14141847
2497,2340125,0.034634944
2498,2340131,0.10918014
2499,2340135,0.09147037
2500,2340145,0.0887379
2501,2340157,0.092852466
2502,2350006,0.06324949
2503,2350011,0.026837785
2504,2350023,0.12404366
2505,2350036,0.10018517
2506,2350042,0.1129411
2507,2350123,0.028572295
2508,2350141,0.134014
2509,2350146,0.057689488
2510,2350176,0.03456099
2511,2350179,0.029473944
2512,2350180,0.057494957
2513,2360036,0.053919636
2514,2360093,0.07970006
2515,2360107,0.052850265
2516,2360118,0.06742693
2517,2360124,0.052384086
2518,2360135,0.11886625
2519,2360153,0.009184859
2520,2360161,0.1391316
2521,2370035,0.054899935
2522,2370055,0.02282907
2523,2370063,0.03615903
2524,2370086,0.25352725
2525,2370101,0.027430324
2526,2370107,0.020758059
2527,2370108,0.057017058
2528,2370114,0.09539921
2529,2370147,0.041528005
2530,2370148,0.23636982
2531,2370158,0.3041394
2532,2380011,0.06754504
2533,2380041,0.12432209
2534,2380051,0.19541657
2535,2380073,0.1417227
2536,2380080,0.051382054
2537,2380085,0.008393723
2538,2380093,0.056146737
2539,2380100,0.07057225
2540,2380128,0.059786852
2541,2380132,0.0721273
2542,2390009,0.08963238
2543,2390017,0.077374876
2544,2390024,0.060006328
2545,2390042,0.06842007
2546,2390052,0.023303337
2547,2390062,0.012675759
2548,2390087,0.06335221
2549,2390095,0.043494888
2550,2390114,0.019948017
2551,2390152,0.07774726
2552,2390185,0.08476799
2553,2390191,0.046138633
2554,2390194,0.06935232
2555,2400047,0.05198906
2556,2400048,0.051879674
2557,2400057,0.07327383
2558,2400059,0.10704899
2559,2400070,0.048471313
2560,2400091,0.08313461
2561,2400096,0.06949719
2562,2400109,0.13594618
2563,2400111,0.024422487
2564,2400117,0.11440538
2565,2400134,0.2686677
2566,2400138,0.07095727
2567,2400168,0.28544044
2568,2410015,0.23880668
2569,2410019,0.12715468
2570,2410037,0.17623338
2571,2410061,0.02285193
2572,2410106,0.093439154
2573,2410116,0.015042976
2574,2410117,0.025083503
2575,2410141,0.21603438
2576,2420008,0.06420218
2577,2420021,0.044507038
2578,2420037,0.118349046
2579,2420045,0.14376025
2580,2420057,0.048512254
2581,2420066,0.10529885
2582,2420095,0.03659301
2583,2420147,0.15437877
2584,2430005,0.008824233
2585,2430043,0.10768265
2586,2430063,0.10089763
2587,2430073,0.15642291
2588,2430080,0.06902253
2589,2430113,0.102951
2590,2430116,0.12632394
2591,2430140,0.07213855
2592,2430141,0.01822331
2593,2430156,0.031307023
2594,2430161,0.03951056
2595,2430213,0.34981632
2596,2430220,0.35793096
2597,2440007,0.06390741
2598,2440032,0.03978167
2599,2440043,0.026183046
2600,2440051,0.08783083
2601,2440070,0.01204156
2602,2440113,0.31055278
2603,2440144,0.07519169
2604,2450003,0.019591669
2605,2450064,0.10529885
2606,2450069,0.08298583
2607,2450077,0.09024462
2608,2450082,0.0699776
2609,2450102,0.04720352
2610,2450154,0.024263699
2611,2450165,0.05666164
2612,2450169,0.13513595
2613,2460013,0.102084644
2614,2460023,0.109649345
2615,2460028,0.07502158
2616,2460038,0.09259815
2617,2460061,0.080555394
2618,2460070,0.036720883
2619,2460082,0.05084239
2620,2460098,0.062044542
2621,2460100,0.0862379
2622,2460107,0.07419486
2623,2460132,0.07819074
2624,2470046,0.2158874
2625,2470047,0.10160102
2626,2470092,0.07158367
2627,2470103,0.2794444
2628,2470129,0.03905681
2629,2470130,0.10983184
2630,2470140,0.010133611
2631,2470151,0.039836988
2632,2470176,0.14497456
2633,2470184,0.12091566
2634,2480014,0.027607834
2635,2480020,0.03569389
2636,2480021,0.27308893
2637,2480028,0.05143739
2638,2480031,0.03791816
2639,2480035,0.056570653
2640,2480059,0.047020346
2641,2480064,0.01598785
2642,2480091,0.04979761
2643,2480123,0.037796628
2644,2480160,0.060913086
2645,2480187,0.22891504
2646,2490005,0.1245437
2647,2490019,0.24792348
2648,2490020,0.20570385
2649,2490027,0.024430972
2650,2490032,0.13765706
2651,2490044,0.013529564
2652,2490062,0.054422576
2653,2490110,0.09539921
2654,2490158,0.0700161
2655,2500006,0.067765675
2656,2500039,0.0685425
2657,2500098,0.06276237
2658,2500112,0.13512242
2659,2500117,0.05939842
2660,2510011,0.021092063
2661,2510017,0.008545167
2662,2510019,0.02278028
2663,2510037,0.14709274
2664,2510073,0.04480467
2665,2510093,0.10931252
2666,2520005,0.049773436
2667,2520009,0.061052646
2668,2520024,0.21003714
2669,2520030,0.07638035
2670,2520054,0.04045421
2671,2520061,0.19295748
2672,2520078,0.030669846
2673,2520083,0.079769164
2674,2520089,0.009382688
2675,2520102,0.1208986
2676,2520107,0.10584551
2677,2520116,0.05044491
2678,2520147,0.05443449
2679,2520149,0.08372561
2680,2520154,0.3837629
2681,2520157,0.102951
2682,2520175,0.083245695
2683,2530013,0.04551115
2684,2530037,0.037683178
2685,2530056,0.06479022
2686,2530074,0.009184859
2687,2530081,0.012675759
2688,2530088,0.22984715
2689,2530131,0.040365197
2690,2530137,0.049450107
2691,2530153,0.05641276
2692,2540004,0.17690033
2693,2540019,0.10395613
2694,2540030,0.035937574
2695,2540033,0.08661602
2696,2540056,0.062513046
2697,2540058,0.025508257
2698,2540087,0.12641066
2699,2540090,0.0698681
2700,2540104,0.13834603
2701,2540160,0.05157535
2702,2550003,0.09237151
2703,2550012,0.042985827
2704,2550016,0.0636081
2705,2550033,0.07204439
2706,2550064,0.13834603
2707,2550128,0.08813117
2708,2550145,0.029112125
2709,2550158,0.22856086
2710,2550163,0.053497776
2711,2560031,0.10301656
2712,2560034,0.056457337
2713,2560042,0.12088145
2714,2560066,0.035807107
2715,2560087,0.009339504
2716,2560097,0.009842334
2717,2560141,0.059069794
2718,2560151,0.14508317
2719,2560158,0.041460995
2720,2570007,0.035092898
2721,2570046,0.056283314
2722,2570068,0.06556106
2723,2570090,0.034999426
2724,2570092,0.07097016
2725,2570101,0.13291463
2726,2570106,0.0044483966
2727,2570140,0.1415562
2728,2570145,0.094111376
2729,2570159,0.017733192
2730,2570165,0.11826299
2731,2570170,0.05967583
2732,2580027,0.042845644
2733,2580047,0.2389112
2734,2580091,0.25444412
2735,2580102,0.08181277
2736,2580111,0.098568715
2737,2580134,0.013251198
2738,2580170,0.0054782014
2739,2590027,0.095584214
2740,2590057,0.039104443
2741,2590064,0.12326572
2742,2590065,0.033525568
2743,2590070,0.08063633
2744,2590075,0.027080357
2745,2590136,0.1353284
2746,2590138,0.062506884
2747,2590142,0.04890115
2748,2590156,0.096042074
2749,2590163,0.0473823
2750,2590166,0.044416532
2751,2590175,0.021043047
2752,2590176,0.033282354
2753,2590187,0.042567916
2754,2600010,0.29999197
2755,2600014,0.38113284
2756,2600062,0.014322564
2757,2600114,0.11157841
2758,2600118,0.011535487
2759,2600136,0.10246588
2760,2600143,0.030102475
2761,2600145,0.039229672
2762,2600149,0.04536337
2763,2610003,0.0056645316
2764,2610012,0.087699905
2765,2610065,0.1071606
2766,2610068,0.063716404
2767,2610079,0.0899554
2768,2610092,0.10345406
2769,2610096,0.02417856
2770,2610136,0.08415054
2771,2610142,0.052574556
2772,2610148,0.10881967
2773,2610172,0.1208986
2774,2610192,0.028067542
2775,2610203,0.115710504
2776,2620026,0.081220515
2777,2620039,0.13280599
2778,2620110,0.060813654
2779,2620114,0.028934373
2780,2620139,0.037571184
2781,2620144,0.15652081
2782,2620157,0.023397183
2783,2630003,0.01749393
2784,2630086,0.008595451
2785,2630132,0.009670074
2786,2630136,0.030890375
2787,2630139,0.15249033
2788,2630168,0.025907805
2789,2630180,0.0054647895
2790,2630183,0.046729673
2791,2630222,0.0291204
2792,2640004,0.0874405
2793,2640008,0.021248056
2794,2640021,0.14564928
2795,2640040,0.099540986
2796,2640069,0.025169445
2797,2640077,0.011634677
2798,2640102,0.1418524
2799,2640107,0.051834524
2800,2640109,0.016365347
2801,2640134,0.017730935
2802,2640137,0.041761514
2803,2640171,0.16375639
2804,2640173,0.043607518
2805,2650019,0.11211836
2806,2650028,0.08145708
2807,2650031,0.020989707
2808,2650036,0.12747942
2809,2650047,0.11017709
2810,2650064,0.11464201
2811,2650066,0.052576408
2812,2650077,0.08331204
2813,2650081,0.14456744
2814,2650110,0.094111376
2815,2650112,0.24116567
2816,2650115,0.042281803
2817,2650116,0.22268277
2818,2650140,0.027446305
2819,2650144,0.018307485
2820,2660008,0.00889318
2821,2660015,0.22038837
2822,2660023,0.016095947
2823,2660030,0.0057044006
2824,2660048,0.022304084
2825,2660054,0.011373949
2826,2660062,0.046239913
2827,2660074,0.108220495
2828,2660103,0.024176361
2829,2660105,0.0725983
2830,2660106,0.07332832
2831,2660107,0.022432653
2832,2660119,0.028175242
2833,2660135,0.07000491
2834,2660146,0.1383008
2835,2670014,0.0033734494
2836,2670015,0.035134837
2837,2670038,0.060758162
2838,2670053,0.010336495
2839,2670058,0.024977555
2840,2670073,0.0049574045
2841,2670089,0.11625723
2842,2670106,0.14920187
2843,2670133,0.081791274
2844,2670136,0.011634677
2845,2670142,0.022876646
2846,2680044,0.07744848
2847,2680051,0.013628391
2848,2680052,0.047704864
2849,2680062,0.017496986
2850,2680068,0.018096128
2851,2680069,0.16360351
2852,2690016,0.041207865
2853,2690019,0.028973788
2854,2690024,0.041670673
2855,2690035,0.0054666684
2856,2690040,0.10237806
2857,2690091,0.05016907
2858,2690095,0.05883746
2859,2690136,0.035715267
2860,2690156,0.05800776
2861,2690164,0.013448199
2862,2690173,0.041169543
2863,2690179,0.11150791
2864,2690184,0.09375149
2865,2690208,0.100257054
2866,2690217,0.08048941
2867,2700003,0.011723422
2868,2700018,0.024348238
2869,2700019,0.13725413
2870,2700034,0.047425464
2871,2700041,0.132011
2872,2700051,0.5331094
2873,2700061,0.11396877
2874,2700080,0.12794697
2875,2700106,0.09997296
2876,2700121,0.10040562
2877,2700123,0.16834986
2878,2710016,0.12956281
2879,2710026,0.0300671
2880,2710030,0.08848056
2881,2710036,0.06472045
2882,2710041,0.1354443
2883,2710046,0.012618674
2884,2710068,0.037495103
2885,2710073,0.051333327
2886,2710100,0.113332786
2887,2710134,0.12777282
2888,2710160,0.12225084
2889,2720014,0.06859569
2890,2720029,0.15578106
2891,2720054,0.08127252
2892,2720058,0.050565276
2893,2720075,0.075071
2894,2720083,0.047123566
2895,2720097,0.071513176
2896,2720105,0.07382104
2897,2720119,0.10862796
2898,2720126,0.008858736
2899,2720138,0.079387926
2900,2720142,0.008946034
2901,2730040,0.12692507
2902,2730057,0.09164696
2903,2730065,0.0543598
2904,2730112,0.12505752
2905,2730137,0.11602604
2906,2740003,0.12685518
2907,2740019,0.024025472
2908,2740071,0.15141453
2909,2740129,0.028912641
2910,2740135,0.040753122
2911,2750077,0.088038
2912,2750117,0.0038807401
2913,2750127,0.098054
2914,2750140,0.04945866
2915,2750154,0.010237522
2916,2750159,0.4716918
2917,2750164,0.057112213
2918,2750169,0.088079825
2919,2750177,0.05977371
2920,2750187,0.18824181
2921,2760003,0.02203956
2922,2760048,0.14074539
2923,2760085,0.07403013
2924,2760101,0.015305472
2925,2760125,0.043487
2926,2760141,0.05089364
2927,2760145,0.007068298
2928,2760163,0.02431863
2929,2760167,0.13625935
2930,2760169,0.10344937
2931,2760171,0.16205536
2932,2770013,0.02412385
2933,2770022,0.09309779
2934,2770058,0.0053891023
2935,2770099,0.1029993
2936,2770127,0.1626349
2937,2770132,0.055621956
2938,2770156,0.09956116
2939,2770168,0.26121116
2940,2770175,0.08178992
2941,2770178,0.013770761
2942,2770182,0.03807139
2943,2780015,0.023937266
2944,2780026,0.051879674
2945,2780047,0.024364807
2946,2780075,0.0096698515
2947,2780086,0.01009803
2948,2780104,0.13277149
2949,2780123,0.01857642
2950,2780140,0.14508317
2951,2780147,0.12791665
2952,2790006,0.065789096
2953,2790022,0.04105785
2954,2790027,0.08110194
2955,2790028,0.0487752
2956,2790045,0.2426804
2957,2790071,0.0127862515
2958,2790106,0.055552877
2959,2790110,0.034303118
2960,2790141,0.1026905
2961,2790152,0.041784722
2962,2800016,0.085696146
2963,2800017,0.041670673
2964,2800018,0.042546067
2965,2800024,0.011308725
2966,2800033,0.103979304
2967,2800038,0.009026232
2968,2800044,0.07968739
2969,2800064,0.0206088
2970,2800091,0.28459945
2971,2800117,0.10906041
2972,2800128,0.06854952
2973,2800139,0.019005533
2974,2800141,0.0098150475
2975,2800169,0.06509079
2976,2810022,0.030176982
2977,2810038,0.03877181
2978,2810063,0.1166903
2979,2810081,0.01470762
2980,2810094,0.044086866
2981,2810101,0.009957399
2982,2810168,0.070210084
2983,2810181,0.06595098
2984,2810194,0.071941696
2985,2820004,0.011871061
2986,2820033,0.1252884
2987,2820040,0.0115055125
2988,2820046,0.058378022
2989,2820047,0.2383429
2990,2820049,0.14956988
2991,2820073,0.030056302
2992,2820081,0.11430393
2993,2820084,0.06603614
2994,2820109,0.103979304
2995,2820110,0.11187727
2996,2820134,0.012325357
2997,2820136,0.2795945
2998,2820137,0.24109203
2999,2830006,0.21731947
3000,2830054,0.11525521
3001,2830060,0.037904892
3002,2830065,0.03954521
3003,2830087,0.026765065
3004,2830090,0.105477214
3005,2830094,0.25017664
3006,2830107,0.13048354
3007,2830111,0.05210752
3008,2830112,0.23592532
3009,2840014,0.079769164
3010,2840021,0.11305183
3011,2840043,0.14098348
3012,2840048,0.036020774
3013,2840061,0.08366461
3014,2840067,0.14584546
3015,2840086,0.091410376
3016,2840103,0.07433006
3017,2840110,0.05343565
3018,2840116,0.048202906
3019,2840127,0.070458375
3020,2840130,0.16245036
3021,2840132,0.038485326
3022,2840139,0.049070787
3023,2850003,0.028992781
3024,2850029,0.23488696
3025,2850039,0.30886263
3026,2850045,0.06141751
3027,2850069,0.062294744
3028,2850091,0.012087442
3029,2850100,0.011615463
3030,2850116,0.07900073
3031,2850150,0.0046830093
3032,2850164,0.040718522
3033,2850175,0.06263866
3034,2850188,0.07774726
3035,2850210,0.079416595
3036,2860017,0.040096357
3037,2860026,0.21114343
3038,2860038,0.04678575
3039,2860064,0.057428315
3040,2860067,0.016351998
3041,2860102,0.4618783
3042,2870006,0.00401857
3043,2870068,0.040924333
3044,2870073,0.31163037
3045,2870084,0.039430175
3046,2870096,0.053765837
3047,2870110,0.051334362
3048,2870116,0.11157841
3049,2870118,0.08695352
3050,2870134,0.10343117
3051,2880006,0.07576913
3052,2880025,0.06595098
3053,2880057,0.028992781
3054,2880063,0.062430993
3055,2880066,0.06764491
3056,2880074,0.10044794
3057,2880082,0.10974493
3058,2880088,0.09599991
3059,2880108,0.13600996
3060,2880109,0.08948817
3061,2880133,0.08549006
3062,2890004,0.09786069
3063,2890010,0.15702817
3064,2890034,0.045801774
3065,2890040,0.014710606
3066,2890044,0.045952126
3067,2890051,0.16887885
3068,2890065,0.012300439
3069,2890082,0.14536437
3070,2890086,0.06444082
3071,2890118,0.13769455
3072,2890149,0.14565021
3073,2900010,0.109649345
3074,2900030,0.11195611
3075,2900077,0.079301804
3076,2900090,0.14333813
3077,2900114,0.025810694
3078,2900129,0.12776272
3079,2900132,0.18102135
3080,2900137,0.024178006
3081,2900141,0.033554688
3082,2910017,0.043964922
3083,2910031,0.07150767
3084,2910035,0.15111351
3085,2910113,0.0694765
3086,2910135,0.05355381
3087,2910192,0.052266076
3088,2910195,0.109649345
3089,2910202,0.048053812
3090,2920007,0.02971887
3091,2920027,0.13755305
3092,2920035,0.09953978
3093,2920040,0.014209276
3094,2920055,0.25119767
3095,2920064,0.061444055
3096,2920067,0.1361401
3097,2920073,0.013384654
3098,2920086,0.009382905
3099,2920098,0.070739806
3100,2920112,0.060974717
3101,2930012,0.048924863
3102,2930018,0.03811965
3103,2930047,0.10847003
3104,2930057,0.03384611
3105,2930098,0.1384709
3106,2930110,0.031875525
3107,2930118,0.14675139
3108,2930122,0.088308826
3109,2930128,0.039229672
3110,2930133,0.06420218
3111,2940004,0.036519546
3112,2940005,0.13725413
3113,2940014,0.10682894
3114,2940023,0.14144705
3115,2940040,0.18992223
3116,2940068,0.07355212
3117,2940076,0.19040006
3118,2940078,0.02415557
3119,2940098,0.09825931
3120,2940107,0.12988502
3121,2940119,0.03673837
3122,2940122,0.19453324
3123,2940123,0.03669757
3124,2940132,0.15145327
3125,2940140,0.028768767
3126,2950022,0.011075805
3127,2950029,0.12236785
3128,2950052,0.01946146
3129,2950058,0.036260083
3130,2950077,0.09267571
3131,2950141,0.06720628
3132,2950147,0.008530394
3133,2950161,0.03205675
3134,2950182,0.041502155
3135,2950190,0.07986977
3136,2960010,0.008817942
3137,2960025,0.056283314
3138,2960027,0.041673835
3139,2960033,0.06958992
3140,2960061,0.069400825
3141,2960069,0.099936455
3142,2960073,0.026765065
3143,2960081,0.19095138
3144,2960092,0.105766214
3145,2960117,0.05453614
3146,2960136,0.054655116
3147,2960144,0.04729489
3148,2960149,0.03197948
3149,2960165,0.0771847
3150,2970017,0.023407374
3151,2970046,0.18615754
3152,2970062,0.041086398
3153,2970065,0.073299624
3154,2970081,0.055052225
3155,2970098,0.035666693
3156,2970101,0.20365638
3157,2970110,0.05453614
3158,2970121,0.039196733
3159,2970124,0.02159665
3160,2980031,0.07883837
3161,2980055,0.1066375
3162,2980060,0.055861857
3163,2980077,0.053078562
3164,2980093,0.050084576
3165,2980096,0.03059442
3166,2990033,0.0847999
3167,2990073,0.036781028
3168,2990086,0.043253377
3169,2990100,0.13531598
3170,2990128,0.0864451
3171,3000006,0.06898762
3172,3000007,0.03733003
3173,3000027,0.058220033
3174,3000032,0.025319783
3175,3000034,0.10164207
3176,3000042,0.1515526
3177,3000043,0.08581954
3178,3000064,0.30259088
3179,3000078,0.010133611
3180,3000086,0.08781475
3181,3000100,0.028385963
3182,3000102,0.187601
3183,3000124,0.06581096
3184,3000156,0.058153857
3185,3010013,0.09864824
3186,3010018,0.0036063588
3187,3010021,0.10637996
3188,3010042,0.014577097
3189,3010045,0.11766435
3190,3010055,0.035875417
3191,3010063,0.057664804
3192,3010066,0.020856313
3193,3010084,0.005082602
3194,3010088,0.032091465
3195,3010096,0.050084576
3196,3010134,0.011634677
3197,3010151,0.03985955
3198,3010153,0.062937
3199,3020003,0.079769164
3200,3020006,0.13008085
3201,3020024,0.10529885
3202,3020033,0.049728114
3203,3020037,0.0618853
3204,3020059,0.05913978
3205,3020066,0.004898744
3206,3020076,0.009185787
3207,3020098,0.049552124
3208,3020101,0.052846376
3209,3020145,0.05001878
3210,3030010,0.03439116
3211,3030020,0.013453299
3212,3030032,0.009184642
3213,3030037,0.058378413
3214,3030059,0.024163608
3215,3030077,0.06184386
3216,3030094,0.024028704
3217,3030100,0.09521676
3218,3030117,0.18172568
3219,3030119,0.09472498
3220,3030127,0.012917597
3221,3030135,0.15910956
3222,3030140,0.046573553
3223,3030158,0.1265917
3224,3040040,0.06158314
3225,3040048,0.08369329
3226,3040056,0.12750801
3227,3040067,0.055253487
3228,3040074,0.03494817
3229,3040129,0.03116293
3230,3040141,0.2053722
3231,3050006,0.03104043
3232,3050018,0.06835536
3233,3050020,0.032082357
3234,3050021,0.34707958
3235,3050025,0.011634677
3236,3050033,0.060237523
3237,3050042,0.018591026
3238,3050085,0.05643392
3239,3050087,0.14413871
3240,3050107,0.03934061
3241,3050111,0.46580368
3242,3050114,0.0059621283
3243,3050143,0.053842805
3244,3050148,0.034396052
3245,3060007,0.008369271
3246,3060016,0.008201928
3247,3060043,0.07191819
3248,3060047,0.039599568
3249,3060098,0.057070564
3250,3060099,0.26154792
3251,3060126,0.026036495
3252,3060130,0.040566053
3253,3060147,0.013138615
3254,3060154,0.049553372
3255,3070010,0.075071
3256,3070034,0.005360567
3257,3070066,0.05287979
3258,3070071,0.10226736
3259,3070091,0.021354517
3260,3070168,0.095423445
3261,3080013,0.013143791
3262,3080023,0.047716074
3263,3080042,0.1398324
3264,3080075,0.053613342
3265,3080083,0.011236871
3266,3080103,0.08020606
3267,3080120,0.009694706
3268,3080130,0.05874455
3269,3080141,0.04179534
3270,3080150,0.15461102
3271,3080154,0.05680335
3272,3080175,0.08324966
3273,3090005,0.11463944
3274,3090013,0.009184642
3275,3090024,0.065300114
3276,3090029,0.12327298
3277,3090039,0.023815393
3278,3090041,0.11886625
3279,3090073,0.18996347
3280,3090103,0.065550186
3281,3090117,0.025907805
3282,3090122,0.009670074
3283,3090129,0.11904733
3284,3100009,0.09678023
3285,3100018,0.10494012
3286,3100024,0.10725944
3287,3100029,0.03691917
3288,3100046,0.04394153
3289,3100049,0.06531583
3290,3100062,0.109348886
3291,3100072,0.21003588
3292,3100075,0.0096698515
3293,3100099,0.060278244
3294,3100125,0.04711216
3295,3100141,0.110634774
3296,3100142,0.07704165
3297,3100173,0.052524235
3298,3100185,0.025770135
3299,3100188,0.0316025
3300,3110016,0.04199784
3301,3110039,0.1488222
3302,3110059,0.05772288
3303,3110072,0.036408912
3304,3110074,0.29165187
3305,3110080,0.057805274
3306,3110094,0.06293012
3307,3110098,0.14803934
3308,3110113,0.2206521
3309,3110134,0.023184352
3310,3110140,0.05194792
3311,3110155,0.14200431
3312,3110178,0.08410499
3313,3110189,0.010767895
3314,3120017,0.01204156
3315,3120033,0.0584813
3316,3120037,0.026690235
3317,3120074,0.120197095
3318,3120076,0.014766852
3319,3120081,0.010908267
3320,3120101,0.14391619
3321,3130030,0.010217837
3322,3130036,0.04131789
3323,3130045,0.039563295
3324,3130055,0.28991356
3325,3130072,0.09081428
3326,3130081,0.050406516
3327,3130094,0.12265656
3328,3130115,0.035957858
3329,3130124,0.093021445
3330,3130143,0.09893311
3331,3130162,0.07964157
3332,3130168,0.03907909
3333,3140007,0.068224035
3334,3140019,0.0976973
3335,3140043,0.06765712
3336,3140061,0.17676991
3337,3140086,0.050330322
3338,3140104,0.014991275
3339,3150025,0.059917472
3340,3150038,0.04984878
3341,3150050,0.089806885
3342,3150051,0.17944276
3343,3150052,0.23634689
3344,3150073,0.042751323
3345,3150115,0.10824116
3346,3150146,0.0893221
3347,3150155,0.010333208
3348,3150178,0.078753896
3349,3150190,0.032344967
3350,3160035,0.06073599
3351,3160051,0.06302738
3352,3160060,0.09011145
3353,3160063,0.079769164
3354,3160066,0.11399944
3355,3160110,0.0119378865
3356,3160113,0.10307533
3357,3160121,0.13196352
3358,3160123,0.036703404
3359,3160144,0.040808287
3360,3160158,0.02147222
3361,3160164,0.14537686
3362,3160167,0.06141751
3363,3170048,0.034883127
3364,3170052,0.032623533
3365,3170062,0.14978832
3366,3170068,0.07220897
3367,3170082,0.07738345
3368,3170089,0.018683895
3369,3170091,0.010687686
3370,3170094,0.06141751
3371,3170120,0.010333208
3372,3170131,0.08334422
3373,3170132,0.18992223
3374,3170135,0.009548836
3375,3170164,0.020447036
3376,3170169,0.03858054
3377,3170173,0.14643887
3378,3180027,0.256959
3379,3180042,0.24754375
3380,3180050,0.0098150475
3381,3180058,0.12224531
3382,3180080,0.11211836
3383,3180082,0.03760759
3384,3180084,0.0389404
3385,3180107,0.05252107
3386,3180109,0.03030544
3387,3180112,0.016078943
3388,3180169,0.09869628
3389,3180172,0.019653235
3390,3180178,0.28813827
3391,3180181,0.07097016
3392,3190015,0.15825911
3393,3190031,0.24257845
3394,3190064,0.1008744
3395,3190088,0.066189736
3396,3190096,0.061311357
3397,3190104,0.054454915
3398,3190115,0.022399368
3399,3190135,0.13900779
3400,3190155,0.12344455
3401,3190167,0.16097027
3402,3190172,0.09048206
3403,3200022,0.009670074
3404,3200029,0.079769164
3405,3200031,0.020349076
3406,3200039,0.07597996
3407,3200041,0.24033259
3408,3200053,0.03105842
3409,3200063,0.067133024
3410,3200083,0.045801774
3411,3200095,0.031875525
3412,3200096,0.08769504
3413,3200110,0.033731006
3414,3200126,0.08666667
3415,3200162,0.109649345
3416,3200168,0.08818046
3417,3200199,0.14669415
3418,3210003,0.011614833
3419,3210004,0.036997437
3420,3210032,0.13262159
3421,3210038,0.12689586
3422,3210062,0.1255337
3423,3210076,0.26453623
3424,3210085,0.07723663
3425,3210092,0.023328682
3426,3210094,0.0535549
3427,3210122,0.09209887
3428,3220018,0.012528628
3429,3220032,0.072120436
3430,3220035,0.04032256
3431,3220049,0.10337525
3432,3220052,0.040309794
3433,3220054,0.05718648
3434,3220057,0.029648533
3435,3220085,0.08331204
3436,3220091,0.03104043
3437,3220092,0.107092254
3438,3220095,0.05232952
3439,3220104,0.07272877
3440,3230043,0.12734658
3441,3230054,0.18102513
3442,3230081,0.05650155
3443,3230117,0.056483034
3444,3230133,0.0906217
3445,3230147,0.02949153
3446,3230154,0.004292394
3447,3230166,0.06272035
3448,3230180,0.015550254
3449,3230206,0.15589972
3450,3230224,0.030411884
3451,3240010,0.07502158
3452,3240042,0.008590402
3453,3240050,0.013342243
3454,3240151,0.049337745
3455,3240162,0.08160724
3456,3250032,0.15737766
3457,3250043,0.076457016
3458,3250048,0.05063018
3459,3250054,0.091357045
3460,3250062,0.08264276
3461,3250075,0.1387292
3462,3250108,0.04179534
3463,3250136,0.027991397
3464,3250155,0.034496643
3465,3250168,0.020196969
3466,3250175,0.033525568
3467,3250186,0.121869355
3468,3250187,0.113573134
3469,3260039,0.25456485
3470,3260058,0.07146317
3471,3260067,0.08347005
3472,3260089,0.025787193
3473,3260143,0.009007808
3474,3260148,0.037550222
3475,3260165,0.042228185
3476,3260168,0.23723863
3477,3270008,0.10302351
3478,3270032,0.026562965
3479,3270061,0.11025776
3480,3270080,0.021224087
3481,3270193,0.018494116
3482,3280004,0.11884288
3483,3280006,0.040382814
3484,3280008,0.117081754
3485,3280024,0.023886401
3486,3280029,0.01103372
3487,3280049,0.008414509
3488,3280059,0.028500041
3489,3280060,0.42255765
3490,3280094,0.13349992
3491,3280127,0.014225549
3492,3280136,0.10449136
3493,3280164,0.02888331
3494,3280175,0.054718517
3495,3280176,0.11622851
3496,3290004,0.07298345
3497,3290015,0.008176146
3498,3290057,0.020349076
3499,3290068,0.12635498
3500,3290070,0.09144291
3501,3290113,0.07612803
3502,3290132,0.12503552
3503,3300015,0.028351637
3504,3300054,0.07668345
3505,3300059,0.04145963
3506,3300075,0.110648416
3507,3300085,0.12641066
3508,3300101,0.049624544
3509,3300132,0.27171242
3510,3300157,0.08491075
3511,3310004,0.16529597
3512,3310017,0.09561819
3513,3310022,0.07112025
3514,3310029,0.06064971
3515,3310032,0.082517676
3516,3310060,0.015362781
3517,3310062,0.026915452
3518,3310064,0.22705506
3519,3310066,0.061052646
3520,3310077,0.05402097
3521,3310091,0.116827734
3522,3310093,0.11211836
3523,3310095,0.102525435
3524,3310097,0.13885126
3525,3310113,0.101054244
3526,3310125,0.0619094
3527,3310132,0.19632465
3528,3320007,0.16564351
3529,3320024,0.011251216
3530,3320081,0.11883855
3531,3320105,0.050084576
3532,3320109,0.14956988
3533,3320127,0.012576638
3534,3320135,0.023497498
3535,3320153,0.009169272
3536,3320175,0.033299036
3537,3320177,0.054911688
3538,3330003,0.012525873
3539,3330071,0.1078437
3540,3330073,0.025810694
3541,3330079,0.031922743
3542,3330080,0.04391789
3543,3330090,0.16821401
3544,3330117,0.10080748
3545,3330132,0.10337525
3546,3340007,0.13067095
3547,3340061,0.13661174
3548,3340079,0.09599991
3549,3340101,0.15019698
3550,3340121,0.272538
3551,3340160,0.033723578
3552,3350003,0.07639787
3553,3350004,0.026411496
3554,3350005,0.068863705
3555,3350058,0.026349252
3556,3350072,0.17389055
3557,3350080,0.1044193
3558,3350085,0.039998177
3559,3350105,0.30413672
3560,3350136,0.0874405
3561,3350138,0.10426515
3562,3350141,0.03439116
3563,3360013,0.13948491
3564,3360019,0.1291456
3565,3360035,0.07998317
3566,3360046,0.10516089
3567,3360047,0.096795656
3568,3360069,0.014848758
3569,3360096,0.010300369
3570,3360101,0.058472857
3571,3360114,0.019856872
3572,3360119,0.076534875
3573,3360127,0.06786776
3574,3360132,0.13199371
3575,3360136,0.012636515
3576,3360137,0.1313722
3577,3360139,0.17440118
3578,3360145,0.14151709
3579,3360169,0.05481696
3580,3370003,0.01064255
3581,3370006,0.10689652
3582,3370010,0.011297966
3583,3370011,0.1024713
3584,3370024,0.08075488
3585,3370036,0.013867338
3586,3370083,0.038001776
3587,3370102,0.065398306
3588,3370109,0.038044997
3589,3370112,0.027022319
3590,3370122,0.034303896
3591,3370124,0.08336144
3592,3370135,0.12945788
3593,3370155,0.15367071
3594,3370176,0.14363663
3595,3370198,0.1489504
3596,3380031,0.07575946
3597,3380041,0.056403443
3598,3380066,0.10867485
3599,3380072,0.07072592
3600,3380074,0.05983691
3601,3380083,0.070396535
3602,3380151,0.14086093
3603,3380157,0.020518707
3604,3380165,0.0552627
3605,3390038,0.043544304
3606,3390040,0.11849476
3607,3390053,0.08329449
3608,3390072,0.042267773
3609,3390102,0.08178395
3610,3390112,0.024994813
3611,3390119,0.08318513
3612,3390134,0.113742605
3613,3390156,0.052266076
3614,3400012,0.029055396
3615,3400065,0.016049722
3616,3400100,0.027751422
3617,3400102,0.0051250244
3618,3400138,0.008940984
3619,3400151,0.050820008
3620,3400186,0.061852988
3621,3410011,0.055751093
3622,3410023,0.2572986
3623,3410028,0.073653705
3624,3410029,0.072964594
3625,3410037,0.009670074
3626,3410068,0.011222025
3627,3410069,0.0689261
3628,3410075,0.18658572
3629,3410088,0.13431531
3630,3410113,0.062044542
3631,3410119,0.023376307
3632,3410129,0.0105704935
3633,3410149,0.027770719
3634,3410171,0.23349272
3635,3410177,0.0344525
3636,3410179,0.035483003
3637,3410208,0.093305826
3638,3410243,0.068813436
3639,3410252,0.032532007
3640,3410263,0.015725527
3641,3410269,0.20266682
3642,3420003,0.039337676
3643,3420006,0.08110194
3644,3420035,0.079769164
3645,3420110,0.10053686
3646,3420111,0.056685127
3647,3420130,0.028032701
3648,3420136,0.060230333
3649,3420142,0.077374876
3650,3420143,0.14115378
3651,3430005,0.038135458
3652,3430013,0.14425622
3653,3430017,0.13904877
3654,3430024,0.120282814
3655,3430084,0.07632911
3656,3430107,0.15963916
3657,3430108,0.17690778
3658,3430112,0.15830812
3659,3430134,0.08948982
3660,3430147,0.13788179
3661,3430150,0.094518565
3662,3440006,0.077435456
3663,3440017,0.03563475
3664,3440034,0.15577444
3665,3440055,0.025186315
3666,3440060,0.037865754
3667,3440099,0.08845528
3668,3440123,0.1986367
3669,3440140,0.04070811
3670,3440156,0.045776952
3671,3440160,0.13678189
3672,3440189,0.03722072
3673,3440210,0.09414787
3674,3440222,0.024578473
3675,3440233,0.15282579
3676,3440248,0.061720297
3677,3450006,0.03578646
3678,3450015,0.11211836
3679,3450022,0.117247544
3680,3450038,0.084916845
3681,3450067,0.05744147
3682,3450079,0.07823759
3683,3450080,0.10303315
3684,3450084,0.18183184
3685,3450085,0.09304201
3686,3450089,0.0595554
3687,3450104,0.025757873
3688,3450109,0.02768479
3689,3450111,0.08277707
3690,3450114,0.08733879
3691,3450146,0.11231206
3692,3470019,0.023139331
3693,3470026,0.039668556
3694,3470040,0.009866472
3695,3470066,0.050406516
3696,3470100,0.019591669
3697,3470107,0.03883657
0,20003,0.024654625
1,20005,0.026743194
2,20012,0.04695997
3,20028,0.13561769
4,20031,0.049412478
5,20038,0.13861223
6,20044,0.12831636
7,20057,0.04167812
8,20078,0.054142904
9,20084,0.031128908
10,20093,0.13080421
11,20102,0.0523445
12,20114,0.031195631
13,30013,0.10911285
14,30017,0.10327755
15,30053,0.0447364
16,30059,0.08094958
17,30067,0.04512046
18,40020,0.20084377
19,40034,0.09378431
20,40049,0.10919289
21,40061,0.08921087
22,40066,0.13561754
23,40073,0.0468491
24,40079,0.095088236
25,40094,0.03294359
26,40100,0.07926947
27,40113,0.022693327
28,50036,0.033928763
29,50038,0.23942594
30,50048,0.010483644
31,50051,0.011473739
32,50058,0.058256023
33,50068,0.0522663
34,50071,0.031949002
35,50085,0.1311118
36,50099,0.0045033
37,50100,0.012463309
38,50105,0.14906618
39,50108,0.30253968
40,50118,0.14301203
41,60029,0.11025006
42,60046,0.08404353
43,60051,0.19479436
44,60059,0.11315229
45,60067,0.07972761
46,60074,0.015496969
47,60083,0.059444614
48,60088,0.14574757
49,60099,0.09370538
50,60102,0.033020787
51,80008,0.071206935
52,80015,0.08317687
53,80018,0.07343774
54,80021,0.11826662
55,80046,0.11691471
56,80065,0.04635889
57,80099,0.022888053
58,80102,0.06670333
59,80104,0.06761048
60,90012,0.10838708
61,90016,0.043572195
62,90051,0.04608215
63,90055,0.11194923
64,90062,0.03828285
65,90097,0.080576025
66,90105,0.09502972
67,90109,0.06240539
68,90113,0.0670375
69,90129,0.06181869
70,90130,0.04606832
71,90132,0.06968308
72,100009,0.011216989
73,100017,0.104443066
74,100019,0.25097552
75,100028,0.046146847
76,100031,0.044601053
77,100050,0.029913057
78,100054,0.08479596
79,100066,0.031925697
80,100084,0.10999987
81,100110,0.038244165
82,110003,0.038481697
83,110019,0.115409106
84,110031,0.050570566
85,110039,0.09076409
86,110043,0.11691471
87,110047,0.09793574
88,120008,0.07233054
89,120016,0.14022668
90,120017,0.083447576
91,120020,0.13417973
92,120025,0.025289634
93,120028,0.1128967
94,120032,0.011456148
95,120042,0.052061293
96,120058,0.049011823
97,120068,0.098181725
98,120086,0.07992393
99,120100,0.1421961
100,120111,0.045023926
101,120119,0.029178638
102,120129,0.0335796
103,120137,0.08222544
104,130031,0.03257966
105,130042,0.13463141
106,130060,0.07114185
107,130073,0.023602806
108,130075,0.023196356
109,130076,0.19812799
110,130086,0.0249977
111,130097,0.01511091
112,130115,0.03849202
113,130126,0.029515555
114,130129,0.047522075
115,140005,0.13609977
116,140011,0.043065894
117,140031,0.083555244
118,140041,0.043804515
119,140045,0.12261285
120,140062,0.07660887
121,140065,0.061790142
122,140090,0.10279856
123,140095,0.033073388
124,140105,0.04779256
125,150014,0.072813325
126,150027,0.039894108
127,150032,0.09405358
128,150055,0.07264341
129,150098,0.108399086
130,160006,0.024169158
131,160013,0.074507855
132,160037,0.034481112
133,170005,0.040020797
134,170007,0.023981012
135,170016,0.13812771
136,170018,0.029523287
137,170020,0.010776558
138,170021,0.25896803
139,170027,0.26752868
140,170044,0.096307255
141,170046,0.14185704
142,170059,0.04363891
143,170074,0.06862261
144,170081,0.03196851
145,170095,0.06620667
146,170098,0.014631825
147,170114,0.15991771
148,170127,0.14525943
149,180014,0.0036506979
150,180016,0.036245015
151,180023,0.10104192
152,180028,0.017920416
153,180043,0.038904697
154,180065,0.05618346
155,180075,0.20666234
156,180087,0.12365197
157,180089,0.019537427
158,180090,0.09830846
159,180092,0.1495272
160,180094,0.057161633
161,180099,0.10081528
162,190005,0.014928149
163,190010,0.028056532
164,190026,0.03213734
165,190030,0.047658335
166,190044,0.04486483
167,190046,0.04939752
168,190055,0.03435527
169,190072,0.16021085
170,190083,0.027593443
171,190095,0.08772806
172,190100,0.11300556
173,190122,0.033975955
174,190130,0.058464658
175,190134,0.2038703
176,200008,0.025570424
177,200011,0.086104415
178,200013,0.058289696
179,200020,0.10761538
180,200025,0.026405733
181,200026,0.046371344
182,200027,0.02825104
183,200028,0.08295471
184,200048,0.20768923
185,200060,0.07617434
186,200061,0.054072864
187,200072,0.019124497
188,200083,0.091830246
189,200084,0.061189804
190,200093,0.052919447
191,200108,0.11559754
192,200117,0.10647381
193,200120,0.09384131
194,200122,0.27186295
195,200133,0.118181765
196,210011,0.08581593
197,210019,0.036870074
198,210020,0.039231233
199,210047,0.052701462
200,210056,0.46661955
201,210084,0.03294359
202,210109,0.1692354
203,220023,0.14452128
204,220050,0.12850569
205,220053,0.08447612
206,220060,0.021889417
207,220069,0.10457268
208,220070,0.047304396
209,220076,0.08477027
210,220109,0.08352289
211,220114,0.034462027
212,230015,0.10919289
213,230022,0.12931384
214,230030,0.036905907
215,230052,0.11436669
216,230055,0.08639131
217,230065,0.03993789
218,230070,0.045342073
219,230075,0.08524969
220,230078,0.07783276
221,230089,0.048600275
222,230092,0.065984525
223,230097,0.28180158
224,240009,0.029668972
225,240024,0.13901018
226,240049,0.021677494
227,240064,0.017998435
228,240065,0.07657464
229,240068,0.0861249
230,240069,0.10838708
231,240070,0.06720516
232,240073,0.11413656
233,240075,0.08698238
234,240088,0.12519957
235,240096,0.013308181
236,240113,0.13576573
237,240115,0.19965982
238,240119,0.13220829
239,240125,0.086169705
240,240128,0.064956605
241,240132,0.034654018
242,240139,0.10592361
243,250005,0.052542012
244,250013,0.013433505
245,250019,0.11583452
246,250050,0.09136989
247,250056,0.07194972
248,250058,0.057768084
249,250068,0.1798157
250,250084,0.14463352
251,250095,0.14739631
252,250098,0.14463352
253,250106,0.054143123
254,250113,0.20485985
255,260014,0.054509804
256,260046,0.047392417
257,260052,0.033720665
258,260058,0.06063062
259,260060,0.08607682
260,260072,0.1260004
261,260084,0.015163485
262,260085,0.042431876
263,260101,0.03261608
264,260111,0.07293915
265,260123,0.03462059
266,260128,0.039610893
267,260133,0.13680063
268,270004,0.04733651
269,270007,0.06634551
270,270012,0.04592217
271,270021,0.054838423
272,270037,0.10733066
273,270045,0.06988696
274,270048,0.054167647
275,270052,0.07338868
276,270067,0.039862584
277,270079,0.05499193
278,270103,0.04257573
279,270106,0.107978426
280,280009,0.080642834
281,280031,0.12296069
282,280034,0.055782065
283,280040,0.18647401
284,280048,0.24435343
285,280053,0.05361566
286,280075,0.004527716
287,280096,0.0052580982
288,280101,0.0897436
289,280112,0.056253467
290,280114,0.08068003
291,290012,0.12621191
292,290051,0.055067867
293,290054,0.059836622
294,290066,0.089699246
295,290106,0.24650444
296,290136,0.10625759
297,290156,0.14463352
298,290164,0.084047
299,290168,0.08710974
300,290181,0.04726485
301,300027,0.089500874
302,300028,0.0992682
303,300033,0.024309484
304,300100,0.089594014
305,300137,0.045945626
306,300140,0.23181455
307,300159,0.16498308
308,300162,0.15859261
309,300186,0.104658574
310,300198,0.04231321
311,310033,0.054324124
312,310034,0.1034641
313,310044,0.048126493
314,310049,0.11016162
315,310059,0.077870056
316,310072,0.04222721
317,310074,0.112863734
318,310093,0.053838324
319,310111,0.018585393
320,310136,0.04402461
321,310144,0.068120606
322,320018,0.07158428
323,320033,0.037367944
324,320048,0.06214448
325,320056,0.051277697
326,320064,0.07274618
327,320082,0.0861249
328,320097,0.05509503
329,320102,0.13184522
330,320134,0.0641886
331,320145,0.123304844
332,320146,0.09971104
333,320149,0.10947401
334,330119,0.0995121
335,330167,0.027363425
336,340012,0.26995802
337,340014,0.103814594
338,340015,0.029850757
339,340021,0.050373327
340,340051,0.029243346
341,340059,0.0055503696
342,340081,0.0108018005
343,340098,0.043937825
344,340132,0.09804381
345,340152,0.07404747
346,340169,0.02305088
347,350022,0.011277951
348,350048,0.041871123
349,350049,0.11102611
350,350050,0.2011968
351,350055,0.058511842
352,350100,0.07004589
353,350114,0.07410562
354,350119,0.09209342
355,350123,0.08089793
356,350129,0.06495707
357,350132,0.100048445
358,360041,0.038023982
359,360106,0.0762829
360,360119,0.026725093
361,360127,0.045216065
362,360142,0.10869966
363,360144,0.04249932
364,360150,0.19110169
365,360180,0.12179399
366,370009,0.040488653
367,370071,0.12754706
368,370082,0.046537925
369,370102,0.15050718
370,370105,0.04925479
371,370114,0.0030532079
372,370122,0.09659586
373,380041,0.020099452
374,380048,0.07726557
375,380079,0.010345099
376,380098,0.04057719
377,380145,0.113980286
378,380155,0.08115557
379,390006,0.1470905
380,390023,0.08877629
381,390044,0.016279584
382,390062,0.048126206
383,390082,0.04261934
384,390091,0.08117731
385,390146,0.04422054
386,390147,0.081537604
387,400007,0.0105035035
388,400029,0.012284801
389,400034,0.1329028
390,400044,0.03876069
391,400048,0.027996087
392,400053,0.077983275
393,400076,0.09984657
394,400079,0.05284194
395,400087,0.14126803
396,400094,0.05460537
397,400146,0.13052058
398,400157,0.045196123
399,400162,0.19472688
400,410030,0.14366446
401,410037,0.04411038
402,410042,0.3778989
403,410069,0.012667788
404,410090,0.06588821
405,410091,0.092197314
406,410099,0.03331773
407,410127,0.08742952
408,410146,0.069507025
409,420015,0.12245826
410,420024,0.11202712
411,420031,0.0036755707
412,420034,0.046097424
413,420035,0.00947022
414,420046,0.0069964966
415,420047,0.013677514
416,420065,0.020033952
417,420068,0.034011338
418,420073,0.07503584
419,420096,0.028799346
420,420100,0.06300359
421,420107,0.18897402
422,420113,0.023478063
423,420134,0.15289508
424,420138,0.08253428
425,420151,0.06588821
426,420163,0.1320637
427,420168,0.051580522
428,430072,0.10038509
429,430107,0.10614034
430,430114,0.048867173
431,430148,0.05529157
432,430175,0.008104981
433,430179,0.14988956
434,430186,0.056574658
435,430195,0.08838333
436,440004,0.038359527
437,440005,0.081544586
438,440016,0.1931787
439,440020,0.052265555
440,440081,0.06358602
441,440082,0.035228934
442,440089,0.034622274
443,440098,0.08610818
444,440100,0.023683049
445,440130,0.01911113
446,440145,0.09510264
447,440154,0.0062201372
448,440157,0.11691471
449,440163,0.042992007
450,450008,0.038306344
451,450036,0.083658434
452,450047,0.03730617
453,450083,0.10919289
454,450094,0.014375403
455,450095,0.02740815
456,450096,0.22734304
457,450107,0.06899842
458,450151,0.09808778
459,450154,0.0045591746
460,450156,0.03972466
461,450159,0.060625333
462,450163,0.051932313
463,450165,0.12426283
464,450167,0.053175695
465,450169,0.085354365
466,450180,0.044430867
467,460016,0.22828008
468,460021,0.061658368
469,460028,0.008764676
470,460037,0.13459505
471,460047,0.032237973
472,460048,0.080470905
473,460086,0.062403068
474,460108,0.11899196
475,460151,0.15981409
476,460158,0.05509503
477,460170,0.11984885
478,470004,0.034664564
479,470007,0.2434282
480,470032,0.007606996
481,470035,0.016465118
482,470059,0.04155744
483,470094,0.03860871
484,470095,0.080277
485,470153,0.14303282
486,470196,0.048745442
487,470198,0.06551748
488,470251,0.13030164
489,480033,0.039362557
490,480055,0.07414694
491,480069,0.030534493
492,480086,0.14011672
493,480089,0.07270443
494,480108,0.086716704
495,480117,0.05433792
496,480119,0.13611072
497,480143,0.032733418
498,480147,0.092553206
499,480151,0.07541174
500,480162,0.07903494
501,480164,0.08895553
502,490026,0.06111788
503,490068,0.09975766
504,490107,0.122699305
505,490119,0.070071205
506,490126,0.010000028
507,490127,0.05224519
508,490197,0.016685618
509,490218,0.091448
510,500010,0.10561559
511,500027,0.049889952
512,500035,0.12333675
513,500043,0.088441215
514,500066,0.066983014
515,500082,0.11960044
516,500084,0.09378295
517,500088,0.040562637
518,500096,0.04819316
519,500102,0.14229627
520,500112,0.20768923
521,500115,0.08102074
522,500124,0.027579557
523,510003,0.039121587
524,510015,0.036234457
525,510023,0.051150072
526,510052,0.12855403
527,510058,0.013322565
528,510065,0.095270954
529,510081,0.0675412
530,510100,0.0767043
531,510121,0.15658805
532,510127,0.028399408
533,510131,0.06431588
534,510156,0.03071208
535,510158,0.041516528
536,520009,0.049508497
537,520033,0.16540295
538,520074,0.044662047
539,520079,0.1265254
540,520095,0.13074353
541,520106,0.045227285
542,520124,0.15063034
543,520139,0.10631031
544,520159,0.13859254
545,520184,0.035841886
546,520194,0.048819046
547,520205,0.16266404
548,530021,0.076046646
549,530043,0.09273463
550,530052,0.040986486
551,530055,0.051386368
552,530064,0.12431413
553,530076,0.03458468
554,530087,0.02805288
555,530096,0.08433241
556,530097,0.01356007
557,530114,0.10202871
558,530119,0.065761015
559,530147,0.16405898
560,540030,0.100087106
561,540032,0.025757974
562,540034,0.07405654
563,540050,0.050566934
564,540067,0.055993624
565,540076,0.09007975
566,540089,0.08771679
567,540107,0.07268959
568,540156,0.048708245
569,550005,0.13923691
570,550011,0.02839239
571,550048,0.26386896
572,550054,0.036363047
573,550067,0.12512538
574,550106,0.026973674
575,550127,0.049695205
576,550129,0.02905568
577,550150,0.12955964
578,560021,0.18987375
579,560031,0.034870215
580,560033,0.018467879
581,560052,0.067581296
582,560055,0.10927028
583,560057,0.06820148
584,560087,0.079182066
585,560153,0.0033684417
586,560162,0.096307255
587,560166,0.2832041
588,560174,0.07503584
589,560175,0.18030314
590,560183,0.047409054
591,570010,0.028700585
592,570019,0.056888968
593,570034,0.045929775
594,570060,0.034720726
595,570068,0.0340731
596,570075,0.09902709
597,570081,0.0688717
598,570089,0.021884114
599,570107,0.052183926
600,570111,0.07404747
601,580006,0.1053558
602,580046,0.103315726
603,580050,0.13432695
604,580059,0.30048236
605,580063,0.08714535
606,580065,0.19979396
607,580078,0.048979376
608,580116,0.02999997
609,580118,0.026537564
610,580124,0.07544419
611,580125,0.041694105
612,580142,0.021563547
613,580145,0.1807646
614,580149,0.024954868
615,580162,0.035808675
616,580176,0.087821245
617,590035,0.03367847
618,590039,0.12605467
619,590045,0.08066495
620,590050,0.0483229
621,590054,0.13797666
622,590086,0.14024474
623,590100,0.049549855
624,590141,0.02616352
625,600005,0.06608838
626,600020,0.09824602
627,600029,0.05499918
628,600045,0.004920554
629,600071,0.07810496
630,600083,0.029615242
631,600099,0.06762192
632,600131,0.04496508
633,600146,0.03292431
634,600151,0.16027716
635,610011,0.034734417
636,610012,0.025539093
637,610027,0.12344226
638,610052,0.08654135
639,610056,0.18263626
640,610057,0.046036478
641,610066,0.112956
642,610078,0.009298914
643,610080,0.030371932
644,610081,0.079088114
645,610088,0.097740375
646,610089,0.13285972
647,610100,0.07975529
648,610111,0.1305016
649,610123,0.03354392
650,610129,0.04852828
651,610132,0.15852651
652,610139,0.11435851
653,610150,0.08349009
654,610159,0.027889345
655,620003,0.029658211
656,620029,0.12931384
657,620033,0.06038248
658,620034,0.104014695
659,620069,0.04703321
660,620070,0.07370664
661,620098,0.15059404
662,620104,0.13279106
663,620106,0.061192747
664,620121,0.18347056
665,630005,0.025661686
666,630019,0.12507725
667,630032,0.04219787
668,630034,0.030206647
669,630047,0.020514749
670,630081,0.04217381
671,630116,0.12881736
672,630151,0.19226138
673,630174,0.14610302
674,630186,0.27751428
675,640016,0.02417379
676,640031,0.029029042
677,640039,0.014923038
678,640062,0.029505087
679,640065,0.075291604
680,640068,0.110004894
681,640074,0.11932297
682,640096,0.054560695
683,640117,0.02811676
684,640121,0.11201927
685,640132,0.14874707
686,640143,0.02917638
687,640144,0.124268636
688,640171,0.1365245
689,640191,0.11328595
690,640201,0.042984575
691,650005,0.012692605
692,650009,0.5117852
693,650019,0.12516989
694,650024,0.004315096
695,650027,0.023817105
696,650032,0.022975326
697,650039,0.0694493
698,650090,0.08582029
699,650094,0.029370537
700,650105,0.062230673
701,650113,0.011385112
702,650135,0.08991276
703,650150,0.04356244
704,660042,0.0942896
705,660043,0.004318943
706,660053,0.09541744
707,660075,0.11045944
708,660105,0.0071993177
709,660117,0.10132358
710,660119,0.061634894
711,660121,0.18892701
712,660134,0.014273216
713,660148,0.18505715
714,670010,0.08113651
715,670028,0.010292842
716,670035,0.028761748
717,670048,0.021880796
718,670078,0.009247558
719,670088,0.26790667
720,670098,0.113031566
721,670100,0.023385894
722,670135,0.02947337
723,670143,0.050460987
724,670156,0.01264058
725,670223,0.07939265
726,680025,0.052904762
727,680039,0.040971242
728,680079,0.08571266
729,680081,0.052065197
730,680090,0.028426953
731,680114,0.13119805
732,680122,0.03622277
733,680143,0.0324696
734,680147,0.08968924
735,680153,0.12513034
736,680157,0.09416013
737,680158,0.053219132
738,680164,0.08792417
739,690013,0.032401696
740,690024,0.109839834
741,690052,0.05263426
742,690061,0.11250004
743,690101,0.13432695
744,690107,0.15759787
745,690121,0.30640075
746,690124,0.05684325
747,690131,0.030213581
748,690136,0.08707082
749,690144,0.17206351
750,690146,0.0874044
751,700003,0.027493745
752,700042,0.031121623
753,700072,0.03191438
754,700097,0.22190277
755,700133,0.094989315
756,700139,0.033515207
757,710003,0.034973644
758,710004,0.15085787
759,710011,0.059471857
760,710034,0.0314548
761,710036,0.18690573
762,710056,0.13174567
763,710090,0.10712104
764,710102,0.12931384
765,710105,0.030645551
766,710112,0.08571266
767,710142,0.0531331
768,710149,0.0794991
769,710153,0.010463135
770,710177,0.0038359894
771,720038,0.040435314
772,720092,0.044072628
773,720111,0.027503079
774,720125,0.15690506
775,720150,0.019091647
776,720171,0.07023468
777,720253,0.02905634
778,720268,0.04432529
779,730009,0.06592338
780,730010,0.09553237
781,730015,0.0721528
782,730035,0.0106797125
783,730041,0.08942806
784,730050,0.02663567
785,730064,0.010702751
786,730070,0.11556197
787,730109,0.03747013
788,730115,0.11435851
789,730151,0.08042727
790,730152,0.06834869
791,730153,0.118773066
792,730156,0.103597045
793,730177,0.08762598
794,730178,0.08669704
795,830003,0.10838708
796,830012,0.053964466
797,830018,0.042759024
798,830021,0.08594227
799,830028,0.081254646
800,830056,0.09006151
801,830058,0.01581765
802,830071,0.08595725
803,830108,0.04216343
804,830113,0.08315387
805,830115,0.12433956
806,830120,0.029463982
807,830140,0.14841925
808,830141,0.13733381
809,830164,0.087148175
810,840015,0.013016716
811,840024,0.014893625
812,840029,0.035461906
813,840039,0.043741424
814,840083,0.15204416
815,840102,0.15222038
816,840104,0.049369268
817,840110,0.12931384
818,840118,0.09074062
819,840134,0.07137224
820,840144,0.03618378
821,840146,0.039898187
822,840180,0.0147730205
823,850099,0.081412315
824,850110,0.026583204
825,850124,0.014571236
826,850140,0.024215164
827,850156,0.015522736
828,850157,0.14742444
829,850165,0.02999603
830,850172,0.012913597
831,850187,0.039993443
832,850193,0.070863426
833,850205,0.03047027
834,850210,0.12764938
835,850215,0.06107643
836,850232,0.2168421
837,860050,0.040602863
838,860079,0.023907974
839,860106,0.13367964
840,860116,0.12783843
841,860129,0.037381224
842,860143,0.081244856
843,860151,0.0061159367
844,860190,0.07446735
845,860191,0.14885893
846,860202,0.14885893
847,860221,0.0075241965
848,870003,0.031313363
849,870013,0.040772967
850,870024,0.010081432
851,870053,0.12080937
852,870082,0.07686567
853,870097,0.11329239
854,870111,0.02987585
855,870132,0.046178676
856,870158,0.02336854
857,870168,0.026244568
858,870179,0.01493345
859,870182,0.025960812
860,870195,0.06253601
861,870201,0.061814345
862,870232,0.04161679
863,870253,0.005423583
864,870254,0.077566296
865,870264,0.024838274
866,870278,0.016376864
867,870285,0.12701309
868,870305,0.099654905
869,870308,0.03290103
870,870323,0.13712993
871,880020,0.10360373
872,880028,0.05999711
873,880029,0.06367809
874,880040,0.14556614
875,880042,0.06778461
876,880045,0.08673433
877,880059,0.01870062
878,880062,0.096307255
879,880077,0.07825792
880,880097,0.049890336
881,880128,0.122160085
882,890017,0.073242895
883,890047,0.07857702
884,890054,0.04627536
885,890055,0.043900423
886,890057,0.035173714
887,890098,0.031801075
888,890134,0.049244534
889,890136,0.05529508
890,890175,0.03725273
891,890184,0.2762598
892,900004,0.0030274119
893,900031,0.122830965
894,900059,0.03605632
895,900067,0.052811492
896,900069,0.033912286
897,900097,0.097769246
898,900113,0.10194152
899,900120,0.027333288
900,900166,0.038410634
901,920015,0.081254646
902,920034,0.08561168
903,920048,0.09984423
904,920081,0.03180474
905,920084,0.24233866
906,920092,0.018102812
907,920095,0.13316162
908,920111,0.049109686
909,920122,0.0817211
910,920128,0.031239223
911,920145,0.011918565
912,920155,0.021646438
913,920164,0.1365245
914,920201,0.005481998
915,940016,0.0974867
916,940029,0.08770981
917,940036,0.0046805716
918,940040,0.04571162
919,940054,0.044481546
920,940065,0.08241405
921,940086,0.040670436
922,940095,0.050729677
923,940101,0.048744284
924,940134,0.10358212
925,950003,0.044747647
926,950009,0.09902709
927,950012,0.023585899
928,950026,0.044747647
929,950089,0.03599636
930,950100,0.057585906
931,950111,0.037354022
932,950142,0.050709553
933,960043,0.025018396
934,960071,0.099268936
935,960073,0.07462845
936,960081,0.08725422
937,960097,0.06512518
938,960099,0.15600666
939,960100,0.12494572
940,970015,0.0048190374
941,970036,0.1334236
942,970103,0.077175155
943,970129,0.13406841
944,970141,0.01626943
945,970157,0.011000993
946,970185,0.07165524
947,970197,0.0847362
948,970218,0.12347885
949,980005,0.03045954
950,980024,0.032004885
951,980054,0.03312373
952,980064,0.03358648
953,980073,0.05446272
954,980091,0.029936953
955,980126,0.14453627
956,980133,0.087148175
957,980135,0.12517598
958,980146,0.054446433
959,980158,0.10132358
960,990018,0.12105018
961,990029,0.031874463
962,990031,0.14024426
963,990032,0.0030274119
964,990039,0.09209217
965,990041,0.093662664
966,990054,0.1288262
967,990066,0.09602884
968,990135,0.03385582
969,990165,0.042119585
970,990171,0.102258824
971,990176,0.10158655
972,990181,0.08923441
973,990183,0.11407123
974,1000030,0.051277697
975,1000069,0.1265254
976,1000097,0.112295434
977,1000100,0.08877629
978,1000117,0.086001866
979,1010026,0.03548238
980,1010033,0.084733374
981,1010037,0.17022754
982,1010068,0.0069593154
983,1010095,0.015801325
984,1010110,0.13024665
985,1010133,0.026364023
986,1010140,0.079088114
987,1010143,0.12176036
988,1010145,0.02703204
989,1010160,0.097341634
990,1020033,0.010110778
991,1020046,0.055991177
992,1020052,0.13914804
993,1020079,0.009422714
994,1020098,0.25595635
995,1020102,0.060542457
996,1020128,0.124268636
997,1020138,0.035626866
998,1020146,0.03262129
999,1030016,0.12516989
1000,1030032,0.12516989
1001,1030038,0.074616864
1002,1030047,0.13263248
1003,1030064,0.1567785
1004,1030092,0.22798946
1005,1030112,0.28588375
1006,1030137,0.11691471
1007,1030143,0.05201065
1008,1030160,0.09911647
1009,1030167,0.05116669
1010,1040017,0.13185471
1011,1040021,0.06372556
1012,1040088,0.04839424
1013,1040091,0.05596977
1014,1040133,0.13185471
1015,1040149,0.100012034
1016,1040181,0.13884117
1017,1040206,0.10150192
1018,1050028,0.04741224
1019,1050060,0.03963323
1020,1050107,0.014443615
1021,1050136,0.1265254
1022,1050147,0.04305714
1023,1050161,0.16041979
1024,1050176,0.034992896
1025,1050177,0.032193888
1026,1050183,0.12916332
1027,1060006,0.011345774
1028,1060015,0.106116675
1029,1060023,0.0198884
1030,1060024,0.052041188
1031,1060062,0.04603713
1032,1060064,0.04348177
1033,1060072,0.057967804
1034,1060090,0.07567164
1035,1060092,0.02634484
1036,1060097,0.066831104
1037,1060104,0.10187381
1038,1060110,0.07813432
1039,1060112,0.03253302
1040,1060121,0.09500879
1041,1060138,0.11232908
1042,1060140,0.053294588
1043,1060150,0.18710975
1044,1060151,0.07369428
1045,1060202,0.030584946
1046,1070003,0.12516989
1047,1070011,0.097953886
1048,1070012,0.027744545
1049,1070019,0.1580993
1050,1070022,0.07977905
1051,1070040,0.27208632
1052,1070050,0.091166764
1053,1070072,0.045890808
1054,1070073,0.02953329
1055,1070114,0.03336416
1056,1070132,0.051047396
1057,1070135,0.029391943
1058,1070136,0.09140232
1059,1070139,0.27186295
1060,1080020,0.011620522
1061,1080049,0.06299612
1062,1080053,0.073481314
1063,1080071,0.105591364
1064,1080082,0.02385313
1065,1080089,0.094904624
1066,1080106,0.16378096
1067,1080121,0.07854112
1068,1080124,0.057441868
1069,1090005,0.04253194
1070,1090006,0.19134717
1071,1090016,0.010742807
1072,1090029,0.044717275
1073,1090119,0.02136801
1074,1090123,0.15176503
1075,1090126,0.03613201
1076,1090146,0.07923168
1077,1090151,0.12832189
1078,1090152,0.061254665
1079,1100026,0.040823895
1080,1100046,0.07998583
1081,1100047,0.20761007
1082,1100055,0.00941274
1083,1100062,0.028388586
1084,1100073,0.013443052
1085,1100103,0.12257733
1086,1100117,0.02970061
1087,1100131,0.2141342
1088,1100161,0.22604866
1089,1100172,0.016709944
1090,1100184,0.12814906
1091,1100192,0.12748069
1092,1110029,0.02337666
1093,1110039,0.12261285
1094,1110060,0.060705904
1095,1110077,0.054139215
1096,1110082,0.13359329
1097,1110087,0.14576748
1098,1110127,0.11027296
1099,1110151,0.09722087
1100,1110162,0.061694674
1101,1110166,0.15365492
1102,1110193,0.012067995
1103,1120048,0.04518887
1104,1120053,0.029116465
1105,1120055,0.0279065
1106,1120065,0.08136888
1107,1120070,0.036869366
1108,1120075,0.030972581
1109,1120078,0.033024754
1110,1120097,0.023339918
1111,1120098,0.01194905
1112,1120126,0.046145033
1113,1120138,0.05324831
1114,1120140,0.073825896
1115,1120149,0.044940706
1116,1130025,0.13730977
1117,1130027,0.12245826
1118,1130065,0.15786995
1119,1130067,0.11263967
1120,1130076,0.24435343
1121,1130080,0.03896797
1122,1130085,0.097769246
1123,1130092,0.0468298
1124,1130111,0.024726393
1125,1140005,0.011044496
1126,1140025,0.014379179
1127,1140032,0.02958441
1128,1140034,0.07105969
1129,1140036,0.12617256
1130,1140041,0.02654506
1131,1140109,0.040226158
1132,1140123,0.09276426
1133,1140134,0.053970467
1134,1140151,0.07798853
1135,1140157,0.024963584
1136,1140161,0.038760908
1137,1140181,0.07822931
1138,1140190,0.04830774
1139,1150016,0.042649146
1140,1150018,0.090989634
1141,1150028,0.24250624
1142,1150033,0.06864563
1143,1150043,0.13090017
1144,1150052,0.014290281
1145,1150074,0.025709286
1146,1150087,0.23622982
1147,1150091,0.03907396
1148,1150092,0.13744369
1149,1150098,0.07222156
1150,1150112,0.12581567
1151,1150118,0.11931409
1152,1150122,0.05990098
1153,1150134,0.045586213
1154,1150157,0.060833856
1155,1160007,0.0080835465
1156,1160018,0.22828008
1157,1160033,0.06405915
1158,1160065,0.09356284
1159,1160099,0.09134515
1160,1160121,0.09850485
1161,1160133,0.036200635
1162,1160145,0.13432695
1163,1160171,0.049981378
1164,1160180,0.0932365
1165,1160190,0.22186384
1166,1160197,0.104223646
1167,1170006,0.023936493
1168,1170066,0.038120445
1169,1170070,0.09631782
1170,1170074,0.018144788
1171,1170125,0.050123964
1172,1170176,0.03914447
1173,1180004,0.01216063
1174,1180025,0.08550358
1175,1180034,0.12621191
1176,1180041,0.038754612
1177,1180071,0.03717777
1178,1180080,0.028906792
1179,1180091,0.08594227
1180,1180092,0.12931384
1181,1180107,0.3448669
1182,1180155,0.12284265
1183,1180166,0.15693381
1184,1180203,0.18587612
1185,1190010,0.021187421
1186,1190016,0.08725606
1187,1190018,0.110939585
1188,1190038,0.08835497
1189,1190042,0.13726029
1190,1190057,0.079182066
1191,1190059,0.09707854
1192,1190091,0.10781973
1193,1190131,0.10326033
1194,1200062,0.10288294
1195,1200064,0.025341786
1196,1200084,0.055495005
1197,1200090,0.08955614
1198,1200135,0.039638158
1199,1200154,0.15991771
1200,1200171,0.12837903
1201,1210025,0.048316818
1202,1210042,0.060610473
1203,1210058,0.17105532
1204,1210070,0.069274254
1205,1210086,0.006629854
1206,1210097,0.07503584
1207,1210117,0.047407586
1208,1210138,0.012624896
1209,1220014,0.028710436
1210,1220025,0.08698238
1211,1220057,0.028955508
1212,1220084,0.045506738
1213,1220100,0.09399501
1214,1220123,0.21767528
1215,1220160,0.090668775
1216,1220162,0.0531036
1217,1220165,0.050321825
1218,1220173,0.049938127
1219,1230023,0.09595785
1220,1230047,0.045391202
1221,1230049,0.04967079
1222,1230080,0.122160085
1223,1230105,0.020339774
1224,1230123,0.051279653
1225,1230162,0.08810504
1226,1240019,0.08226316
1227,1240037,0.17861952
1228,1240066,0.11607439
1229,1240076,0.12092006
1230,1240080,0.12586664
1231,1240082,0.267686
1232,1240094,0.104223646
1233,1240107,0.121199936
1234,1240114,0.29748312
1235,1240126,0.023983257
1236,1240139,0.092541516
1237,1240143,0.06628646
1238,1250003,0.079514496
1239,1250011,0.011514698
1240,1250022,0.13766584
1241,1250025,0.11492647
1242,1250062,0.0153363235
1243,1250066,0.070468724
1244,1250102,0.107733116
1245,1250125,0.030991945
1246,1250144,0.03747942
1247,1250151,0.08051765
1248,1250156,0.03859341
1249,1250160,0.15917519
1250,1250171,0.35616723
1251,1260005,0.11637056
1252,1260025,0.050086934
1253,1260031,0.12373504
1254,1260059,0.11910052
1255,1260085,0.06862261
1256,1260093,0.03705064
1257,1260103,0.020737095
1258,1260108,0.025421957
1259,1260126,0.069645286
1260,1260139,0.15383425
1261,1270006,0.06132098
1262,1270009,0.076118864
1263,1270017,0.03860393
1264,1270071,0.09029439
1265,1270096,0.08427112
1266,1270125,0.057573404
1267,1280009,0.011615386
1268,1280011,0.015399162
1269,1280071,0.028658882
1270,1280105,0.033594497
1271,1280120,0.089953974
1272,1280174,0.11714131
1273,1280175,0.0936878
1274,1290003,0.01530307
1275,1290005,0.07560288
1276,1290008,0.0974867
1277,1290017,0.140097
1278,1290043,0.13174567
1279,1290073,0.10229844
1280,1290088,0.0035055052
1281,1290098,0.12837498
1282,1290101,0.036098473
1283,1290114,0.1277795
1284,1290117,0.124268636
1285,1290151,0.048186347
1286,1290154,0.15206237
1287,1290156,0.14819023
1288,1300004,0.018332697
1289,1300005,0.09382399
1290,1300012,0.0159127
1291,1300016,0.044498716
1292,1300018,0.04600852
1293,1300019,0.123946235
1294,1300031,0.027391532
1295,1300037,0.027572405
1296,1300045,0.21436201
1297,1300070,0.030058645
1298,1300071,0.030297168
1299,1300072,0.07154367
1300,1300073,0.06319171
1301,1300100,0.06801814
1302,1300101,0.014861303
1303,1300109,0.08309097
1304,1300111,0.004655243
1305,1300142,0.08148431
1306,1300151,0.031549126
1307,1300158,0.05967451
1308,1310018,0.11696897
1309,1310061,0.22723792
1310,1310064,0.044514492
1311,1310087,0.026846014
1312,1310106,0.016559318
1313,1310124,0.15230186
1314,1310146,0.04397746
1315,1310147,0.05125578
1316,1310150,0.067441955
1317,1320021,0.13073076
1318,1320035,0.09363819
1319,1320042,0.05351891
1320,1320045,0.127976
1321,1320055,0.15031461
1322,1320058,0.011935568
1323,1320068,0.07298405
1324,1320081,0.006454203
1325,1320086,0.031139717
1326,1320127,0.09290294
1327,1330028,0.04435332
1328,1330044,0.048280925
1329,1330045,0.09538252
1330,1330062,0.14619417
1331,1330086,0.09491211
1332,1330137,0.05557914
1333,1340017,0.13035464
1334,1340028,0.03967364
1335,1340032,0.05175208
1336,1340039,0.0712219
1337,1340111,0.050635338
1338,1340116,0.08036355
1339,1350005,0.055584524
1340,1350017,0.0077673136
1341,1350037,0.041071504
1342,1350060,0.033212375
1343,1350098,0.026424084
1344,1350136,0.0046255714
1345,1360020,0.014030019
1346,1360083,0.07174216
1347,1360093,0.019006066
1348,1360113,0.014631006
1349,1360144,0.06827934
1350,1360153,0.0034635058
1351,1360170,0.08359098
1352,1370006,0.034391057
1353,1370056,0.014700898
1354,1370061,0.41867352
1355,1370083,0.08651416
1356,1370091,0.033572104
1357,1370121,0.051743574
1358,1370138,0.09076409
1359,1370141,0.14854686
1360,1370146,0.07969723
1361,1370149,0.0050172564
1362,1370151,0.03140106
1363,1370155,0.05758993
1364,1370173,0.028018428
1365,1380016,0.10523826
1366,1380021,0.13559172
1367,1380028,0.015009417
1368,1380033,0.032477435
1369,1380060,0.051620565
1370,1380063,0.01695838
1371,1380069,0.09884811
1372,1380077,0.028726164
1373,1380097,0.111388996
1374,1380107,0.010254504
1375,1380110,0.03332769
1376,1380114,0.097953886
1377,1380162,0.009587033
1378,1380189,0.016771393
1379,1380196,0.032490578
1380,1380220,0.046831757
1381,1390004,0.061071645
1382,1390010,0.039174963
1383,1390034,0.046043955
1384,1390038,0.020211067
1385,1390059,0.0088294055
1386,1390068,0.038569074
1387,1390096,0.0866432
1388,1390103,0.032562666
1389,1390116,0.06319171
1390,1390138,0.081839174
1391,1390140,0.0049278624
1392,1390154,0.045472275
1393,1390167,0.02178834
1394,1400014,0.023728902
1395,1400016,0.052701462
1396,1400020,0.03898359
1397,1400045,0.106134474
1398,1400065,0.09292844
1399,1400078,0.18986209
1400,1400083,0.14448103
1401,1400090,0.10369335
1402,1400105,0.12788157
1403,1400120,0.050827574
1404,1400136,0.060824484
1405,1400141,0.12517598
1406,1400147,0.007978278
1407,1400153,0.17327641
1408,1410016,0.023453074
1409,1410036,0.03234096
1410,1410039,0.057217404
1411,1410052,0.058009077
1412,1410068,0.15926835
1413,1410074,0.034236062
1414,1410085,0.10042002
1415,1410123,0.13116747
1416,1410129,0.047259603
1417,1410132,0.030228347
1418,1420068,0.0132271275
1419,1420092,0.013926855
1420,1420105,0.014040128
1421,1420126,0.0814855
1422,1420127,0.0794991
1423,1420133,0.15533447
1424,1420137,0.081092685
1425,1420169,0.02987289
1426,1420184,0.21691278
1427,1420187,0.16126414
1428,1420188,0.05481477
1429,1420190,0.11118031
1430,1430004,0.0801236
1431,1430049,0.109971404
1432,1430059,0.07272374
1433,1430070,0.022544805
1434,1430088,0.013761379
1435,1430110,0.026056226
1436,1430129,0.030503
1437,1430175,0.0968974
1438,1430183,0.10550851
1439,1440003,0.024169158
1440,1440009,0.10838708
1441,1440046,0.1369848
1442,1440048,0.058412645
1443,1440057,0.0111776255
1444,1440058,0.029913057
1445,1440059,0.12931384
1446,1440134,0.005135029
1447,1440137,0.1477618
1448,1440139,0.14775352
1449,1450043,0.042429946
1450,1450066,0.023132874
1451,1450068,0.068792515
1452,1450088,0.07822724
1453,1450110,0.289479
1454,1450116,0.046907753
1455,1450150,0.08992946
1456,1460008,0.06779632
1457,1460011,0.04830546
1458,1460026,0.13002327
1459,1460066,0.013263781
1460,1460086,0.073825896
1461,1460097,0.102840535
1462,1460116,0.046978246
1463,1460175,0.20667371
1464,1470004,0.024806822
1465,1470024,0.03427156
1466,1470057,0.10004509
1467,1470084,0.05054875
1468,1470127,0.02821049
1469,1470136,0.023095826
1470,1470161,0.07813432
1471,1470170,0.055838626
1472,1480003,0.023762157
1473,1480009,0.0450435
1474,1480014,0.020721855
1475,1480015,0.012603954
1476,1480039,0.1141146
1477,1480061,0.080315955
1478,1480084,0.0866432
1479,1480089,0.05311148
1480,1480125,0.15464815
1481,1480127,0.07555338
1482,1480130,0.08062422
1483,1480136,0.12238668
1484,1480159,0.04025894
1485,1480171,0.09385323
1486,1480173,0.1313868
1487,1490007,0.043942075
1488,1490031,0.010058862
1489,1490039,0.07872075
1490,1490046,0.12714061
1491,1490049,0.086894
1492,1490053,0.050889686
1493,1490068,0.041622184
1494,1490093,0.09201386
1495,1490114,0.028613996
1496,1490121,0.03430404
1497,1490138,0.07623772
1498,1490156,0.052962717
1499,1490158,0.029870154
1500,1500009,0.055628005
1501,1500016,0.06288736
1502,1500019,0.036036853
1503,1500042,0.13153
1504,1500078,0.13189901
1505,1500081,0.08371232
1506,1500091,0.04995978
1507,1500104,0.116651796
1508,1500126,0.11252577
1509,1500130,0.029676251
1510,1500133,0.13774104
1511,1500136,0.12873423
1512,1500145,0.05614295
1513,1510007,0.077646784
1514,1510010,0.04695997
1515,1510017,0.028634699
1516,1510030,0.10838708
1517,1510044,0.038941525
1518,1510074,0.1308112
1519,1510096,0.16256602
1520,1510099,0.12252769
1521,1510118,0.019730026
1522,1510129,0.16719557
1523,1510159,0.19311514
1524,1510161,0.060450356
1525,1520007,0.12245826
1526,1520026,0.13544674
1527,1520066,0.13053031
1528,1520087,0.21283688
1529,1520107,0.016661266
1530,1530005,0.10360373
1531,1530052,0.030606057
1532,1530069,0.12541555
1533,1530090,0.01670858
1534,1530115,0.04689485
1535,1530117,0.096613795
1536,1530129,0.057397876
1537,1540029,0.009762574
1538,1540036,0.104087755
1539,1540037,0.032631766
1540,1540048,0.24316368
1541,1540049,0.1997319
1542,1540053,0.08400628
1543,1540055,0.13978766
1544,1540056,0.061080027
1545,1540091,0.05058012
1546,1540114,0.08426681
1547,1540153,0.0045855506
1548,1540154,0.032955427
1549,1550014,0.094997264
1550,1550016,0.106841475
1551,1550020,0.003489597
1552,1550026,0.13421848
1553,1550052,0.035351053
1554,1550089,0.059302755
1555,1550092,0.034720726
1556,1550108,0.061757557
1557,1550113,0.18080527
1558,1550139,0.04634729
1559,1550180,0.1204481
1560,1560051,0.05757599
1561,1560069,0.009101442
1562,1560078,0.22633444
1563,1560094,0.10335226
1564,1560114,0.06677014
1565,1560130,0.101177394
1566,1560132,0.034870528
1567,1560151,0.07613529
1568,1560160,0.03388277
1569,1560168,0.023128215
1570,1570006,0.011374904
1571,1570027,0.08105622
1572,1570036,0.12891263
1573,1570038,0.01430764
1574,1570052,0.056234047
1575,1570071,0.03191438
1576,1570073,0.04622226
1577,1570100,0.073825896
1578,1570103,0.03156936
1579,1570114,0.04718583
1580,1570128,0.031964168
1581,1570138,0.08104054
1582,1580025,0.24394917
1583,1580042,0.13134
1584,1580043,0.004899132
1585,1580057,0.06663611
1586,1580060,0.12837498
1587,1580068,0.08999387
1588,1580071,0.13797666
1589,1580081,0.08417772
1590,1580087,0.09622201
1591,1580121,0.064602785
1592,1580126,0.0059757284
1593,1580152,0.013175731
1594,1580179,0.070227295
1595,1590008,0.12931384
1596,1590012,0.014416498
1597,1590111,0.17388363
1598,1590119,0.13410936
1599,1590140,0.15954664
1600,1590152,0.036270082
1601,1590157,0.0625061
1602,1590158,0.037585884
1603,1590167,0.034239616
1604,1600006,0.082859136
1605,1600023,0.13848557
1606,1600030,0.08965998
1607,1600032,0.05120143
1608,1600036,0.012820478
1609,1600046,0.081021294
1610,1600076,0.08174708
1611,1600078,0.095272236
1612,1600093,0.08469782
1613,1600100,0.04279149
1614,1600122,0.11097186
1615,1610059,0.20602076
1616,1610064,0.047067866
1617,1610098,0.024211485
1618,1610099,0.046302576
1619,1610103,0.08669704
1620,1610124,0.010391084
1621,1610135,0.030516714
1622,1610148,0.07288334
1623,1610159,0.13009116
1624,1620013,0.032650046
1625,1620018,0.12485928
1626,1620020,0.059254184
1627,1620045,0.082007386
1628,1620059,0.039264083
1629,1620063,0.048184317
1630,1620069,0.10879211
1631,1620095,0.20840189
1632,1620096,0.20841727
1633,1620107,0.11691471
1634,1620129,0.30039167
1635,1620146,0.02634484
1636,1620169,0.18545984
1637,1630004,0.010728657
1638,1630007,0.06235173
1639,1630011,0.025105698
1640,1630042,0.087793514
1641,1630064,0.109090045
1642,1630066,0.07990611
1643,1630070,0.011856365
1644,1630073,0.14066024
1645,1630083,0.0785685
1646,1630097,0.010016951
1647,1630125,0.06801814
1648,1630137,0.03965439
1649,1630147,0.029615242
1650,1640022,0.026365375
1651,1640032,0.03764322
1652,1640079,0.05389576
1653,1640082,0.31618953
1654,1640085,0.086171135
1655,1640119,0.08707912
1656,1640123,0.07811778
1657,1640125,0.034269013
1658,1640141,0.06071817
1659,1640142,0.049673267
1660,1640144,0.0074958554
1661,1650023,0.078536786
1662,1650046,0.08576022
1663,1650067,0.053163286
1664,1650077,0.14020969
1665,1650090,0.035356786
1666,1650113,0.12893322
1667,1650142,0.16306241
1668,1650149,0.03825505
1669,1650150,0.034766886
1670,1650153,0.22958043
1671,1650165,0.10554665
1672,1650166,0.13667399
1673,1650183,0.07503584
1674,1650184,0.072269134
1675,1650190,0.04377797
1676,1650194,0.061034676
1677,1660007,0.1303072
1678,1660019,0.08086376
1679,1660023,0.009632838
1680,1660040,0.0069964966
1681,1660063,0.040229004
1682,1660075,0.09578135
1683,1660085,0.034156054
1684,1660101,0.09709111
1685,1660152,0.010347535
1686,1660155,0.039590683
1687,1670003,0.23750484
1688,1670004,0.12245826
1689,1670005,0.024660736
1690,1670022,0.12105018
1691,1670030,0.0138868755
1692,1670032,0.14367826
1693,1670047,0.0073932097
1694,1670085,0.059012618
1695,1670113,0.02928371
1696,1670129,0.11330832
1697,1670146,0.026364023
1698,1670152,0.05365041
1699,1680037,0.032232903
1700,1680046,0.10397946
1701,1680050,0.14147915
1702,1680054,0.10948261
1703,1680063,0.04110223
1704,1680066,0.058906116
1705,1680110,0.011409821
1706,1680115,0.096843936
1707,1690016,0.08698238
1708,1690031,0.046190243
1709,1690033,0.065560244
1710,1690035,0.05185761
1711,1690053,0.015774712
1712,1690079,0.13473998
1713,1690095,0.013669006
1714,1690100,0.2273931
1715,1690124,0.036598448
1716,1690137,0.09614456
1717,1690139,0.14171626
1718,1700039,0.043990918
1719,1700052,0.014412988
1720,1700054,0.050850343
1721,1700055,0.1817261
1722,1700069,0.013092535
1723,1700078,0.06303007
1724,1700080,0.060882896
1725,1700085,0.1752607
1726,1700097,0.09045256
1727,1700112,0.12722646
1728,1700126,0.014010672
1729,1700129,0.014702847
1730,1710010,0.066243075
1731,1710014,0.00954513
1732,1710034,0.04050745
1733,1710059,0.13002327
1734,1710094,0.0054840054
1735,1710099,0.12257733
1736,1710106,0.061037894
1737,1720003,0.09407004
1738,1720030,0.1265254
1739,1720050,0.14063013
1740,1720051,0.106841475
1741,1720060,0.031103427
1742,1720083,0.12360779
1743,1720084,0.12729914
1744,1720085,0.0788232
1745,1720102,0.038648546
1746,1720104,0.09848537
1747,1720121,0.15464815
1748,1720133,0.16156147
1749,1730010,0.004315096
1750,1730011,0.059286226
1751,1730050,0.031245332
1752,1730099,0.083630435
1753,1730106,0.04961467
1754,1730136,0.022689467
1755,1730139,0.08120022
1756,1730142,0.03413392
1757,1730146,0.028038302
1758,1730170,0.049386963
1759,1740009,0.21378422
1760,1740026,0.12073917
1761,1740034,0.041890897
1762,1740118,0.137999
1763,1740129,0.13016522
1764,1740143,0.09766032
1765,1740159,0.030058645
1766,1740199,0.054047283
1767,1750049,0.07767031
1768,1750062,0.08430555
1769,1750065,0.053233095
1770,1750070,0.044189587
1771,1750090,0.08893652
1772,1750098,0.026364023
1773,1750113,0.028596222
1774,1750128,0.10654712
1775,1750133,0.092603095
1776,1750134,0.12618831
1777,1750140,0.06027826
1778,1750157,0.075534664
1779,1750166,0.22474849
1780,1760020,0.013691492
1781,1760025,0.008025117
1782,1760059,0.09323952
1783,1760073,0.085302025
1784,1760083,0.013763994
1785,1760088,0.050389696
1786,1760107,0.1671882
1787,1760144,0.028355427
1788,1760169,0.011368165
1789,1760182,0.04206749
1790,1760185,0.1363119
1791,1770013,0.12783843
1792,1770021,0.11928997
1793,1770034,0.12696528
1794,1770049,0.06899453
1795,1770076,0.10838708
1796,1770083,0.102509685
1797,1770087,0.05051824
1798,1770093,0.02788356
1799,1770114,0.15496233
1800,1770155,0.14512593
1801,1770158,0.092603095
1802,1780025,0.08447612
1803,1780036,0.0032275121
1804,1780038,0.115452744
1805,1780073,0.009684058
1806,1780077,0.013888417
1807,1780095,0.1265254
1808,1780099,0.13004853
1809,1780105,0.17112584
1810,1780114,0.11864286
1811,1780178,0.097228535
1812,1780186,0.09623642
1813,1780205,0.21364704
1814,1790018,0.04527708
1815,1790029,0.03538499
1816,1790050,0.11352579
1817,1790054,0.3476334
1818,1790058,0.025770308
1819,1790061,0.044144154
1820,1790064,0.06300359
1821,1790069,0.039549664
1822,1790082,0.04587
1823,1790084,0.048288528
1824,1790121,0.024918584
1825,1790126,0.05348753
1826,1790143,0.11691471
1827,1790162,0.14282484
1828,1790163,0.11892322
1829,1790164,0.10171305
1830,1790170,0.04877276
1831,1800009,0.038388193
1832,1800054,0.07804112
1833,1800073,0.05615284
1834,1800089,0.093662664
1835,1800095,0.026583191
1836,1800099,0.046853613
1837,1800123,0.107460454
1838,1800124,0.058838025
1839,1810077,0.0749863
1840,1810105,0.11533593
1841,1810108,0.0967189
1842,1810116,0.15059404
1843,1820011,0.09519722
1844,1820025,0.07539822
1845,1820032,0.051620565
1846,1820039,0.064713985
1847,1820043,0.12734655
1848,1820044,0.026944704
1849,1820051,0.072819225
1850,1820054,0.05482138
1851,1820062,0.07174216
1852,1820064,0.004399739
1853,1820083,0.005586459
1854,1820088,0.029515555
1855,1820143,0.055745002
1856,1830023,0.089455016
1857,1830056,0.13584703
1858,1830069,0.02999603
1859,1830075,0.09140232
1860,1830079,0.014104287
1861,1830090,0.041384283
1862,1830114,0.059367508
1863,1830130,0.092870735
1864,1830137,0.025026603
1865,1830141,0.10594946
1866,1830142,0.10075989
1867,1830156,0.08245037
1868,1830172,0.01340243
1869,1840009,0.081544586
1870,1840010,0.13073076
1871,1840015,0.0613766
1872,1840037,0.13552402
1873,1840062,0.0051243515
1874,1840067,0.08489065
1875,1840079,0.056165982
1876,1840132,0.09378206
1877,1840136,0.0112864245
1878,1840154,0.11868243
1879,1850009,0.14746673
1880,1850020,0.056434833
1881,1850048,0.049025875
1882,1850055,0.09705686
1883,1850085,0.06041692
1884,1850092,0.030058645
1885,1850097,0.019176953
1886,1850125,0.11787575
1887,1850163,0.0090779355
1888,1850181,0.043155856
1889,1850191,0.3910372
1890,1850207,0.049850952
1891,1860007,0.15493836
1892,1860017,0.08096023
1893,1860045,0.09014766
1894,1860134,0.09542151
1895,1870003,0.043207593
1896,1870007,0.12074933
1897,1870014,0.033642422
1898,1870034,0.021594977
1899,1870045,0.08873616
1900,1870068,0.0483329
1901,1870074,0.035356786
1902,1870085,0.051237207
1903,1870107,0.0785685
1904,1870128,0.03385726
1905,1880006,0.087897785
1906,1880013,0.04390095
1907,1880016,0.027947675
1908,1880028,0.0414918
1909,1880046,0.14367826
1910,1880084,0.1265254
1911,1880093,0.04769463
1912,1880097,0.04609798
1913,1880118,0.07783276
1914,1880130,0.10279941
1915,1880146,0.09570574
1916,1880153,0.12477744
1917,1890011,0.09134474
1918,1890017,0.040386498
1919,1890018,0.14071411
1920,1890027,0.091022134
1921,1890044,0.04611259
1922,1890054,0.051125318
1923,1890068,0.035327915
1924,1890069,0.05823402
1925,1890076,0.045686428
1926,1890078,0.13896674
1927,1890086,0.16143528
1928,1890117,0.08263379
1929,1890166,0.090255134
1930,1890169,0.050826296
1931,1890183,0.08129575
1932,1890187,0.08512557
1933,1890192,0.15842901
1934,1890193,0.31956074
1935,1900021,0.01006602
1936,1900053,0.06842811
1937,1900058,0.019786265
1938,1900066,0.06887601
1939,1900094,0.12545666
1940,1900107,0.09602505
1941,1900112,0.020729112
1942,1900178,0.19292767
1943,1900181,0.09018176
1944,1900188,0.06554869
1945,1910046,0.13039853
1946,1910047,0.12935741
1947,1910052,0.11224984
1948,1910065,0.036170717
1949,1910072,0.028398408
1950,1910086,0.12751251
1951,1910149,0.22288844
1952,1910153,0.07148513
1953,1910154,0.06908008
1954,1920077,0.077791855
1955,1920079,0.14647442
1956,1920084,0.0699507
1957,1920100,0.2382257
1958,1920101,0.50457436
1959,1920129,0.08848174
1960,1920134,0.043769974
1961,1920138,0.046516337
1962,1920169,0.07490364
1963,1930034,0.0076379944
1964,1930037,0.08443646
1965,1930074,0.046745185
1966,1930095,0.05698232
1967,1930104,0.029324517
1968,1930137,0.55137354
1969,1930142,0.06931869
1970,1930192,0.042480532
1971,1940062,0.016083855
1972,1940084,0.036731392
1973,1940110,0.015681127
1974,1940128,0.032323744
1975,1940153,0.045310132
1976,1950042,0.033347942
1977,1950049,0.13459505
1978,1950054,0.10339436
1979,1950060,0.24394917
1980,1950117,0.12507725
1981,1950118,0.04916993
1982,1950136,0.08247407
1983,1950172,0.07849025
1984,1950183,0.15693381
1985,1950197,0.11709012
1986,1960013,0.086845845
1987,1960025,0.105591364
1988,1960028,0.037104335
1989,1960103,0.04770719
1990,1970006,0.025182243
1991,1970007,0.10734302
1992,1970017,0.17600451
1993,1970027,0.050737746
1994,1970047,0.05575565
1995,1970057,0.052023113
1996,1970069,0.0034635058
1997,1970103,0.041886173
1998,1970104,0.2248134
1999,1970128,0.010257927
2000,1970136,0.024232836
2001,1970157,0.059194133
2002,1970162,0.123479724
2003,1970166,0.050536223
2004,1990010,0.031087186
2005,1990015,0.035851393
2006,1990024,0.028649962
2007,1990035,0.013252358
2008,1990077,0.037392568
2009,1990083,0.037116766
2010,1990084,0.20667371
2011,1990090,0.1402248
2012,1990102,0.024915155
2013,1990105,0.018379774
2014,1990120,0.049122266
2015,1990132,0.0034635058
2016,1990154,0.044628255
2017,1990172,0.092107855
2018,1990175,0.009809391
2019,1990211,0.07385217
2020,1990222,0.114309065
2021,1990272,0.032118477
2022,1990286,0.039670248
2023,1990329,0.07323965
2024,1990343,0.077853575
2025,1990354,0.04563964
2026,1990358,0.016186379
2027,2000030,0.13307855
2028,2000037,0.04245816
2029,2000045,0.12589915
2030,2000096,0.11193627
2031,2000105,0.029962625
2032,2000126,0.08036355
2033,2000138,0.11576287
2034,2010026,0.06368279
2035,2010045,0.017420614
2036,2010049,0.06326811
2037,2010069,0.028805964
2038,2010074,0.11662183
2039,2010088,0.08777085
2040,2010104,0.06041692
2041,2010122,0.07619839
2042,2030068,0.066178806
2043,2030075,0.11547547
2044,2030079,0.02307464
2045,2030082,0.150155
2046,2030083,0.054338787
2047,2030112,0.12395995
2048,2030121,0.13369837
2049,2030122,0.074377745
2050,2030125,0.048394263
2051,2030133,0.005135029
2052,2030144,0.28312442
2053,2040028,0.15222038
2054,2040049,0.11578487
2055,2040059,0.13722335
2056,2040062,0.0054058568
2057,2040075,0.05279015
2058,2040096,0.11470978
2059,2040106,0.08787881
2060,2040116,0.12314203
2061,2040153,0.095331594
2062,2040167,0.06929061
2063,2060010,0.03415268
2064,2060015,0.0239991
2065,2060051,0.15411869
2066,2060068,0.06878761
2067,2060078,0.049583044
2068,2060106,0.10085268
2069,2060124,0.07638126
2070,2070010,0.03511022
2071,2070018,0.034800995
2072,2070049,0.009862207
2073,2070075,0.026769467
2074,2070087,0.076083176
2075,2070093,0.080167785
2076,2070110,0.030113524
2077,2070164,0.105223395
2078,2070181,0.1088776
2079,2070186,0.02769347
2080,2070189,0.081456296
2081,2080019,0.06981185
2082,2080066,0.028374143
2083,2080072,0.06045882
2084,2080077,0.13526256
2085,2080086,0.03717777
2086,2080088,0.017310223
2087,2080099,0.03933171
2088,2080110,0.16453171
2089,2080179,0.14365813
2090,2080182,0.03760375
2091,2080192,0.030423574
2092,2080202,0.14338082
2093,2080215,0.22476806
2094,2080246,0.17928079
2095,2080252,0.21234281
2096,2080254,0.14946915
2097,2080271,0.15355371
2098,2090007,0.031751037
2099,2090023,0.05317821
2100,2090031,0.029012026
2101,2090046,0.04286189
2102,2090049,0.04125886
2103,2090068,0.028799346
2104,2090077,0.032556724
2105,2090095,0.096613795
2106,2090102,0.11435851
2107,2090118,0.112955734
2108,2090130,0.07708338
2109,2090194,0.09082062
2110,2100018,0.010090234
2111,2100028,0.028470054
2112,2100047,0.060321007
2113,2100055,0.13134047
2114,2100058,0.045259666
2115,2100081,0.18862543
2116,2100086,0.042150646
2117,2100094,0.09574988
2118,2100096,0.030349445
2119,2100114,0.5341249
2120,2100116,0.061894573
2121,2110014,0.19032615
2122,2110022,0.03652129
2123,2110029,0.035529803
2124,2110036,0.12617256
2125,2110040,0.2242185
2126,2110047,0.0157078
2127,2110060,0.07381301
2128,2110101,0.045652576
2129,2110109,0.32613635
2130,2110120,0.038677618
2131,2110133,0.096436776
2132,2110153,0.040125247
2133,2110158,0.12832189
2134,2110187,0.09049432
2135,2120011,0.13367964
2136,2120085,0.08017347
2137,2120193,0.21173576
2138,2120196,0.03147477
2139,2120201,0.16919135
2140,2130006,0.13185471
2141,2130027,0.0072651953
2142,2130034,0.16835414
2143,2130049,0.004311002
2144,2130060,0.044084273
2145,2130063,0.043358836
2146,2130065,0.032753523
2147,2130076,0.13616186
2148,2130086,0.046187416
2149,2130119,0.14672792
2150,2130127,0.12479103
2151,2130161,0.03427674
2152,2140003,0.00649402
2153,2140010,0.06923133
2154,2140021,0.13391456
2155,2140028,0.12245826
2156,2140035,0.043349452
2157,2140036,0.16287167
2158,2140052,0.040613238
2159,2140077,0.055376977
2160,2140081,0.11435851
2161,2140091,0.07395278
2162,2140103,0.031026887
2163,2140136,0.07643669
2164,2140143,0.101161696
2165,2140144,0.14934489
2166,2140163,0.03734621
2167,2140176,0.007856777
2168,2150030,0.08561168
2169,2150032,0.027267344
2170,2150050,0.06708338
2171,2150098,0.01195111
2172,2150101,0.037671395
2173,2150120,0.06455893
2174,2150143,0.015688296
2175,2150161,0.13906996
2176,2150162,0.15568711
2177,2160004,0.03138545
2178,2160010,0.08719654
2179,2160018,0.093591645
2180,2160036,0.058952566
2181,2160043,0.08943778
2182,2160089,0.04279149
2183,2160091,0.07522008
2184,2160092,0.20858783
2185,2160096,0.033514377
2186,2160104,0.08523454
2187,2160135,0.06604056
2188,2160136,0.06562077
2189,2160146,0.21137828
2190,2160154,0.030113524
2191,2160168,0.04720773
2192,2170092,0.08544828
2193,2170147,0.026383191
2194,2170148,0.15059404
2195,2180036,0.026214067
2196,2180077,0.02835885
2197,2180090,0.2500972
2198,2180125,0.15554993
2199,2180145,0.09652305
2200,2190009,0.0125980815
2201,2190014,0.011579038
2202,2190067,0.023466077
2203,2190096,0.09134515
2204,2190117,0.124268636
2205,2190120,0.049759712
2206,2190122,0.15414093
2207,2190146,0.048211187
2208,2190147,0.0141849695
2209,2190148,0.018092828
2210,2190150,0.018448293
2211,2190152,0.05251489
2212,2190160,0.1489063
2213,2190171,0.0328049
2214,2200014,0.19989444
2215,2200036,0.08147917
2216,2200044,0.12373504
2217,2200049,0.012986328
2218,2200061,0.03093741
2219,2200081,0.042295795
2220,2200114,0.045211796
2221,2200138,0.033546396
2222,2210073,0.045525994
2223,2210078,0.053497694
2224,2210079,0.047577124
2225,2210080,0.06174485
2226,2210091,0.059423074
2227,2210096,0.11911819
2228,2210173,0.1053065
2229,2220006,0.081738524
2230,2220036,0.08676647
2231,2220038,0.26065102
2232,2220045,0.017541735
2233,2220064,0.08872313
2234,2220081,0.13684058
2235,2220095,0.14488214
2236,2220101,0.10335226
2237,2220102,0.16471912
2238,2220110,0.1329028
2239,2220132,0.15059404
2240,2220133,0.02241268
2241,2220151,0.11142801
2242,2220158,0.17461075
2243,2230027,0.12516989
2244,2230030,0.110799536
2245,2230052,0.061893716
2246,2230111,0.036006562
2247,2230154,0.038281012
2248,2240005,0.028936688
2249,2240006,0.2661937
2250,2240018,0.035645444
2251,2240036,0.004941037
2252,2240054,0.029677087
2253,2240062,0.107733116
2254,2240065,0.09703302
2255,2240084,0.051069677
2256,2240108,0.068585545
2257,2240118,0.20526272
2258,2240131,0.17982279
2259,2240141,0.09329056
2260,2240162,0.10582983
2261,2250017,0.16731507
2262,2250022,0.10546473
2263,2250031,0.040134747
2264,2250036,0.05503772
2265,2250041,0.04500134
2266,2250046,0.11906441
2267,2250050,0.048174564
2268,2250052,0.07121044
2269,2250062,0.028640337
2270,2250081,0.11886544
2271,2250097,0.008683699
2272,2250171,0.05384158
2273,2260040,0.09737642
2274,2260042,0.078355625
2275,2260052,0.12700252
2276,2260053,0.12790887
2277,2260076,0.024147507
2278,2260094,0.0033280791
2279,2260115,0.010030882
2280,2260142,0.113031566
2281,2260144,0.023891492
2282,2260151,0.090760134
2283,2260159,0.04916223
2284,2260161,0.048327077
2285,2260165,0.22853412
2286,2260168,0.010293109
2287,2260176,0.09800545
2288,2270004,0.04996737
2289,2270017,0.03892794
2290,2270059,0.09698599
2291,2270064,0.004293207
2292,2270074,0.024214616
2293,2270088,0.03737456
2294,2270112,0.0889426
2295,2270124,0.035183374
2296,2270127,0.07226753
2297,2270128,0.03327361
2298,2270167,0.004796817
2299,2270182,0.03378524
2300,2270191,0.04748407
2301,2280052,0.046220995
2302,2280053,0.033915643
2303,2280087,0.028911697
2304,2280096,0.05348753
2305,2280111,0.05058011
2306,2280121,0.024372527
2307,2280125,0.063544445
2308,2280133,0.117821276
2309,2280142,0.050256792
2310,2280154,0.030058645
2311,2290028,0.026166644
2312,2290031,0.005859566
2313,2290047,0.04227681
2314,2290050,0.25896803
2315,2290076,0.02999603
2316,2290086,0.10657247
2317,2290103,0.033024754
2318,2290114,0.08327509
2319,2290130,0.02385326
2320,2290136,0.087868266
2321,2290145,0.005712352
2322,2290170,0.015996773
2323,2300030,0.10863582
2324,2300076,0.015996773
2325,2300078,0.044169106
2326,2300083,0.09516727
2327,2300097,0.15594971
2328,2300116,0.08477027
2329,2300121,0.08715011
2330,2300128,0.050597265
2331,2300135,0.024502888
2332,2300145,0.027365083
2333,2310013,0.03215668
2334,2310018,0.05351291
2335,2310069,0.083546974
2336,2310072,0.2514813
2337,2310075,0.08599403
2338,2310089,0.07813432
2339,2310093,0.12176036
2340,2310095,0.07977662
2341,2310108,0.13000624
2342,2310115,0.03961413
2343,2310174,0.059708685
2344,2310175,0.24435343
2345,2310176,0.13384065
2346,2310181,0.025994793
2347,2310183,0.16216479
2348,2310193,0.099582694
2349,2320007,0.028466433
2350,2320023,0.047356408
2351,2320026,0.076644614
2352,2320027,0.06329934
2353,2320032,0.0065789865
2354,2320038,0.08610617
2355,2320050,0.05657413
2356,2320053,0.1201172
2357,2320112,0.040227953
2358,2320141,0.004796817
2359,2320153,0.038148046
2360,2320163,0.119914114
2361,2320184,0.05199697
2362,2330024,0.24685195
2363,2330046,0.091532744
2364,2330056,0.08905563
2365,2330058,0.16064896
2366,2330059,0.07078143
2367,2330070,0.1121075
2368,2330080,0.010026739
2369,2330084,0.0419202
2370,2330092,0.034710746
2371,2330095,0.10474337
2372,2330118,0.13317268
2373,2330135,0.011753586
2374,2330136,0.013876574
2375,2330163,0.10588801
2376,2330167,0.15779065
2377,2340005,0.0431729
2378,2340007,0.21671964
2379,2340028,0.04199549
2380,2340031,0.06268824
2381,2340049,0.050403684
2382,2340054,0.04128539
2383,2340080,0.22186384
2384,2340081,0.22853412
2385,2340083,0.06879282
2386,2340095,0.09479261
2387,2340097,0.031898737
2388,2340110,0.024271829
2389,2340117,0.08151388
2390,2340129,0.049132325
2391,2340137,0.16107506
2392,2340138,0.03902689
2393,2340172,0.035931155
2394,2340173,0.13004853
2395,2340180,0.105771154
2396,2350016,0.03112009
2397,2350017,0.053964466
2398,2350028,0.051277697
2399,2350045,0.102194235
2400,2350050,0.029824749
2401,2350057,0.07414178
2402,2350073,0.12698929
2403,2350093,0.073384695
2404,2350095,0.12696528
2405,2350105,0.043013055
2406,2350110,0.062973395
2407,2350115,0.101828754
2408,2350122,0.10838708
2409,2350125,0.20259054
2410,2350126,0.051742252
2411,2350155,0.03526301
2412,2350158,0.06470582
2413,2350162,0.045006145
2414,2350163,0.09965632
2415,2350191,0.0767231
2416,2350192,0.29386395
2417,2360007,0.014030019
2418,2360024,0.011058348
2419,2360042,0.027427034
2420,2360049,0.15985668
2421,2360062,0.11435851
2422,2360072,0.12092006
2423,2360079,0.22149014
2424,2360087,0.01078564
2425,2360096,0.07699525
2426,2360120,0.14069849
2427,2360125,0.11828801
2428,2360146,0.012484308
2429,2360164,0.045102958
2430,2360178,0.092369206
2431,2360180,0.11681507
2432,2370005,0.052838594
2433,2370009,0.037115887
2434,2370010,0.011689109
2435,2370041,0.0136623345
2436,2370046,0.12751251
2437,2370051,0.014895998
2438,2370076,0.09044893
2439,2370100,0.08965998
2440,2370140,0.06644901
2441,2370154,0.06264634
2442,2370161,0.050559968
2443,2380013,0.028761748
2444,2380023,0.06601236
2445,2380028,0.020639848
2446,2380034,0.14473325
2447,2380039,0.023575064
2448,2380061,0.11556197
2449,2380115,0.12273293
2450,2380142,0.013417489
2451,2380150,0.2514813
2452,2390019,0.027744545
2453,2390037,0.24932069
2454,2390038,0.23713219
2455,2390068,0.04994802
2456,2390070,0.03939609
2457,2390090,0.04082916
2458,2390128,0.02714624
2459,2390134,0.07894112
2460,2390139,0.075534664
2461,2400011,0.07284908
2462,2400026,0.13000624
2463,2400044,0.055847462
2464,2400054,0.0082335975
2465,2400075,0.2509643
2466,2400079,0.028726164
2467,2400081,0.05480791
2468,2400135,0.029245565
2469,2400139,0.15826392
2470,2400153,0.027414769
2471,2400156,0.15157354
2472,2400195,0.07793149
2473,2400197,0.21001674
2474,2410017,0.06568086
2475,2410023,0.25308684
2476,2410043,0.08096023
2477,2410044,0.09985208
2478,2410075,0.06643826
2479,2410078,0.025766272
2480,2410095,0.12678546
2481,2410101,0.04472575
2482,2410125,0.060234394
2483,2410147,0.025867047
2484,2420015,0.013514801
2485,2420020,0.02185231
2486,2420039,0.06778743
2487,2420069,0.115087345
2488,2420089,0.048058044
2489,2420112,0.054872364
2490,2420122,0.09430834
2491,2420130,0.11691471
2492,2420139,0.114973925
2493,2420151,0.022710692
2494,2420155,0.04467502
2495,2420159,0.062175035
2496,2430009,0.042795252
2497,2430032,0.16611274
2498,2430039,0.053163286
2499,2430057,0.038333952
2500,2430071,0.08065784
2501,2430072,0.07428518
2502,2430103,0.15222038
2503,2430109,0.070885226
2504,2430146,0.06974818
2505,2430151,0.032323744
2506,2430196,0.014217292
2507,2430204,0.01471167
2508,2430218,0.16164486
2509,2440015,0.06980316
2510,2440017,0.046431176
2511,2440042,0.020995723
2512,2440049,0.031924486
2513,2440075,0.03681747
2514,2440112,0.03870298
2515,2440116,0.14742444
2516,2440126,0.09490398
2517,2440128,0.15464815
2518,2440148,0.053215213
2519,2440150,0.1626386
2520,2450012,0.012258226
2521,2450014,0.036474574
2522,2450021,0.0031622371
2523,2450033,0.0973082
2524,2450059,0.047232877
2525,2450072,0.03735146
2526,2450081,0.079395704
2527,2450084,0.022800574
2528,2450105,0.07640964
2529,2450119,0.05415182
2530,2450128,0.113031566
2531,2450129,0.11435851
2532,2450136,0.06514427
2533,2450152,0.04651001
2534,2450153,0.036383018
2535,2450161,0.06607905
2536,2450168,0.08019596
2537,2460004,0.02990293
2538,2460005,0.13185471
2539,2460008,0.0101501355
2540,2460031,0.11010911
2541,2460051,0.04336259
2542,2460062,0.2326106
2543,2460085,0.025549438
2544,2460114,0.03455663
2545,2460115,0.047408707
2546,2460118,0.20628868
2547,2460140,0.15860668
2548,2460151,0.034208488
2549,2460152,0.11002275
2550,2470009,0.010265032
2551,2470028,0.04328046
2552,2470037,0.1650435
2553,2470040,0.13121702
2554,2470045,0.13381419
2555,2470053,0.054078292
2556,2470064,0.023128215
2557,2470068,0.09491211
2558,2470078,0.012349552
2559,2470100,0.088389054
2560,2470104,0.13532896
2561,2470141,0.0033280791
2562,2470157,0.04964564
2563,2470161,0.1267248
2564,2480003,0.025105698
2565,2480024,0.042678535
2566,2480049,0.04078416
2567,2480067,0.08279448
2568,2480071,0.02726367
2569,2480088,0.051743574
2570,2480102,0.05389576
2571,2480108,0.011622104
2572,2480109,0.032614432
2573,2480115,0.022647426
2574,2480129,0.07659592
2575,2480148,0.14115372
2576,2480176,0.09204816
2577,2490038,0.00871985
2578,2490053,0.034720726
2579,2490056,0.10838708
2580,2490057,0.051277697
2581,2490067,0.030144734
2582,2490074,0.14828378
2583,2490090,0.11135313
2584,2490100,0.21865495
2585,2490111,0.16161887
2586,2490142,0.09989452
2587,2500007,0.018225338
2588,2500009,0.041643377
2589,2500010,0.04300332
2590,2500012,0.052377485
2591,2500015,0.069683746
2592,2500019,0.05659949
2593,2500021,0.011620522
2594,2500024,0.043989003
2595,2500089,0.11285184
2596,2500127,0.091491655
2597,2510006,0.014433519
2598,2510053,0.13258357
2599,2510079,0.041022368
2600,2510095,0.12981379
2601,2510097,0.27669868
2602,2510118,0.10506861
2603,2510148,0.0314981
2604,2510166,0.097118095
2605,2520008,0.08294116
2606,2520012,0.08673433
2607,2520016,0.021743253
2608,2520018,0.12686685
2609,2520020,0.013562966
2610,2520038,0.031843092
2611,2520043,0.065742604
2612,2520051,0.04047018
2613,2520085,0.14176689
2614,2520095,0.034375954
2615,2520114,0.101984575
2616,2520121,0.079088114
2617,2520140,0.11691471
2618,2520153,0.17404562
2619,2520164,0.07140339
2620,2520177,0.10206004
2621,2530029,0.0036755707
2622,2530034,0.2661937
2623,2530043,0.13868365
2624,2530048,0.14229956
2625,2530058,0.028842824
2626,2530061,0.029989313
2627,2530104,0.041544788
2628,2530125,0.03902105
2629,2530149,0.14856601
2630,2530156,0.07964229
2631,2540005,0.08748289
2632,2540078,0.014121703
2633,2540092,0.13981996
2634,2540121,0.049944732
2635,2550010,0.100931115
2636,2550018,0.042803053
2637,2550026,0.05636652
2638,2550037,0.13459505
2639,2550039,0.036612768
2640,2550044,0.04576893
2641,2550078,0.11273852
2642,2550085,0.09279792
2643,2550091,0.03188083
2644,2550099,0.13744475
2645,2550126,0.014339841
2646,2550131,0.03349142
2647,2550144,0.058969527
2648,2550166,0.15863483
2649,2550177,0.14990847
2650,2560005,0.012418462
2651,2560009,0.09279792
2652,2560024,0.1265254
2653,2560040,0.092197314
2654,2560049,0.12344998
2655,2560058,0.0044493997
2656,2560077,0.052225653
2657,2560084,0.13315241
2658,2560118,0.03907396
2659,2560128,0.08317638
2660,2560132,0.042265758
2661,2560161,0.050256792
2662,2570020,0.13620509
2663,2570021,0.0834834
2664,2570042,0.13355076
2665,2570064,0.02385326
2666,2570065,0.08889225
2667,2570070,0.033024754
2668,2570094,0.15755574
2669,2570113,0.22474849
2670,2570116,0.022837348
2671,2570120,0.036824588
2672,2570127,0.11556197
2673,2570130,0.024965987
2674,2570137,0.050223596
2675,2570141,0.22186384
2676,2570149,0.011648064
2677,2570163,0.05138482
2678,2570169,0.029989414
2679,2580016,0.007853742
2680,2580057,0.07377758
2681,2580067,0.043142837
2682,2580075,0.08294116
2683,2580100,0.08946276
2684,2580119,0.020900004
2685,2580153,0.16458312
2686,2580172,0.022909855
2687,2590020,0.050297797
2688,2590044,0.012066449
2689,2590047,0.13546403
2690,2590051,0.026743684
2691,2590069,0.06068938
2692,2590101,0.012997341
2693,2590121,0.070878446
2694,2590128,0.086608015
2695,2590130,0.028594118
2696,2590165,0.040189087
2697,2590182,0.036390107
2698,2590188,0.12305806
2699,2590196,0.049568363
2700,2600015,0.26471347
2701,2600018,0.04674568
2702,2600022,0.05322823
2703,2600042,0.23713219
2704,2600044,0.12714061
2705,2600066,0.18892916
2706,2600073,0.19625051
2707,2600085,0.0037644014
2708,2600087,0.1004978
2709,2600094,0.13249497
2710,2600115,0.05737712
2711,2600119,0.05051824
2712,2600142,0.09160757
2713,2600158,0.12274002
2714,2610016,0.08226316
2715,2610024,0.1288982
2716,2610043,0.022681579
2717,2610055,0.12344226
2718,2610077,0.048755694
2719,2610078,0.03571374
2720,2610086,0.08747312
2721,2610093,0.2501156
2722,2610109,0.061824273
2723,2610134,0.10934237
2724,2610144,0.02847012
2725,2610152,0.045450665
2726,2610158,0.018508868
2727,2610164,0.06437461
2728,2610166,0.10397946
2729,2610170,0.05261465
2730,2620015,0.041782912
2731,2620034,0.01312061
2732,2620053,0.08294116
2733,2620064,0.054423742
2734,2620076,0.035065114
2735,2620087,0.12233171
2736,2620092,0.09176074
2737,2620108,0.028120978
2738,2620113,0.035066284
2739,2620147,0.30870342
2740,2620158,0.07109127
2741,2630025,0.023158982
2742,2630045,0.042257022
2743,2630058,0.0672744
2744,2630060,0.029675461
2745,2630066,0.07071323
2746,2630071,0.029075906
2747,2630085,0.010957004
2748,2630185,0.014707531
2749,2630219,0.13049854
2750,2630227,0.07153538
2751,2640041,0.09804695
2752,2640055,0.13536549
2753,2640071,0.113031566
2754,2640087,0.080493085
2755,2640091,0.020964382
2756,2640128,0.026879057
2757,2640135,0.038464658
2758,2640153,0.09076409
2759,2640159,0.052018154
2760,2650039,0.03702279
2761,2650048,0.039235357
2762,2650051,0.2795399
2763,2650055,0.029675461
2764,2650056,0.09169686
2765,2650084,0.061667077
2766,2650098,0.07376884
2767,2650141,0.289782
2768,2660019,0.034239043
2769,2660028,0.027681094
2770,2660046,0.016303923
2771,2660085,0.033024754
2772,2660090,0.06300359
2773,2660094,0.12100097
2774,2660099,0.13002804
2775,2660109,0.012624896
2776,2660110,0.08412422
2777,2660127,0.010164513
2778,2660136,0.043390248
2779,2660142,0.10038509
2780,2670020,0.111375354
2781,2670025,0.053186625
2782,2670031,0.07884333
2783,2670040,0.111586295
2784,2670056,0.0065969485
2785,2670063,0.015375798
2786,2670069,0.073825896
2787,2670087,0.09084251
2788,2670088,0.059924386
2789,2670092,0.104158424
2790,2670093,0.20015027
2791,2670103,0.05537388
2792,2670125,0.0044493997
2793,2670127,0.027889345
2794,2670147,0.010007635
2795,2680004,0.011270961
2796,2680007,0.12783843
2797,2680035,0.12931384
2798,2680075,0.18732004
2799,2680090,0.052701462
2800,2680093,0.05821864
2801,2680099,0.0762829
2802,2680108,0.008004126
2803,2680150,0.14463352
2804,2680151,0.094665036
2805,2690008,0.05371035
2806,2690010,0.0030274119
2807,2690033,0.05330496
2808,2690037,0.03215668
2809,2690048,0.040772967
2810,2690065,0.05062742
2811,2690096,0.5482674
2812,2690107,0.009558762
2813,2690109,0.030619292
2814,2690112,0.050975733
2815,2690130,0.14255926
2816,2690174,0.054734696
2817,2690182,0.035755876
2818,2690202,0.024761412
2819,2700025,0.064713985
2820,2700028,0.02718453
2821,2700062,0.12155161
2822,2700067,0.11691471
2823,2700077,0.054264043
2824,2700092,0.12765639
2825,2700105,0.017392704
2826,2700108,0.12445876
2827,2700120,0.03849202
2828,2700150,0.0072513204
2829,2710029,0.04710257
2830,2710051,0.036910255
2831,2710086,0.07290457
2832,2710087,0.26790667
2833,2710094,0.10751443
2834,2710106,0.036322623
2835,2710109,0.09850485
2836,2710110,0.096971974
2837,2710158,0.062414777
2838,2720012,0.016648918
2839,2720023,0.12245826
2840,2720072,0.17756462
2841,2720079,0.015246351
2842,2720081,0.20010322
2843,2720139,0.09857715
2844,2720161,0.05561403
2845,2720166,0.078322195
2846,2730021,0.010837304
2847,2730027,0.08698238
2848,2730050,0.017851004
2849,2730056,0.15778181
2850,2730108,0.05902675
2851,2730124,0.06114109
2852,2730140,0.007971469
2853,2740022,0.050980326
2854,2740034,0.049526677
2855,2740038,0.004293207
2856,2740064,0.045072492
2857,2740067,0.02292756
2858,2740070,0.13875273
2859,2740077,0.03261039
2860,2740079,0.03679295
2861,2740080,0.08607682
2862,2740097,0.044798132
2863,2750012,0.028211685
2864,2750029,0.08632872
2865,2750065,0.036071986
2866,2750095,0.10311714
2867,2750129,0.0058066156
2868,2750149,0.06014412
2869,2750153,0.0657879
2870,2750155,0.08036355
2871,2750168,0.068809204
2872,2750179,0.06276946
2873,2760022,0.11281964
2874,2760056,0.05353053
2875,2760066,0.02972807
2876,2760067,0.02972807
2877,2760071,0.074650206
2878,2760082,0.13391456
2879,2760090,0.1343918
2880,2760091,0.050837275
2881,2760107,0.06592435
2882,2760115,0.0067052157
2883,2760126,0.046092972
2884,2760127,0.115263216
2885,2760129,0.113031566
2886,2760130,0.27186295
2887,2760159,0.11194516
2888,2760170,0.07170022
2889,2770009,0.012917104
2890,2770037,0.2661937
2891,2770054,0.0560211
2892,2770070,0.009422714
2893,2770093,0.13625498
2894,2770097,0.06980316
2895,2770103,0.04263002
2896,2770106,0.12749577
2897,2770140,0.05235161
2898,2770147,0.028020853
2899,2770158,0.055970524
2900,2770160,0.15693381
2901,2770167,0.15365492
2902,2780012,0.07788848
2903,2780036,0.09208801
2904,2780045,0.06644806
2905,2780094,0.011615643
2906,2780102,0.06574875
2907,2780108,0.096307255
2908,2780114,0.12536453
2909,2780142,0.11576287
2910,2780145,0.12051974
2911,2790025,0.08501727
2912,2790074,0.0878315
2913,2790087,0.04061922
2914,2790101,0.13647312
2915,2790111,0.113817245
2916,2790142,0.032982867
2917,2800006,0.049052667
2918,2800009,0.02340571
2919,2800011,0.05100027
2920,2800045,0.033503667
2921,2800055,0.08391372
2922,2800086,0.03388277
2923,2800095,0.05774674
2924,2800114,0.07412699
2925,2800124,0.10285002
2926,2800125,0.40980777
2927,2800175,0.17332324
2928,2810040,0.013514801
2929,2810043,0.028093034
2930,2810079,0.0037900456
2931,2810112,0.122699305
2932,2810113,0.013353974
2933,2810143,0.13024665
2934,2810151,0.055816256
2935,2810161,0.22049958
2936,2810169,0.044865657
2937,2810198,0.06056989
2938,2820007,0.033642422
2939,2820023,0.11365098
2940,2820025,0.02762304
2941,2820057,0.1570506
2942,2820069,0.0038359894
2943,2820082,0.109177195
2944,2820090,0.035711452
2945,2820098,0.047662433
2946,2820108,0.13230005
2947,2820114,0.09434148
2948,2820118,0.09844395
2949,2820124,0.14314333
2950,2820143,0.011036134
2951,2820150,0.03285855
2952,2820153,0.051901706
2953,2820155,0.106265716
2954,2830013,0.0099778455
2955,2830016,0.053207
2956,2830036,0.022975326
2957,2830045,0.042862337
2958,2830047,0.09109017
2959,2830102,0.28378054
2960,2830103,0.15769136
2961,2830128,0.023602806
2962,2830135,0.101227276
2963,2830169,0.034753494
2964,2830178,0.09635869
2965,2830196,0.14663714
2966,2830201,0.10006497
2967,2840022,0.10268403
2968,2840073,0.041419085
2969,2840074,0.097769246
2970,2840118,0.11958819
2971,2840122,0.04688452
2972,2840136,0.096843936
2973,2840138,0.06373407
2974,2840140,0.165899
2975,2840154,0.026620487
2976,2850005,0.013685455
2977,2850027,0.02857906
2978,2850121,0.06398729
2979,2850171,0.15171692
2980,2850182,0.10386687
2981,2850198,0.021659773
2982,2860009,0.011918896
2983,2860015,0.13766584
2984,2860035,0.044017624
2985,2860062,0.059300333
2986,2860086,0.04874497
2987,2860089,0.07858334
2988,2860093,0.011899801
2989,2860101,0.14966097
2990,2860127,0.122160085
2991,2860136,0.043115735
2992,2860139,0.12582551
2993,2860151,0.14445329
2994,2860163,0.07597401
2995,2860185,0.12903424
2996,2860187,0.03329887
2997,2870020,0.022499235
2998,2870030,0.036068108
2999,2870049,0.21823165
3000,2870058,0.044883836
3001,2870060,0.041252963
3002,2870066,0.06552961
3003,2870098,0.053480275
3004,2870130,0.118773066
3005,2870141,0.053027425
3006,2870156,0.14712648
3007,2880027,0.14891523
3008,2880054,0.1382468
3009,2880070,0.11029924
3010,2880078,0.094872
3011,2880095,0.08654906
3012,2880111,0.041516528
3013,2880120,0.090091296
3014,2880129,0.079088114
3015,2880141,0.056741484
3016,2890006,0.08594227
3017,2890026,0.057420287
3018,2890028,0.09765891
3019,2890035,0.10199558
3020,2890045,0.13569812
3021,2890053,0.04035024
3022,2890083,0.24394917
3023,2890087,0.026140327
3024,2890097,0.088083446
3025,2890114,0.055299643
3026,2890117,0.014500902
3027,2890122,0.27186295
3028,2890128,0.14463352
3029,2890138,0.091467775
3030,2890140,0.06681463
3031,2890161,0.037585884
3032,2890163,0.12873423
3033,2900020,0.05784037
3034,2900021,0.18406633
3035,2900031,0.044436038
3036,2900063,0.07732589
3037,2900092,0.11862434
3038,2900113,0.032906044
3039,2900120,0.025613928
3040,2900139,0.19956465
3041,2910007,0.10333227
3042,2910015,0.057039943
3043,2910026,0.03155539
3044,2910037,0.1313824
3045,2910046,0.12105018
3046,2910068,0.016738078
3047,2910100,0.09850485
3048,2910106,0.009587033
3049,2910110,0.12271553
3050,2910114,0.023265682
3051,2910116,0.08571266
3052,2910117,0.119479634
3053,2910124,0.07165263
3054,2910161,0.09839053
3055,2910167,0.022455702
3056,2910177,0.118256286
3057,2910199,0.112859644
3058,2910204,0.08112275
3059,2910211,0.10505063
3060,2920050,0.1329028
3061,2920076,0.07954907
3062,2920114,0.12498996
3063,2930037,0.09096827
3064,2930056,0.063559346
3065,2930062,0.032634996
3066,2930063,0.037800636
3067,2930087,0.08694588
3068,2930107,0.12966934
3069,2930130,0.042255346
3070,2940010,0.08877629
3071,2940034,0.037584886
3072,2940035,0.22723792
3073,2940038,0.1290196
3074,2940046,0.09753603
3075,2940047,0.027704172
3076,2940091,0.05201065
3077,2940105,0.24394917
3078,2940149,0.032125857
3079,2940153,0.12121198
3080,2940165,0.06580046
3081,2940167,0.028225677
3082,2950010,0.019694418
3083,2950036,0.051481485
3084,2950074,0.07617434
3085,2950086,0.056381766
3086,2950100,0.038286626
3087,2950136,0.029391943
3088,2950142,0.03388068
3089,2950143,0.070942394
3090,2950144,0.076165415
3091,2950145,0.05317445
3092,2960019,0.04276306
3093,2960043,0.019900016
3094,2960053,0.20667371
3095,2960074,0.150826
3096,2960080,0.074620254
3097,2960084,0.017987857
3098,2960087,0.015635971
3099,2960097,0.12823847
3100,2960104,0.043433204
3101,2960122,0.12586664
3102,2960126,0.0835888
3103,2960133,0.21591774
3104,2960142,0.27186295
3105,2960169,0.037739977
3106,2970036,0.06528995
3107,2970063,0.119914114
3108,2970091,0.054798152
3109,2970092,0.11435851
3110,2970100,0.033293664
3111,2970119,0.12365197
3112,2970126,0.068614595
3113,2980007,0.07293694
3114,2980017,0.10483307
3115,2980020,0.11583452
3116,2980023,0.10883248
3117,2980029,0.029228656
3118,2980032,0.18660352
3119,2980041,0.041659433
3120,2980058,0.11184283
3121,2980061,0.051018
3122,2980082,0.054334305
3123,2980089,0.032355662
3124,2980097,0.24115872
3125,2980101,0.55490464
3126,2980121,0.024156211
3127,2990013,0.12073917
3128,2990034,0.123401806
3129,2990055,0.0055944007
3130,2990074,0.012645104
3131,2990093,0.13114397
3132,2990099,0.06644806
3133,2990104,0.051599767
3134,2990112,0.0031217635
3135,2990130,0.109800234
3136,2990132,0.028933506
3137,3000023,0.12105018
3138,3000057,0.08892733
3139,3000063,0.050945327
3140,3000067,0.0045733172
3141,3000079,0.10772379
3142,3000115,0.04859057
3143,3000132,0.2242559
3144,3000155,0.04183594
3145,3000159,0.073040344
3146,3000161,0.07945272
3147,3010010,0.02573963
3148,3010051,0.11878936
3149,3010069,0.13305505
3150,3010104,0.07042562
3151,3010118,0.021442974
3152,3010123,0.028594118
3153,3010129,0.04380004
3154,3010132,0.115263216
3155,3010148,0.1668693
3156,3010157,0.08186114
3157,3010163,0.030347526
3158,3020023,0.031200793
3159,3020027,0.083939336
3160,3020029,0.079005875
3161,3020057,0.006695686
3162,3020077,0.10543023
3163,3020086,0.12097604
3164,3020088,0.012495317
3165,3020089,0.02999997
3166,3020097,0.10523166
3167,3020104,0.010038158
3168,3020113,0.012790103
3169,3020119,0.19035678
3170,3020120,0.085662246
3171,3020123,0.1026712
3172,3020147,0.05217563
3173,3030004,0.10483307
3174,3030014,0.051655613
3175,3030021,0.052353397
3176,3030034,0.04287677
3177,3030043,0.09915292
3178,3030057,0.13277583
3179,3030065,0.034775097
3180,3030074,0.09332323
3181,3030086,0.026712878
3182,3030087,0.06361476
3183,3030146,0.10107573
3184,3040029,0.066907644
3185,3040035,0.08181651
3186,3040043,0.0897534
3187,3040070,0.08482998
3188,3040071,0.010096923
3189,3040072,0.02999603
3190,3040087,0.0066882684
3191,3040132,0.11518111
3192,3040147,0.08104054
3193,3040155,0.047370285
3194,3040165,0.11990384
3195,3040168,0.024943693
3196,3050037,0.05835002
3197,3050053,0.08046362
3198,3050062,0.110568985
3199,3050075,0.09468015
3200,3050083,0.08654906
3201,3050113,0.11748869
3202,3050120,0.030972581
3203,3050125,0.03141643
3204,3060020,0.07723561
3205,3060022,0.025348207
3206,3060037,0.20563237
3207,3060056,0.008427995
3208,3060102,0.024475954
3209,3060106,0.036609214
3210,3060138,0.06300359
3211,3060159,0.024687912
3212,3060163,0.15616105
3213,3070012,0.108936906
3214,3070019,0.07928982
3215,3070037,0.0072702076
3216,3070038,0.12819813
3217,3070046,0.1537473
3218,3070078,0.020278754
3219,3070079,0.073825896
3220,3070089,0.004768449
3221,3070117,0.15725735
3222,3070131,0.107733116
3223,3070133,0.13263166
3224,3070141,0.012484308
3225,3070148,0.010016951
3226,3070156,0.12844886
3227,3070172,0.15099919
3228,3070174,0.05605798
3229,3080010,0.09311221
3230,3080015,0.017925082
3231,3080020,0.005000863
3232,3080032,0.1265254
3233,3080035,0.03249971
3234,3080051,0.11180322
3235,3080060,0.12851432
3236,3080068,0.079182066
3237,3080071,0.12881736
3238,3080078,0.06675874
3239,3080085,0.15222038
3240,3080098,0.013755433
3241,3080125,0.03316209
3242,3080129,0.09271259
3243,3080151,0.22253318
3244,3080157,0.042712126
3245,3080169,0.07572481
3246,3080173,0.10346794
3247,3090003,0.03731832
3248,3090048,0.116459444
3249,3090052,0.030636331
3250,3090063,0.06235508
3251,3090065,0.108266346
3252,3090083,0.103075184
3253,3090090,0.11528598
3254,3090094,0.14027451
3255,3090099,0.0418047
3256,3090102,0.08679919
3257,3090108,0.047797937
3258,3090115,0.05153892
3259,3090135,0.1340177
3260,3100003,0.017897712
3261,3100010,0.12245826
3262,3100012,0.039956644
3263,3100053,0.041860383
3264,3100098,0.077983275
3265,3100111,0.09500854
3266,3100112,0.21142559
3267,3100130,0.080750614
3268,3100156,0.103220634
3269,3100163,0.016526472
3270,3100179,0.08456696
3271,3110006,0.04889695
3272,3110015,0.03301935
3273,3110025,0.047435503
3274,3110032,0.10678511
3275,3110038,0.08698238
3276,3110040,0.13753332
3277,3110081,0.2661937
3278,3110083,0.06550495
3279,3110087,0.09201386
3280,3110100,0.069755346
3281,3110103,0.06899842
3282,3110110,0.11852195
3283,3110130,0.045945626
3284,3110148,0.041179005
3285,3110150,0.044506013
3286,3110152,0.03388386
3287,3110160,0.14576612
3288,3110183,0.15146002
3289,3110186,0.065380424
3290,3120007,0.021077918
3291,3120087,0.07461385
3292,3120096,0.03323954
3293,3120118,0.029725464
3294,3120122,0.004796817
3295,3120142,0.19971098
3296,3130004,0.1234181
3297,3130011,0.0647921
3298,3130020,0.07015451
3299,3130024,0.08516261
3300,3130032,0.039311606
3301,3130052,0.075019665
3302,3130056,0.22190869
3303,3130060,0.04386677
3304,3130063,0.0469997
3305,3130064,0.043305606
3306,3130067,0.041904673
3307,3130068,0.042922717
3308,3130100,0.07344589
3309,3130118,0.05088907
3310,3130144,0.13925174
3311,3140047,0.048333637
3312,3140067,0.0034635058
3313,3140085,0.011368165
3314,3140096,0.014104287
3315,3140100,0.07147103
3316,3140108,0.03621676
3317,3140115,0.046037547
3318,3140123,0.08482998
3319,3140133,0.15059404
3320,3140146,0.063020684
3321,3140163,0.10502408
3322,3150003,0.018977677
3323,3150028,0.026841534
3324,3150056,0.089694254
3325,3150066,0.097519055
3326,3150079,0.026393121
3327,3150088,0.024436807
3328,3150141,0.07914808
3329,3150145,0.027774094
3330,3160038,0.08252504
3331,3160061,0.1290196
3332,3160064,0.20102777
3333,3160095,0.03679359
3334,3160127,0.07486416
3335,3160139,0.09076409
3336,3160142,0.092398465
3337,3160159,0.14689012
3338,3160162,0.08317638
3339,3170005,0.010374176
3340,3170032,0.05968552
3341,3170045,0.021142736
3342,3170061,0.010485341
3343,3170064,0.04724348
3344,3170079,0.094065756
3345,3170084,0.0957493
3346,3170108,0.0035551938
3347,3170112,0.058437236
3348,3170150,0.15991771
3349,3170153,0.05348753
3350,3170162,0.1022696
3351,3170165,0.058786437
3352,3170176,0.15569107
3353,3180016,0.013503967
3354,3180041,0.012339423
3355,3180044,0.04600852
3356,3180047,0.057568826
3357,3180068,0.056632288
3358,3180070,0.072598316
3359,3180075,0.06026777
3360,3180120,0.13279301
3361,3180142,0.090234675
3362,3180150,0.009757021
3363,3180153,0.050612796
3364,3180177,0.015496969
3365,3190013,0.012756317
3366,3190014,0.014780137
3367,3190018,0.12797265
3368,3190019,0.025470095
3369,3190028,0.106841475
3370,3190034,0.12851432
3371,3190052,0.024423964
3372,3190068,0.0762829
3373,3190089,0.23995563
3374,3190099,0.12692077
3375,3190111,0.27945083
3376,3190117,0.053870615
3377,3190133,0.07683506
3378,3190146,0.012332761
3379,3190153,0.07135339
3380,3190161,0.12429285
3381,3190169,0.14986016
3382,3200008,0.12386557
3383,3200020,0.039694786
3384,3200081,0.07990611
3385,3200092,0.032043163
3386,3200102,0.07641682
3387,3200108,0.09497966
3388,3200124,0.10829291
3389,3200145,0.106044084
3390,3200156,0.033538416
3391,3200160,0.046148203
3392,3200177,0.0482371
3393,3200182,0.043052614
3394,3200194,0.052658066
3395,3210012,0.053436823
3396,3210025,0.07435509
3397,3210028,0.040905472
3398,3210033,0.024660736
3399,3210051,0.010677193
3400,3210073,0.033109996
3401,3210105,0.01902705
3402,3210109,0.13468753
3403,3210116,0.087270476
3404,3220030,0.07356966
3405,3220038,0.03016878
3406,3220063,0.0694587
3407,3220081,0.017939359
3408,3220090,0.07022454
3409,3220097,0.10501581
3410,3220107,0.009203394
3411,3220116,0.06583694
3412,3220123,0.10022112
3413,3230028,0.10208304
3414,3230042,0.11496851
3415,3230045,0.047517702
3416,3230094,0.022116965
3417,3230122,0.096722916
3418,3230137,0.18380517
3419,3230161,0.073066205
3420,3230195,0.054008123
3421,3230197,0.15986462
3422,3230198,0.263052
3423,3230212,0.13340642
3424,3230225,0.032059092
3425,3230231,0.047209945
3426,3240005,0.029840628
3427,3240007,0.014191894
3428,3240046,0.035574503
3429,3240057,0.026364023
3430,3240064,0.015790807
3431,3240074,0.03231986
3432,3240114,0.089619264
3433,3240116,0.099602595
3434,3240121,0.1277381
3435,3240138,0.073241055
3436,3240154,0.13805366
3437,3240156,0.070738554
3438,3250003,0.023929363
3439,3250017,0.011008939
3440,3250020,0.05134869
3441,3250040,0.11692004
3442,3250071,0.13722335
3443,3250103,0.047257315
3444,3250123,0.06417849
3445,3250133,0.05154885
3446,3250161,0.023402473
3447,3260007,0.13035464
3448,3260018,0.02300059
3449,3260019,0.0032275121
3450,3260023,0.17654303
3451,3260028,0.034800995
3452,3260054,0.08448235
3453,3260066,0.040210072
3454,3260071,0.06233942
3455,3260092,0.119914114
3456,3260093,0.047853753
3457,3260105,0.079122104
3458,3260113,0.009523053
3459,3260136,0.04623768
3460,3260153,0.10633151
3461,3260158,0.038295686
3462,3260164,0.095686965
3463,3260172,0.09220346
3464,3270009,0.03370793
3465,3270099,0.0033280791
3466,3270122,0.06534738
3467,3270127,0.6165268
3468,3270128,0.04859613
3469,3270142,0.00877913
3470,3270151,0.03368092
3471,3270156,0.017769493
3472,3270161,0.039732937
3473,3270175,0.10586784
3474,3270177,0.02136801
3475,3270185,0.020136094
3476,3280011,0.033862203
3477,3280030,0.2661937
3478,3280064,0.08708968
3479,3280112,0.13029858
3480,3280125,0.13951811
3481,3280126,0.07657464
3482,3280134,0.053022373
3483,3280138,0.09493677
3484,3280146,0.10993666
3485,3280150,0.03752912
3486,3280171,0.02775918
3487,3280196,0.14831264
3488,3290003,0.044039153
3489,3290009,0.15429778
3490,3290016,0.07062041
3491,3290030,0.102313355
3492,3290031,0.106488004
3493,3290044,0.048847742
3494,3290045,0.038630974
3495,3290097,0.06319171
3496,3290100,0.15176503
3497,3290127,0.17497094
3498,3290136,0.079124294
3499,3290147,0.15102647
3500,3290151,0.15181486
3501,3290154,0.068526745
3502,3300034,0.005208953
3503,3300042,0.032103952
3504,3300062,0.014380626
3505,3300092,0.0046978416
3506,3300097,0.030972581
3507,3300108,0.029605761
3508,3300113,0.048819046
3509,3300116,0.07979954
3510,3300131,0.14408796
3511,3300138,0.08207937
3512,3310018,0.080277
3513,3310024,0.053830057
3514,3310027,0.023058243
3515,3310034,0.044258527
3516,3310038,0.017422661
3517,3310056,0.028123556
3518,3310096,0.003949794
3519,3310107,0.10842147
3520,3310137,0.05142702
3521,3310140,0.12486606
3522,3310145,0.08655573
3523,3310151,0.039725587
3524,3320016,0.13177128
3525,3320027,0.13917287
3526,3320059,0.25479633
3527,3320069,0.030183984
3528,3320084,0.32585204
3529,3320093,0.14474426
3530,3320121,0.07625156
3531,3320122,0.099593185
3532,3320155,0.029701704
3533,3320159,0.039970357
3534,3320167,0.045437954
3535,3320171,0.05213488
3536,3320182,0.04722367
3537,3330033,0.04527708
3538,3330051,0.055684194
3539,3330065,0.013763994
3540,3330075,0.06522617
3541,3330095,0.06494613
3542,3330128,0.026919784
3543,3330133,0.025709286
3544,3330145,0.16016991
3545,3340010,0.037249483
3546,3340012,0.045220956
3547,3340049,0.082042664
3548,3340052,0.0847884
3549,3340063,0.12783843
3550,3340098,0.05347673
3551,3340106,0.13030984
3552,3340139,0.15414093
3553,3340159,0.013808475
3554,3340170,0.014106967
3555,3340172,0.09724935
3556,3350022,0.074127704
3557,3350052,0.07067388
3558,3350053,0.022451019
3559,3350060,0.009209057
3560,3350099,0.023968019
3561,3350124,0.067102425
3562,3350139,0.024668956
3563,3350154,0.04762479
3564,3350163,0.11435851
3565,3350168,0.20214784
3566,3350178,0.09485093
3567,3350181,0.062097095
3568,3360015,0.08611304
3569,3360028,0.064651154
3570,3360030,0.13459505
3571,3360056,0.12978552
3572,3360057,0.08433241
3573,3360075,0.070071205
3574,3360076,0.12751251
3575,3360104,0.02706875
3576,3360143,0.07916707
3577,3360165,0.03808773
3578,3360176,0.04569862
3579,3370013,0.3480005
3580,3370044,0.025349077
3581,3370056,0.10009508
3582,3370066,0.08685276
3583,3370069,0.21449445
3584,3370094,0.13002327
3585,3370114,0.04870091
3586,3370144,0.085655935
3587,3370148,0.03817844
3588,3370184,0.1264109
3589,3370196,0.15002996
3590,3370205,0.119021825
3591,3380048,0.07510278
3592,3380062,0.07588902
3593,3380064,0.2207018
3594,3380081,0.10659837
3595,3380094,0.13185471
3596,3380097,0.08036355
3597,3380116,0.10130524
3598,3380134,0.096623935
3599,3390004,0.06915345
3600,3390012,0.04113733
3601,3390063,0.10107975
3602,3390067,0.0059595485
3603,3390116,0.10277998
3604,3390121,0.044994608
3605,3390127,0.08782723
3606,3400036,0.057357986
3607,3400037,0.014372815
3608,3400049,0.070978574
3609,3400064,0.12044462
3610,3400073,0.2661937
3611,3400097,0.04061294
3612,3400111,0.06816214
3613,3400127,0.1189772
3614,3400146,0.069181405
3615,3400165,0.020778298
3616,3400173,0.097769246
3617,3400181,0.047270037
3618,3410009,0.10939779
3619,3410033,0.14984655
3620,3410056,0.1188639
3621,3410061,0.11655585
3622,3410062,0.052498877
3623,3410064,0.1333082
3624,3410065,0.07030215
3625,3410072,0.06389671
3626,3410094,0.14066024
3627,3410098,0.23578936
3628,3410106,0.1290196
3629,3410115,0.013806189
3630,3410224,0.012664228
3631,3410228,0.057766538
3632,3410232,0.06939886
3633,3410234,0.070919275
3634,3410245,0.05871342
3635,3410251,0.028075302
3636,3410255,0.110743076
3637,3410274,0.039563034
3638,3420010,0.1432752
3639,3420018,0.08226316
3640,3420029,0.024684627
3641,3420038,0.082123645
3642,3420070,0.04228823
3643,3420072,0.23770483
3644,3420075,0.06319171
3645,3420080,0.15788579
3646,3420096,0.12574364
3647,3420103,0.052371897
3648,3420120,0.10457268
3649,3420127,0.051515825
3650,3420159,0.12863626
3651,3430015,0.023247397
3652,3430029,0.07924617
3653,3430038,0.025434513
3654,3430043,0.055245433
3655,3430060,0.10677374
3656,3430092,0.013253599
3657,3430093,0.010566371
3658,3430109,0.2912823
3659,3430129,0.07916707
3660,3430131,0.014126723
3661,3430154,0.040083855
3662,3440011,0.029936405
3663,3440031,0.014265141
3664,3440037,0.038763974
3665,3440068,0.059988324
3666,3440075,0.052701462
3667,3440084,0.4231493
3668,3440132,0.0714786
3669,3440149,0.030852085
3670,3440183,0.021896789
3671,3440187,0.15424256
3672,3440208,0.015501835
3673,3440212,0.015785776
3674,3440215,0.05118252
3675,3440243,0.12140816
3676,3450005,0.07338583
3677,3450023,0.057282206
3678,3450025,0.08226316
3679,3450034,0.004778362
3680,3450044,0.13263248
3681,3450082,0.07250958
3682,3450090,0.030228347
3683,3450107,0.070004135
3684,3450118,0.08368993
3685,3450121,0.03093916
3686,3450123,0.047879938
3687,3470004,0.11121166
3688,3470009,0.025600815
3689,3470017,0.005226788
3690,3470021,0.098487884
3691,3470023,0.08748289
3692,3470027,0.012314217
3693,3470035,0.038200054
3694,3470048,0.28683475
3695,3470104,0.06398729
3696,3470120,0.048184317
3697,3470124,0.063544445
0,20004,0.07011876
1,20013,0.0815593
2,20053,0.13789332
3,20073,0.069992945
4,20074,0.05397323
5,20076,0.103881404
6,20083,0.12264047
7,20089,0.15907554
8,30006,0.06521335
9,30007,0.105475076
10,30014,0.09088578
11,30030,0.013142276
12,30036,0.044850897
13,30038,0.045264304
14,30069,0.11620006
15,30073,0.0831678
16,30076,0.105367936
17,30088,0.030997442
18,30091,0.1035699
19,30094,0.031331535
20,30097,0.1309588
21,30103,0.044295855
22,30107,0.045945637
23,30109,0.04138905
24,30115,0.085966446
25,40015,0.04484144
26,40022,0.070125975
27,40025,0.08766975
28,40026,0.1423652
29,40031,0.0797586
30,40043,0.055807598
31,40045,0.12658288
32,40046,0.08290825
33,40062,0.04749839
34,40072,0.13849206
35,40098,0.10574225
36,40104,0.045922317
37,40112,0.038619705
38,40114,0.047318924
39,50006,0.036717933
40,50074,0.04864504
41,50078,0.071027845
42,50082,0.078928486
43,50086,0.15535781
44,50089,0.035425026
45,50096,0.17176989
46,50101,0.2302612
47,50120,0.030303415
48,50123,0.10577606
49,60010,0.14694197
50,60018,0.042667482
51,60066,0.09132495
52,60072,0.13475929
53,60075,0.12807636
54,60076,0.22281063
55,60090,0.06347638
56,60092,0.027105745
57,80020,0.03575383
58,80027,0.12318357
59,80041,0.074644856
60,80043,0.114711724
61,80048,0.13667451
62,80085,0.045508675
63,80086,0.105847925
64,80120,0.013800776
65,80121,0.07178163
66,80122,0.03458292
67,90004,0.037886795
68,90008,0.04904204
69,90033,0.09822266
70,90034,0.094893746
71,90042,0.11993758
72,90053,0.21354026
73,90073,0.12543839
74,90085,0.004688571
75,90087,0.10067304
76,90093,0.07435604
77,90102,0.03462716
78,90135,0.054525886
79,100014,0.07473765
80,100030,0.087079346
81,100049,0.13531165
82,100062,0.051547218
83,100065,0.06620796
84,100071,0.034243464
85,100072,0.29522765
86,100081,0.029301634
87,100082,0.1367516
88,100099,0.077940136
89,100107,0.07694195
90,110008,0.25297028
91,110018,0.014752215
92,110026,0.030901011
93,110027,0.06744369
94,110029,0.2163504
95,110061,0.09628276
96,110077,0.056534156
97,110095,0.0999495
98,110111,0.07057916
99,110118,0.025889285
100,110123,0.19208612
101,120004,0.027080135
102,120006,0.052040294
103,120033,0.105110236
104,120037,0.093741626
105,120060,0.083601795
106,120070,0.0116466805
107,120078,0.11206701
108,120087,0.099584915
109,120089,0.06098952
110,120093,0.012043036
111,120094,0.15298349
112,120097,0.14097156
113,120101,0.09733797
114,120106,0.21479735
115,120110,0.13092501
116,120112,0.030430553
117,120118,0.038918227
118,120122,0.13380638
119,120124,0.1450948
120,130022,0.010653762
121,130028,0.06514089
122,130036,0.141127
123,130039,0.04515044
124,130044,0.04095988
125,130047,0.025739068
126,130062,0.07406385
127,130079,0.13631096
128,130108,0.08089424
129,130119,0.040860325
130,130120,0.047915865
131,140004,0.025475498
132,140006,0.12773663
133,140034,0.026741976
134,140100,0.10742253
135,140102,0.03662716
136,140112,0.1235369
137,150010,0.04319767
138,150025,0.096434906
139,150047,0.09700705
140,150058,0.013413998
141,150064,0.15924907
142,150076,0.011592471
143,150082,0.07613273
144,150109,0.038996007
145,160009,0.054401588
146,160010,0.030316113
147,160011,0.11043468
148,160017,0.031383734
149,160018,0.0559589
150,160031,0.042121746
151,160047,0.112033814
152,160048,0.1371981
153,160049,0.11938341
154,160072,0.10091051
155,160085,0.030853698
156,160090,0.034892477
157,160091,0.08981592
158,160096,0.05986965
159,160102,0.1369893
160,160103,0.06807401
161,170004,0.11718381
162,170014,0.0676833
163,170039,0.110167414
164,170045,0.116532065
165,170067,0.04969865
166,170072,0.07815685
167,170085,0.06521335
168,170137,0.113065585
169,180003,0.040938962
170,180008,0.074051216
171,180013,0.11236281
172,180027,0.05562151
173,180046,0.01645603
174,180050,0.04729489
175,180056,0.055076342
176,180062,0.053002715
177,180100,0.11714473
178,190013,0.05478006
179,190024,0.024874654
180,190049,0.057229582
181,190054,0.03924925
182,190063,0.100551456
183,190071,0.16372725
184,190079,0.01645603
185,190080,0.09991414
186,190097,0.11679143
187,190111,0.04727515
188,190113,0.041514713
189,190119,0.05258671
190,190123,0.12275021
191,200015,0.19275908
192,200041,0.14865886
193,200052,0.12565303
194,200055,0.07618034
195,200065,0.077123314
196,200073,0.2417653
197,200082,0.045240805
198,200088,0.050168663
199,200092,0.014465095
200,200099,0.030477654
201,200112,0.13140008
202,200114,0.053897064
203,200121,0.059895944
204,200127,0.11159563
205,210003,0.0335328
206,210022,0.109275
207,210023,0.11472433
208,210038,0.038617983
209,210050,0.021746349
210,210055,0.14727713
211,210077,0.014611241
212,210089,0.030824276
213,210091,0.060021054
214,210094,0.029987128
215,210099,0.16209644
216,210103,0.014628608
217,220013,0.08373131
218,220017,0.18841943
219,220022,0.032750066
220,220026,0.049916536
221,220027,0.045329764
222,220028,0.10466685
223,220040,0.031806126
224,220065,0.06313821
225,220073,0.06633156
226,220086,0.111242756
227,220094,0.10173158
228,220111,0.14666323
229,220120,0.039241057
230,220122,0.1966758
231,220124,0.16513884
232,220126,0.031808037
233,230008,0.034938578
234,230011,0.12447672
235,230025,0.13386776
236,230034,0.038277335
237,230037,0.08208257
238,230101,0.08183415
239,240015,0.08933547
240,240038,0.013540407
241,240044,0.043477446
242,240052,0.012639121
243,240074,0.0033743521
244,240084,0.07854886
245,240104,0.1001249
246,240114,0.28100693
247,240137,0.13614465
248,240143,0.1230511
249,250003,0.032752037
250,250027,0.08579889
251,250030,0.13538788
252,250041,0.16150881
253,250069,0.21844573
254,250072,0.21746369
255,250093,0.14537041
256,260020,0.042895705
257,260034,0.13162386
258,260050,0.12396269
259,260059,0.022059653
260,260063,0.04239558
261,260071,0.015402285
262,260073,0.03870693
263,260089,0.08833185
264,260095,0.15432063
265,260100,0.015701173
266,260134,0.094102785
267,260135,0.04230018
268,270019,0.030856233
269,270022,0.04484144
270,270024,0.058579624
271,270027,0.032303557
272,270028,0.12541442
273,270038,0.048146997
274,270049,0.021756684
275,270060,0.036984447
276,270075,0.101152234
277,270082,0.090120286
278,270083,0.10078373
279,270087,0.07096374
280,270088,0.07060669
281,270107,0.14829177
282,270109,0.056843955
283,270112,0.13105026
284,280006,0.026664497
285,280021,0.028552847
286,280027,0.1370034
287,280043,0.045742292
288,280077,0.012126091
289,280080,0.046135772
290,280082,0.11265226
291,280084,0.041014105
292,280110,0.006316693
293,280119,0.09440192
294,290035,0.11965082
295,290042,0.017372547
296,290050,0.13589883
297,290064,0.040163603
298,290067,0.07836398
299,290093,0.12166349
300,290096,0.08699029
301,290112,0.033843484
302,290121,0.03342912
303,290123,0.01674727
304,290151,0.05422747
305,290165,0.08644733
306,290180,0.03930164
307,300011,0.09374051
308,300016,0.13156857
309,300032,0.08354126
310,300037,0.048126385
311,300057,0.035417937
312,300065,0.138765
313,300071,0.030937556
314,300105,0.09523874
315,300122,0.049841408
316,300149,0.05912181
317,300173,0.058813803
318,300175,0.036154628
319,310004,0.117032856
320,310018,0.08870237
321,310019,0.112049446
322,310046,0.034740582
323,310047,0.0038123494
324,310058,0.12887037
325,310068,0.012281041
326,310081,0.037048053
327,310099,0.014311783
328,310123,0.032479685
329,310140,0.04083123
330,320005,0.029353239
331,320010,0.1517139
332,320015,0.03264274
333,320026,0.054127153
334,320031,0.12522584
335,320052,0.073083036
336,320055,0.08543841
337,320074,0.05829872
338,320093,0.098522656
339,320106,0.0449021
340,330006,0.075822055
341,330021,0.0850055
342,330034,0.0807888
343,330073,0.093405895
344,330084,0.054891463
345,330091,0.04275212
346,330095,0.0120070735
347,330131,0.07315263
348,330137,0.088217504
349,330158,0.07123651
350,330161,0.06579925
351,340011,0.09566584
352,340026,0.2663638
353,340045,0.14304091
354,340074,0.1252974
355,340082,0.03135074
356,340085,0.009276218
357,340086,0.0152696585
358,340101,0.049632158
359,340112,0.12334495
360,340131,0.012874142
361,340147,0.046099123
362,350032,0.02220582
363,350077,0.06785276
364,350117,0.03953839
365,350126,0.08992903
366,350127,0.09001342
367,360005,0.050667334
368,360007,0.12021874
369,360016,0.061282605
370,360018,0.015987258
371,360022,0.13631096
372,360028,0.05992071
373,360031,0.036830965
374,360038,0.057368822
375,360050,0.13792574
376,360055,0.135854
377,360058,0.058040615
378,360088,0.1252974
379,360093,0.11112041
380,360111,0.07004896
381,360128,0.099493004
382,360152,0.019054446
383,360156,0.015665324
384,360157,0.034578037
385,360182,0.1450514
386,360194,0.14000729
387,370018,0.14727713
388,370019,0.07065846
389,370028,0.04739905
390,370041,0.20106108
391,370052,0.08014536
392,370055,0.01284224
393,370056,0.009643189
394,370065,0.04366496
395,370073,0.07602137
396,370074,0.08168639
397,370081,0.0774166
398,370089,0.087432645
399,370138,0.18876551
400,370139,0.12150598
401,370153,0.11680422
402,370157,0.08220044
403,370183,0.0944214
404,380021,0.10329511
405,380026,0.05092654
406,380039,0.04415882
407,380044,0.070908956
408,380061,0.10258378
409,380064,0.19953132
410,380080,0.06546503
411,380093,0.051728345
412,380095,0.074051216
413,380099,0.042845294
414,380108,0.17506097
415,380123,0.05273192
416,380126,0.02229058
417,380135,0.0075012357
418,380139,0.08916489
419,380148,0.0321803
420,380152,0.026098365
421,380161,0.060969166
422,390019,0.032125752
423,390041,0.054347742
424,390047,0.07600906
425,390069,0.09466744
426,390093,0.12209675
427,390118,0.10362888
428,390135,0.043333378
429,400019,0.030937308
430,400026,0.042507548
431,400042,0.027913323
432,400073,0.09849106
433,400077,0.058566295
434,400089,0.06753702
435,400090,0.041136157
436,400097,0.03373274
437,400124,0.12298136
438,400133,0.03527517
439,400153,0.04364509
440,410017,0.012414036
441,410021,0.033362664
442,410022,0.05648133
443,410048,0.11891211
444,410054,0.03258958
445,410055,0.39865687
446,410075,0.22948983
447,410076,0.35096312
448,410084,0.078275174
449,410086,0.012292575
450,410095,0.06443665
451,410102,0.06983046
452,410111,0.09662154
453,410114,0.13918583
454,410129,0.15908094
455,420010,0.041903254
456,420021,0.09749069
457,420033,0.008149196
458,420038,0.033151057
459,420040,0.047199756
460,420066,0.012178078
461,420085,0.02174519
462,420090,0.049834
463,420093,0.09890331
464,420094,0.0116485795
465,420104,0.008181206
466,420109,0.014028747
467,420111,0.052950725
468,420118,0.071747445
469,420137,0.04732629
470,420167,0.065610096
471,430007,0.008569185
472,430010,0.0101729985
473,430023,0.13001645
474,430025,0.034774434
475,430040,0.02913046
476,430053,0.023358442
477,430054,0.108700186
478,430065,0.06757334
479,430074,0.11860018
480,430083,0.12447672
481,430098,0.10437734
482,430110,0.0056090737
483,430122,0.1088387
484,430142,0.02812731
485,430156,0.08241074
486,440007,0.093554676
487,440010,0.040921807
488,440022,0.18324313
489,440033,0.120404795
490,440073,0.10366674
491,440083,0.02009156
492,440094,0.10217627
493,440109,0.03709173
494,440117,0.012358313
495,440126,0.11203539
496,440136,0.11680422
497,440155,0.04390725
498,440169,0.09623221
499,440176,0.073249586
500,450023,0.089661956
501,450060,0.123247795
502,450067,0.035963412
503,450087,0.044127263
504,450110,0.048102677
505,450126,0.1287319
506,450148,0.057506546
507,450150,0.027132535
508,450178,0.08507029
509,450190,0.16442825
510,460072,0.15054433
511,460084,0.113332294
512,460107,0.2066895
513,460114,0.11132199
514,460124,0.23371536
515,460129,0.08668578
516,460137,0.13490371
517,460140,0.18948261
518,460147,0.0870477
519,460157,0.121205285
520,460166,0.12933993
521,460173,0.117239706
522,470006,0.09925993
523,470024,0.0301243
524,470073,0.13066588
525,470080,0.086624734
526,470089,0.035471026
527,470139,0.02537252
528,470160,0.1194645
529,470175,0.047806952
530,470180,0.14279556
531,470218,0.003449143
532,470224,0.031005988
533,480021,0.052715033
534,480023,0.048244182
535,480024,0.009286864
536,480031,0.07502124
537,480034,0.05454868
538,480046,0.120128974
539,480072,0.031547584
540,480074,0.13377504
541,480113,0.06741726
542,480126,0.11837032
543,480140,0.1805987
544,480155,0.065760985
545,490004,0.0063822824
546,490032,0.10790076
547,490047,0.00844764
548,490048,0.0244335
549,490067,0.110136636
550,490080,0.0093210675
551,490083,0.013074383
552,490090,0.09963885
553,490102,0.03429041
554,490112,0.05268214
555,490130,0.22190025
556,490133,0.022316722
557,490167,0.11403564
558,500012,0.09077507
559,500019,0.02861312
560,500028,0.2927359
561,500044,0.01253395
562,500097,0.031974196
563,500109,0.08811499
564,500153,0.021167303
565,510018,0.1117125
566,510049,0.11844449
567,510057,0.13857876
568,510060,0.010380641
569,510075,0.027952947
570,510078,0.14170073
571,510099,0.11622607
572,510108,0.13475929
573,510134,0.048955195
574,510145,0.07793514
575,510155,0.023951894
576,510159,0.071237326
577,520011,0.034546517
578,520042,0.12398053
579,520128,0.12170581
580,520130,0.06924636
581,520167,0.118844666
582,520173,0.2712318
583,520189,0.07749667
584,520200,0.095904715
585,530005,0.108346745
586,530063,0.1159226
587,530084,0.14643563
588,530090,0.0645569
589,530125,0.07695334
590,530135,0.043370437
591,530148,0.13752484
592,530159,0.14465128
593,540014,0.04769322
594,540023,0.07656022
595,540025,0.092581645
596,540031,0.0865559
597,540079,0.14727713
598,540104,0.08949013
599,540116,0.15193634
600,540119,0.12263783
601,540146,0.090128414
602,540153,0.030103024
603,540157,0.14274992
604,540163,0.14869985
605,550015,0.10663496
606,550029,0.09702578
607,550033,0.11022041
608,550040,0.13522847
609,550062,0.104488745
610,550088,0.13554996
611,550091,0.049397115
612,550092,0.038220294
613,550101,0.04582588
614,550115,0.043779265
615,550123,0.033750374
616,550124,0.21187368
617,550154,0.07370483
618,550162,0.11005759
619,560007,0.08421243
620,560050,0.044569314
621,560060,0.036495686
622,560069,0.010203206
623,560079,0.041810542
624,560092,0.050627347
625,560123,0.10878
626,560144,0.08044756
627,560152,0.12073708
628,560167,0.15416443
629,570022,0.086630166
630,570067,0.085724376
631,570076,0.10948604
632,570085,0.024165954
633,570104,0.09720491
634,580007,0.09392694
635,580019,0.08323225
636,580042,0.12652367
637,580047,0.099862725
638,580074,0.09381021
639,580081,0.122958705
640,580117,0.0334583
641,580132,0.042100888
642,580141,0.005107217
643,580172,0.09357941
644,580185,0.08383072
645,580186,0.15391801
646,590011,0.22862163
647,590058,0.01099169
648,590088,0.043482363
649,590109,0.077878155
650,590118,0.11634569
651,600018,0.048782106
652,600032,0.09250685
653,600056,0.098461956
654,600060,0.09178892
655,600064,0.046890914
656,600077,0.18293728
657,600078,0.32111034
658,600101,0.19845495
659,600102,0.313843
660,600119,0.22303237
661,600154,0.084176704
662,600171,0.31413183
663,610002,0.44365695
664,610026,0.04908552
665,610030,0.10480754
666,610069,0.060856357
667,610073,0.041668657
668,610082,0.009246479
669,610090,0.091264226
670,610131,0.14539997
671,610166,0.08437524
672,620014,0.10048264
673,620038,0.078501634
674,620045,0.01852397
675,620087,0.03708181
676,620123,0.04266203
677,630011,0.013449851
678,630042,0.101489715
679,630056,0.041893598
680,630177,0.13104875
681,630185,0.1293493
682,630190,0.061822888
683,630200,0.025869727
684,630202,0.01444059
685,630206,0.032933164
686,630214,0.14278261
687,640043,0.10110806
688,640084,0.104803026
689,640094,0.09700705
690,640128,0.0940208
691,640140,0.059320446
692,640154,0.17890848
693,640190,0.20586173
694,650008,0.026049621
695,650018,0.062565394
696,650031,0.033151057
697,650036,0.056150626
698,650075,0.03491892
699,650080,0.10592173
700,650119,0.050178193
701,650132,0.03416415
702,650134,0.04365837
703,650148,0.06757621
704,660029,0.026858939
705,660035,0.04854495
706,660090,0.042483483
707,660100,0.0042740973
708,660126,0.0469699
709,660131,0.030901011
710,660140,0.026005173
711,660141,0.03616061
712,660150,0.00984582
713,670033,0.11460418
714,670084,0.029160434
715,670102,0.034430105
716,670126,0.014168569
717,670131,0.036267083
718,670132,0.027636826
719,670138,0.12522884
720,670145,0.05631851
721,670163,0.054097537
722,670191,0.0065223263
723,670195,0.010117184
724,670196,0.01163884
725,670201,0.044898577
726,670204,0.023840994
727,670220,0.042387325
728,680027,0.12651154
729,680048,0.044149254
730,680050,0.09559816
731,680063,0.074218474
732,680067,0.030827269
733,680070,0.117216066
734,680072,0.27424452
735,680086,0.044895183
736,680119,0.069151826
737,680148,0.117877
738,680152,0.11480949
739,680179,0.09647892
740,690011,0.04045655
741,690032,0.046504915
742,690063,0.114584446
743,690068,0.14716591
744,690074,0.14638886
745,690084,0.15391164
746,690088,0.11632625
747,690111,0.115259975
748,690114,0.08826112
749,690118,0.012874142
750,690140,0.06796627
751,690141,0.1331237
752,700005,0.05213693
753,700014,0.14377917
754,700053,0.036139693
755,700068,0.009643189
756,700069,0.026070733
757,700094,0.07909519
758,700100,0.029317768
759,700113,0.03155249
760,700126,0.034865905
761,700130,0.01559275
762,710009,0.12633975
763,710015,0.0036577135
764,710018,0.039923787
765,710026,0.059524138
766,710046,0.014183669
767,710053,0.01734494
768,710080,0.041461352
769,710085,0.13499463
770,710100,0.0992804
771,710111,0.1456179
772,720012,0.02313363
773,720041,0.014814011
774,720046,0.01904882
775,720059,0.04690722
776,720063,0.11716248
777,720098,0.103290714
778,720129,0.028840967
779,720178,0.011364232
780,720195,0.053990986
781,720210,0.08131525
782,720217,0.038417436
783,720241,0.29921716
784,730005,0.033068288
785,730016,0.11383849
786,730019,0.07808707
787,730025,0.03578962
788,730032,0.0299941
789,730053,0.049684025
790,730082,0.040949345
791,730085,0.055917516
792,730086,0.045572035
793,730097,0.099250995
794,730101,0.070520595
795,730102,0.038508717
796,730105,0.046432033
797,730108,0.026265401
798,730111,0.04881597
799,730133,0.09302517
800,730146,0.23072192
801,730160,0.025458392
802,830014,0.05719602
803,830064,0.091477014
804,830073,0.122958705
805,830075,0.11566741
806,830086,0.038617108
807,830101,0.051616896
808,830103,0.09776898
809,830114,0.059654072
810,830133,0.1249944
811,830151,0.035371248
812,830154,0.028339703
813,830173,0.10577606
814,830182,0.069733985
815,840085,0.038755074
816,840113,0.12947758
817,840128,0.08492426
818,840139,0.04682978
819,840151,0.051702492
820,840171,0.12073708
821,850020,0.010225551
822,850026,0.13080041
823,850030,0.012851577
824,850039,0.022618333
825,850061,0.032275476
826,850071,0.034229316
827,850080,0.13464627
828,850095,0.008412624
829,850104,0.01115579
830,850111,0.05592115
831,850136,0.09527973
832,850145,0.07993755
833,850152,0.011307686
834,850159,0.096637465
835,850162,0.041123196
836,850167,0.031119093
837,850177,0.044759307
838,850217,0.17390715
839,850225,0.10813089
840,850228,0.18841745
841,850231,0.077147774
842,850233,0.46574858
843,860006,0.018235164
844,860046,0.04641689
845,860051,0.015172482
846,860105,0.00550614
847,860119,0.03580411
848,860154,0.03179829
849,860160,0.008484822
850,860162,0.05591317
851,860163,0.042135805
852,860178,0.23266523
853,870007,0.063814424
854,870016,0.061036546
855,870022,0.007193352
856,870047,0.01846471
857,870052,0.046550598
858,870062,0.10543634
859,870078,0.05547705
860,870086,0.016663618
861,870089,0.040921807
862,870096,0.34540373
863,870165,0.15718798
864,870208,0.0077085006
865,870213,0.023659503
866,870220,0.08614019
867,870240,0.06605684
868,870245,0.008412624
869,870279,0.07336862
870,870302,0.034137998
871,870310,0.143272
872,880026,0.073454425
873,880075,0.032101855
874,880102,0.11085054
875,880103,0.012611909
876,880108,0.10699239
877,880114,0.042836208
878,880124,0.094758004
879,880126,0.09090828
880,880150,0.06497484
881,890015,0.04675039
882,890028,0.043618966
883,890043,0.036703236
884,890045,0.041461352
885,890049,0.06945522
886,890050,0.056856
887,890064,0.09917369
888,890083,0.034483504
889,890125,0.10206526
890,890126,0.012403974
891,890176,0.22560224
892,890183,0.09304564
893,900060,0.038468476
894,900095,0.33333674
895,900096,0.052335512
896,900098,0.051107217
897,900102,0.005016238
898,900112,0.1204314
899,900148,0.06571385
900,900149,0.044655293
901,900170,0.12448967
902,920005,0.026941946
903,920008,0.093484186
904,920031,0.01297739
905,920058,0.03430336
906,920088,0.0071131834
907,920089,0.093484186
908,920107,0.13219674
909,920114,0.09229548
910,920138,0.028939167
911,920153,0.03715302
912,920171,0.023045776
913,920179,0.12139418
914,940008,0.042483483
915,940024,0.14662278
916,940032,0.007365721
917,940057,0.03650873
918,940058,0.07182788
919,940090,0.05161858
920,940108,0.03394815
921,940112,0.031896353
922,940123,0.059929408
923,940124,0.030369768
924,940130,0.19720107
925,940137,0.030841678
926,940147,0.03666933
927,940152,0.041481134
928,940161,0.09631207
929,950008,0.006205296
930,950048,0.06476446
931,950050,0.24302569
932,950064,0.10184932
933,950082,0.051872652
934,950104,0.07663222
935,950131,0.03882163
936,960014,0.065692276
937,960020,0.04582588
938,960050,0.02654089
939,960060,0.057069164
940,960084,0.036267083
941,960106,0.0082696965
942,960122,0.012201585
943,960129,0.109218895
944,970014,0.08014426
945,970024,0.0053947386
946,970031,0.07998543
947,970039,0.05374441
948,970042,0.021113697
949,970094,0.057951465
950,970114,0.12618625
951,970116,0.07416545
952,970174,0.15375242
953,970176,0.061090406
954,970186,0.029670214
955,970215,0.031895697
956,970220,0.07203594
957,980003,0.032551244
958,980010,0.02949175
959,980020,0.03061327
960,980041,0.015903741
961,980044,0.016592221
962,980062,0.036717933
963,980066,0.04043875
964,980069,0.18690811
965,980108,0.10376298
966,980120,0.047102
967,980134,0.053245135
968,980147,0.13228272
969,980160,0.012206563
970,980171,0.0981066
971,990014,0.12287627
972,990045,0.010056104
973,990055,0.39488328
974,990097,0.074463315
975,990107,0.014396943
976,990121,0.090646245
977,990124,0.07195706
978,990134,0.05252992
979,990140,0.12742734
980,990146,0.056581758
981,990185,0.092229545
982,990197,0.12813117
983,1000048,0.0677364
984,1000050,0.030889781
985,1000061,0.0039541186
986,1000077,0.12469506
987,1000084,0.12248243
988,1000090,0.041461352
989,1000131,0.0937063
990,1000138,0.114754334
991,1000143,0.11459981
992,1000155,0.032042652
993,1000157,0.11819715
994,1000170,0.14990678
995,1010021,0.04411181
996,1010025,0.022622416
997,1010030,0.035128042
998,1010064,0.075822055
999,1010070,0.11288348
1000,1010074,0.036267083
1001,1010078,0.0093210675
1002,1010127,0.063521825
1003,1010149,0.032351863
1004,1010164,0.032878984
1005,1010179,0.073419586
1006,1010180,0.09125966
1007,1020021,0.012296541
1008,1020032,0.04215616
1009,1020041,0.05232693
1010,1020043,0.2222951
1011,1020070,0.0900166
1012,1020118,0.032396257
1013,1020119,0.03464228
1014,1020156,0.09866033
1015,1030055,0.037920296
1016,1030061,0.051431224
1017,1030069,0.030477654
1018,1030087,0.058656357
1019,1030091,0.07165501
1020,1030105,0.013014848
1021,1030130,0.009457887
1022,1030166,0.21171097
1023,1030181,0.049295068
1024,1040031,0.06007727
1025,1040038,0.0813349
1026,1040053,0.11545994
1027,1040059,0.10871349
1028,1040066,0.042469583
1029,1040070,0.027712883
1030,1040100,0.11525217
1031,1040113,0.15143122
1032,1040129,0.119990855
1033,1040147,0.028317366
1034,1040169,0.100623496
1035,1040182,0.1215741
1036,1040186,0.03247395
1037,1040188,0.056814045
1038,1040218,0.13772705
1039,1050015,0.033241823
1040,1050032,0.03487084
1041,1050079,0.015006858
1042,1050081,0.08331694
1043,1050099,0.09652215
1044,1050102,0.117332235
1045,1050104,0.046500646
1046,1050128,0.12910666
1047,1050129,0.06440416
1048,1050148,0.05874545
1049,1050189,0.1835683
1050,1060032,0.24734154
1051,1060043,0.07492277
1052,1060050,0.030795313
1053,1060058,0.044370875
1054,1060066,0.088681325
1055,1060089,0.035315923
1056,1060125,0.13355611
1057,1060133,0.077650025
1058,1060134,0.072273865
1059,1060146,0.1143492
1060,1060156,0.031398714
1061,1060166,0.012787443
1062,1060189,0.020924406
1063,1060193,0.11632625
1064,1060203,0.07684004
1065,1070009,0.12166355
1066,1070024,0.07782907
1067,1070027,0.028133985
1068,1070057,0.050956316
1069,1070075,0.02243109
1070,1070100,0.023674773
1071,1070103,0.010441366
1072,1070108,0.095790416
1073,1070142,0.09862644
1074,1080037,0.26031983
1075,1080060,0.031909917
1076,1080078,0.2123266
1077,1080080,0.026891679
1078,1080081,0.1517139
1079,1080087,0.12219253
1080,1080094,0.12447672
1081,1080109,0.029180905
1082,1080143,0.09934994
1083,1080147,0.17745262
1084,1090012,0.03063815
1085,1090017,0.09849106
1086,1090021,0.14067256
1087,1090076,0.12816697
1088,1090095,0.03948302
1089,1090103,0.027161015
1090,1090141,0.052860342
1091,1090162,0.05363907
1092,1090164,0.08201238
1093,1100004,0.06354347
1094,1100008,0.0036068677
1095,1100027,0.11965082
1096,1100052,0.041668657
1097,1100087,0.03445799
1098,1100098,0.037734922
1099,1100106,0.0045979996
1100,1100110,0.13327992
1101,1100138,0.0451563
1102,1100139,0.105835855
1103,1100144,0.043173406
1104,1100159,0.06766948
1105,1100182,0.11590813
1106,1110006,0.063099414
1107,1110011,0.40803757
1108,1110019,0.051136512
1109,1110027,0.027266465
1110,1110037,0.053002715
1111,1110042,0.0971086
1112,1110044,0.053676285
1113,1110047,0.09700705
1114,1110048,0.1463161
1115,1110050,0.14170073
1116,1110063,0.07288029
1117,1110084,0.07096941
1118,1110093,0.018819522
1119,1110095,0.03577507
1120,1110100,0.004371598
1121,1110104,0.12469506
1122,1110118,0.12002573
1123,1110130,0.1187648
1124,1110139,0.092229545
1125,1110149,0.0489795
1126,1110168,0.12933993
1127,1110177,0.08488052
1128,1110194,0.06670548
1129,1120077,0.031147763
1130,1120086,0.09623221
1131,1120094,0.0830227
1132,1120137,0.064711995
1133,1120145,0.06824667
1134,1120150,0.071237326
1135,1120168,0.054401565
1136,1120170,0.05260311
1137,1120183,0.09779293
1138,1130024,0.11059281
1139,1130043,0.10737136
1140,1130069,0.034399666
1141,1130071,0.12215122
1142,1130084,0.10202218
1143,1130086,0.09373176
1144,1130099,0.043155856
1145,1130102,0.053624164
1146,1130138,0.110674985
1147,1130144,0.076996274
1148,1130157,0.010322043
1149,1140012,0.0217781
1150,1140061,0.052984703
1151,1140063,0.14807779
1152,1140079,0.21673158
1153,1140097,0.0403333
1154,1140101,0.095592394
1155,1140108,0.071177974
1156,1140120,0.09318282
1157,1140126,0.11569891
1158,1140138,0.37821782
1159,1140156,0.022453865
1160,1140187,0.09384996
1161,1140192,0.26313785
1162,1150010,0.033566467
1163,1150013,0.10096566
1164,1150023,0.034774434
1165,1150040,0.15216532
1166,1150108,0.046253044
1167,1150131,0.11499662
1168,1150144,0.07820448
1169,1150149,0.09989343
1170,1160017,0.11965082
1171,1160020,0.12182463
1172,1160022,0.11151295
1173,1160031,0.05718733
1174,1160050,0.089667015
1175,1160053,0.050182793
1176,1160066,0.26363358
1177,1160100,0.5537866
1178,1160108,0.18209818
1179,1160124,0.26490423
1180,1160137,0.010644865
1181,1160152,0.091275536
1182,1160168,0.02766837
1183,1160186,0.11424836
1184,1160204,0.037229437
1185,1170008,0.043464992
1186,1170049,0.048372418
1187,1170069,0.04502323
1188,1170099,0.030644773
1189,1170100,0.041810542
1190,1170127,0.038165152
1191,1170132,0.06881284
1192,1170134,0.052124195
1193,1170139,0.23363876
1194,1170155,0.08683537
1195,1180047,0.109433465
1196,1180061,0.07999338
1197,1180063,0.04173598
1198,1180069,0.097222626
1199,1180081,0.1367516
1200,1180105,0.10449105
1201,1180109,0.01639604
1202,1180129,0.12832297
1203,1180143,0.02956069
1204,1180152,0.13190398
1205,1180158,0.035628352
1206,1180175,0.011577772
1207,1180186,0.102198444
1208,1180192,0.037349004
1209,1180201,0.13745987
1210,1190011,0.11142272
1211,1190028,0.120327614
1212,1190033,0.13402313
1213,1190048,0.19201747
1214,1190066,0.10592173
1215,1190093,0.101321585
1216,1190104,0.036812402
1217,1190111,0.057346705
1218,1190127,0.044786796
1219,1200007,0.08450651
1220,1200010,0.16626696
1221,1200011,0.092745945
1222,1200039,0.042380493
1223,1200043,0.06209805
1224,1200053,0.056951668
1225,1200071,0.03772071
1226,1200093,0.16590987
1227,1200108,0.29061297
1228,1200109,0.06899116
1229,1200122,0.048308812
1230,1200128,0.11329343
1231,1200137,0.19738157
1232,1210044,0.11875871
1233,1210079,0.059501573
1234,1210080,0.09405129
1235,1210104,0.07328013
1236,1210105,0.15034446
1237,1210111,0.013624039
1238,1210142,0.14062765
1239,1210150,0.049346853
1240,1210156,0.13903236
1241,1220020,0.055167414
1242,1220032,0.1355158
1243,1220051,0.028658545
1244,1220061,0.04631708
1245,1220062,0.028239524
1246,1220065,0.09029253
1247,1220127,0.12704673
1248,1220128,0.044687312
1249,1220136,0.07201565
1250,1220140,0.025322665
1251,1220141,0.13752484
1252,1230006,0.027217548
1253,1230007,0.120354384
1254,1230014,0.17047633
1255,1230026,0.035303935
1256,1230032,0.04333833
1257,1230056,0.1267082
1258,1230062,0.024449553
1259,1230072,0.04964862
1260,1230089,0.10119082
1261,1230099,0.08044756
1262,1230102,0.03704181
1263,1230106,0.030031638
1264,1230108,0.024653226
1265,1230119,0.059435215
1266,1230120,0.24220309
1267,1230129,0.05252992
1268,1230130,0.10963051
1269,1230139,0.045176722
1270,1230141,0.033986013
1271,1240012,0.038775172
1272,1240036,0.08529099
1273,1240038,0.054092452
1274,1240041,0.049928386
1275,1240060,0.06469157
1276,1240061,0.09366497
1277,1240072,0.024639081
1278,1240095,0.02934873
1279,1240096,0.19487071
1280,1240113,0.07450003
1281,1240128,0.05755878
1282,1240131,0.037333623
1283,1240158,0.035405226
1284,1240161,0.056408256
1285,1250028,0.042940628
1286,1250058,0.037836257
1287,1250065,0.024524998
1288,1250083,0.047000363
1289,1250108,0.0974612
1290,1250113,0.08405091
1291,1250115,0.08462649
1292,1250150,0.025747847
1293,1250158,0.10113068
1294,1260039,0.037521962
1295,1260050,0.092161365
1296,1260054,0.10258378
1297,1260055,0.15713629
1298,1260057,0.011933579
1299,1260065,0.12824062
1300,1260069,0.050842494
1301,1260070,0.023951894
1302,1260071,0.15298349
1303,1260088,0.04318619
1304,1260117,0.09050108
1305,1270025,0.08882087
1306,1270033,0.11433646
1307,1270064,0.034483504
1308,1270088,0.03936325
1309,1270102,0.07828518
1310,1280030,0.0739348
1311,1280036,0.21342117
1312,1280060,0.014123616
1313,1280077,0.010968631
1314,1280078,0.13631096
1315,1280079,0.06766674
1316,1280091,0.23854731
1317,1280102,0.072502814
1318,1280153,0.0422047
1319,1280159,0.081212506
1320,1290021,0.041656565
1321,1290046,0.03866761
1322,1290058,0.13643177
1323,1290059,0.09775736
1324,1290066,0.14694197
1325,1290070,0.08377277
1326,1290080,0.015069953
1327,1290083,0.037898425
1328,1290085,0.055322576
1329,1290120,0.042103093
1330,1290139,0.006740097
1331,1300013,0.045945637
1332,1300025,0.0033193817
1333,1300032,0.10855091
1334,1300069,0.008701919
1335,1300107,0.02556512
1336,1300119,0.05920392
1337,1300135,0.095809765
1338,1300147,0.15208942
1339,1300155,0.059479635
1340,1300162,0.09942347
1341,1300163,0.08553149
1342,1310003,0.014227775
1343,1310007,0.012295787
1344,1310047,0.105253756
1345,1310053,0.09257864
1346,1310073,0.101603575
1347,1310101,0.033712305
1348,1310119,0.011295394
1349,1310133,0.022299292
1350,1310166,0.17965892
1351,1320007,0.09516897
1352,1320012,0.18177581
1353,1320020,0.04957106
1354,1320061,0.07085272
1355,1320069,0.14315942
1356,1320074,0.11223693
1357,1320107,0.13523
1358,1330013,0.12658288
1359,1330043,0.04156338
1360,1330090,0.116325684
1361,1330098,0.07114208
1362,1330100,0.025322665
1363,1330117,0.071122624
1364,1330118,0.12589914
1365,1330151,0.12591897
1366,1330165,0.08633355
1367,1340006,0.053976934
1368,1340018,0.14001618
1369,1340031,0.10009159
1370,1340055,0.0830283
1371,1340063,0.07779059
1372,1340070,0.12176723
1373,1340086,0.1289403
1374,1340107,0.1113
1375,1340121,0.25253695
1376,1340124,0.016290218
1377,1340137,0.005843403
1378,1350008,0.20987159
1379,1350014,0.12296763
1380,1350023,0.010138568
1381,1350030,0.038817473
1382,1350056,0.032483805
1383,1350062,0.12113817
1384,1350104,0.03589566
1385,1350108,0.025484793
1386,1350134,0.19568369
1387,1350155,0.032914124
1388,1360006,0.009438719
1389,1360031,0.085966446
1390,1360056,0.1326749
1391,1360061,0.04530944
1392,1360067,0.10032157
1393,1360076,0.097519934
1394,1360102,0.034167957
1395,1360111,0.014418624
1396,1360117,0.022601211
1397,1360126,0.065813325
1398,1360137,0.04017127
1399,1360156,0.1333095
1400,1370010,0.0559589
1401,1370014,0.03542723
1402,1370034,0.06893878
1403,1370053,0.10505101
1404,1370058,0.07699001
1405,1370079,0.109275
1406,1370124,0.14377917
1407,1370128,0.043369535
1408,1370135,0.20626827
1409,1380011,0.099584915
1410,1380040,0.030847859
1411,1380067,0.07872285
1412,1380082,0.015353291
1413,1380088,0.080062315
1414,1380104,0.030509468
1415,1380160,0.025468344
1416,1380171,0.046287734
1417,1380176,0.0050828382
1418,1380190,0.03726539
1419,1380209,0.10932996
1420,1380216,0.11345021
1421,1390019,0.03140608
1422,1390020,0.09938906
1423,1390030,0.029910702
1424,1390041,0.09639505
1425,1390080,0.08044756
1426,1390086,0.04718522
1427,1390131,0.05544707
1428,1390151,0.05204
1429,1390152,0.08026636
1430,1390156,0.033585146
1431,1390164,0.01575044
1432,1400044,0.11219204
1433,1400060,0.011672363
1434,1400062,0.13631096
1435,1400085,0.04564363
1436,1400122,0.119439624
1437,1400125,0.14119224
1438,1400133,0.07145993
1439,1400146,0.12073708
1440,1400154,0.042895935
1441,1410030,0.05562054
1442,1410073,0.055807598
1443,1410078,0.0976761
1444,1410089,0.14258893
1445,1410099,0.040599465
1446,1410106,0.084396884
1447,1410114,0.012095023
1448,1410120,0.05538063
1449,1410124,0.03183648
1450,1420003,0.08359797
1451,1420006,0.008311159
1452,1420042,0.079043046
1453,1420062,0.11876533
1454,1420085,0.051929504
1455,1420086,0.013202884
1456,1420121,0.06738131
1457,1420143,0.028580172
1458,1420147,0.026681438
1459,1420157,0.026041526
1460,1420186,0.05501348
1461,1420193,0.16129752
1462,1430024,0.1200451
1463,1430030,0.02438356
1464,1430036,0.042417627
1465,1430037,0.11919143
1466,1430055,0.0711703
1467,1430069,0.07442192
1468,1430071,0.0921198
1469,1430111,0.3105819
1470,1430142,0.13490358
1471,1430143,0.11761198
1472,1430146,0.12276182
1473,1430162,0.05740132
1474,1430167,0.22775227
1475,1440007,0.1200451
1476,1440024,0.05578332
1477,1440027,0.015313781
1478,1440037,0.14170073
1479,1440040,0.14326441
1480,1440088,0.056348007
1481,1440093,0.123984315
1482,1440101,0.08129326
1483,1440111,0.090450786
1484,1440145,0.13493982
1485,1450004,0.12561311
1486,1450006,0.100342296
1487,1450036,0.049816906
1488,1450038,0.03587028
1489,1450054,0.0605106
1490,1450058,0.017578382
1491,1450104,0.037947703
1492,1450131,0.063266456
1493,1450145,0.006230849
1494,1450151,0.11274964
1495,1450153,0.15719366
1496,1460004,0.02601451
1497,1460032,0.009763653
1498,1460045,0.13080041
1499,1460052,0.046700634
1500,1460081,0.055498518
1501,1460082,0.23256984
1502,1460085,0.10207363
1503,1460087,0.06553668
1504,1460088,0.20746227
1505,1460114,0.114711724
1506,1460128,0.0053363447
1507,1460132,0.060757197
1508,1460141,0.103904784
1509,1460144,0.124322794
1510,1460163,0.10299649
1511,1460167,0.008085462
1512,1460170,0.30530787
1513,1460180,0.09113706
1514,1470061,0.039525762
1515,1470072,0.006711284
1516,1470082,0.12581173
1517,1470149,0.029411454
1518,1480017,0.06575454
1519,1480042,0.009827842
1520,1480057,0.042294577
1521,1480060,0.024291875
1522,1480066,0.11631998
1523,1480069,0.07326414
1524,1480083,0.0810668
1525,1480088,0.066144265
1526,1480094,0.10681313
1527,1480095,0.06174077
1528,1480098,0.033776548
1529,1480120,0.012046553
1530,1480149,0.09978254
1531,1480152,0.010172726
1532,1490015,0.009994412
1533,1490029,0.011283828
1534,1490058,0.09546581
1535,1490070,0.11843847
1536,1490129,0.104279734
1537,1490142,0.0037182183
1538,1490152,0.11920948
1539,1490162,0.05054504
1540,1500015,0.041196495
1541,1500049,0.13947587
1542,1500065,0.10670646
1543,1500080,0.1309419
1544,1500124,0.064486064
1545,1500140,0.06820151
1546,1510025,0.056832813
1547,1510076,0.10875864
1548,1510082,0.08376552
1549,1510106,0.012213429
1550,1510108,0.116226606
1551,1510110,0.05990859
1552,1510163,0.09808394
1553,1520009,0.07761716
1554,1520020,0.07870779
1555,1520046,0.035377935
1556,1520054,0.11536218
1557,1520058,0.020910943
1558,1520103,0.09158688
1559,1520119,0.03416326
1560,1520123,0.17127159
1561,1530006,0.107776366
1562,1530015,0.10232319
1563,1530039,0.070520595
1564,1530044,0.050162993
1565,1530051,0.054881826
1566,1530073,0.108658426
1567,1530077,0.014914775
1568,1530113,0.014520594
1569,1540045,0.024586527
1570,1540087,0.013014848
1571,1540100,0.010761842
1572,1540107,0.066150315
1573,1540110,0.10460291
1574,1540129,0.077936836
1575,1540144,0.05723209
1576,1550028,0.10917307
1577,1550037,0.03813895
1578,1550049,0.014939147
1579,1550056,0.04496079
1580,1550062,0.041216165
1581,1550076,0.03527727
1582,1550100,0.061629333
1583,1550106,0.054043163
1584,1550115,0.04144919
1585,1550120,0.04102094
1586,1550128,0.10676526
1587,1550140,0.055012587
1588,1550174,0.09782663
1589,1550177,0.17105626
1590,1550184,0.1231375
1591,1550191,0.12887707
1592,1560008,0.07241023
1593,1560039,0.07488513
1594,1560060,0.08736934
1595,1560073,0.04025453
1596,1560087,0.04487333
1597,1560105,0.118263155
1598,1560158,0.032170925
1599,1560195,0.11609797
1600,1560198,0.034704126
1601,1570012,0.06326893
1602,1570021,0.0807888
1603,1570051,0.04031625
1604,1570056,0.044573408
1605,1570064,0.02934873
1606,1570087,0.037202075
1607,1570088,0.027420092
1608,1570094,0.07492125
1609,1570097,0.0239374
1610,1570113,0.06882405
1611,1570121,0.03431337
1612,1570129,0.02565525
1613,1570144,0.050182793
1614,1570150,0.061620258
1615,1580004,0.10283398
1616,1580014,0.02978174
1617,1580018,0.093706794
1618,1580033,0.102870986
1619,1580090,0.1797391
1620,1580091,0.037467904
1621,1580103,0.026905594
1622,1580138,0.09303796
1623,1580175,0.04342722
1624,1580187,0.05158212
1625,1590027,0.033190172
1626,1590074,0.031878907
1627,1590075,0.0808552
1628,1590077,0.04184154
1629,1590087,0.20403647
1630,1590096,0.12143753
1631,1590098,0.041565705
1632,1590169,0.2828837
1633,1600010,0.03596801
1634,1600018,0.009348371
1635,1600025,0.24185112
1636,1600037,0.15298349
1637,1600038,0.052583035
1638,1600061,0.10156992
1639,1600109,0.049399402
1640,1610008,0.043512907
1641,1610013,0.10381913
1642,1610027,0.065597914
1643,1610037,0.0078001404
1644,1610042,0.091939
1645,1610047,0.023190228
1646,1610057,0.09397595
1647,1610067,0.047765307
1648,1610074,0.06918246
1649,1610102,0.07223071
1650,1610118,0.13336384
1651,1610122,0.116543256
1652,1610144,0.08569549
1653,1610166,0.047092844
1654,1610184,0.14062162
1655,1620028,0.17405067
1656,1620031,0.00499217
1657,1620032,0.00969465
1658,1620056,0.03322275
1659,1620085,0.07490712
1660,1620089,0.11054912
1661,1620093,0.17942202
1662,1620126,0.09569871
1663,1620142,0.0974612
1664,1620154,0.05460628
1665,1630028,0.018806314
1666,1630047,0.049637556
1667,1630065,0.078105874
1668,1630069,0.083329886
1669,1630078,0.19738157
1670,1630080,0.13631096
1671,1630086,0.047198653
1672,1630139,0.25471175
1673,1630151,0.027003048
1674,1630155,0.08701381
1675,1630163,0.07027814
1676,1630176,0.063262485
1677,1640007,0.037201196
1678,1640052,0.04206113
1679,1640057,0.023947742
1680,1640090,0.054662026
1681,1640097,0.057803076
1682,1640149,0.12035869
1683,1640151,0.12915808
1684,1640164,0.1258773
1685,1640167,0.09281399
1686,1640174,0.05723397
1687,1650045,0.042546652
1688,1650049,0.062276334
1689,1650053,0.042103544
1690,1650057,0.17083225
1691,1650073,0.059026923
1692,1650121,0.1656368
1693,1650133,0.082430296
1694,1650151,0.03084148
1695,1650152,0.16552693
1696,1650168,0.03867573
1697,1650189,0.10447674
1698,1660012,0.026869476
1699,1660013,0.010463649
1700,1660029,0.04305487
1701,1660031,0.06585322
1702,1660038,0.028589142
1703,1660046,0.033543795
1704,1660047,0.20018686
1705,1660050,0.025584538
1706,1660061,0.02975489
1707,1660072,0.023511482
1708,1660102,0.09097496
1709,1660119,0.16962638
1710,1660124,0.0041598314
1711,1660126,0.083194114
1712,1660149,0.014282733
1713,1660150,0.11142272
1714,1660157,0.13831317
1715,1660158,0.22073308
1716,1660160,0.04372003
1717,1670012,0.08650257
1718,1670026,0.11241896
1719,1670037,0.10106886
1720,1670039,0.13080041
1721,1670061,0.024653226
1722,1670081,0.09976467
1723,1670092,0.055310592
1724,1670108,0.028804565
1725,1670134,0.045296222
1726,1670138,0.030188832
1727,1670145,0.04667099
1728,1680012,0.042684216
1729,1680068,0.043016724
1730,1680082,0.119643405
1731,1680094,0.020795774
1732,1680116,0.21861947
1733,1690003,0.03688946
1734,1690009,0.12939516
1735,1690010,0.2214793
1736,1690017,0.021756684
1737,1690045,0.13538788
1738,1690054,0.08378125
1739,1690059,0.024749579
1740,1690061,0.029785013
1741,1690064,0.030295087
1742,1690065,0.038677335
1743,1690082,0.12861517
1744,1690098,0.029241856
1745,1690105,0.013252544
1746,1690144,0.05332301
1747,1690146,0.048962634
1748,1700003,0.05126088
1749,1700009,0.048179634
1750,1700025,0.010491636
1751,1700034,0.067237586
1752,1700037,0.007061327
1753,1700044,0.009729592
1754,1700060,0.10089729
1755,1700072,0.1019329
1756,1700086,0.044539828
1757,1700130,0.41908532
1758,1700143,0.0070777354
1759,1700145,0.02600644
1760,1700150,0.2165183
1761,1710032,0.092834346
1762,1710045,0.13216193
1763,1710046,0.022985887
1764,1710052,0.084118515
1765,1710074,0.06472996
1766,1710081,0.0278283
1767,1710084,0.02891655
1768,1710089,0.03387282
1769,1710090,0.08752179
1770,1710116,0.08186538
1771,1720024,0.056748614
1772,1720031,0.087079346
1773,1720037,0.1463161
1774,1720041,0.054237045
1775,1720047,0.01358084
1776,1720055,0.10070644
1777,1720067,0.054662026
1778,1720070,0.14770477
1779,1720073,0.112408504
1780,1720074,0.14728229
1781,1720092,0.11472433
1782,1720098,0.04197332
1783,1720101,0.08484612
1784,1720114,0.107497506
1785,1720138,0.036956303
1786,1720156,0.057216074
1787,1730016,0.083601795
1788,1730027,0.0052061193
1789,1730030,0.079911985
1790,1730055,0.025440404
1791,1730060,0.08195687
1792,1730076,0.011295394
1793,1730078,0.032917168
1794,1730082,0.07758742
1795,1730112,0.035388358
1796,1730115,0.033415195
1797,1730124,0.008754628
1798,1730126,0.13183478
1799,1730164,0.007720108
1800,1730186,0.09047225
1801,1730188,0.28734326
1802,1730195,0.053413685
1803,1740022,0.029013861
1804,1740060,0.11358024
1805,1740064,0.21426043
1806,1740098,0.012042569
1807,1740112,0.08977498
1808,1740150,0.059497334
1809,1740156,0.13524474
1810,1740172,0.101997
1811,1740194,0.018454487
1812,1750007,0.10226916
1813,1750022,0.04413701
1814,1750024,0.041554566
1815,1750031,0.040132217
1816,1750051,0.11613686
1817,1750056,0.032496847
1818,1750060,0.0706093
1819,1750069,0.07761716
1820,1750074,0.015102161
1821,1750080,0.089157015
1822,1750087,0.08077931
1823,1750088,0.14315942
1824,1750162,0.014457389
1825,1750165,0.12705673
1826,1750167,0.2632208
1827,1750172,0.09616683
1828,1760012,0.013014848
1829,1760049,0.05034803
1830,1760074,0.28880677
1831,1760079,0.058974963
1832,1760090,0.07553473
1833,1760103,0.13327427
1834,1760115,0.03859705
1835,1760120,0.11642321
1836,1760122,0.059170283
1837,1760126,0.23823276
1838,1760143,0.03166174
1839,1760148,0.0805914
1840,1760156,0.047193848
1841,1760159,0.13341537
1842,1760186,0.33380193
1843,1770016,0.06918099
1844,1770025,0.25214714
1845,1770066,0.036512256
1846,1770084,0.083232686
1847,1770094,0.11142272
1848,1770100,0.040037233
1849,1770141,0.021709714
1850,1770149,0.068621054
1851,1770150,0.099646054
1852,1780015,0.05534872
1853,1780023,0.044803496
1854,1780034,0.039888974
1855,1780035,0.09227323
1856,1780041,0.05419174
1857,1780090,0.013074383
1858,1780106,0.3481728
1859,1780107,0.10242096
1860,1780162,0.13181573
1861,1780163,0.27817222
1862,1780170,0.011838056
1863,1780192,0.09837492
1864,1780198,0.18802017
1865,1780200,0.06314222
1866,1790003,0.09634011
1867,1790007,0.033438846
1868,1790037,0.097125284
1869,1790041,0.13080041
1870,1790043,0.08586423
1871,1790091,0.025135143
1872,1790120,0.08558573
1873,1790128,0.034672752
1874,1790133,0.10607996
1875,1790136,0.040958073
1876,1790137,0.063680954
1877,1790149,0.18338452
1878,1790152,0.03489383
1879,1790157,0.01609816
1880,1790165,0.096739955
1881,1800011,0.04209691
1882,1800080,0.029522011
1883,1800112,0.105105095
1884,1800116,0.051648572
1885,1800120,0.051541347
1886,1800121,0.06653379
1887,1800137,0.0603126
1888,1800143,0.062365405
1889,1810010,0.32361597
1890,1810014,0.046426725
1891,1810023,0.020920835
1892,1810035,0.04445608
1893,1810073,0.03460036
1894,1810092,0.0471691
1895,1810107,0.0750953
1896,1810140,0.064833105
1897,1820008,0.03269711
1898,1820026,0.36021075
1899,1820035,0.06602147
1900,1820068,0.05039988
1901,1820123,0.040921807
1902,1820125,0.013406346
1903,1820132,0.02447335
1904,1820134,0.036267083
1905,1820139,0.09756421
1906,1820141,0.05596623
1907,1830020,0.10646578
1908,1830027,0.036564957
1909,1830040,0.13563783
1910,1830048,0.028485488
1911,1830060,0.09909914
1912,1830084,0.033115882
1913,1830092,0.08064704
1914,1830110,0.049812242
1915,1830144,0.032246515
1916,1830163,0.091512784
1917,1830174,0.045517467
1918,1830181,0.04514775
1919,1830192,0.07592647
1920,1840071,0.113682255
1921,1840080,0.092928424
1922,1840082,0.033359844
1923,1840088,0.048276298
1924,1840096,0.12054081
1925,1840099,0.05866777
1926,1840110,0.07684004
1927,1840121,0.11345021
1928,1840140,0.14071712
1929,1840143,0.05338671
1930,1840145,0.065234326
1931,1840150,0.09048919
1932,1850003,0.0050379704
1933,1850012,0.03578962
1934,1850013,0.011130607
1935,1850021,0.13238288
1936,1850034,0.043444667
1937,1850042,0.07624046
1938,1850049,0.08993264
1939,1850103,0.097225145
1940,1850115,0.123239584
1941,1850132,0.04037184
1942,1850136,0.10739468
1943,1850167,0.12278425
1944,1850179,0.10381005
1945,1850189,0.051118586
1946,1860003,0.08874062
1947,1860005,0.10768265
1948,1860012,0.035189606
1949,1860014,0.04881597
1950,1860026,0.032638557
1951,1860075,0.09584629
1952,1860093,0.090770245
1953,1860117,0.04678447
1954,1860120,0.038165152
1955,1860132,0.082267284
1956,1870012,0.046351902
1957,1870032,0.04410974
1958,1870070,0.1284953
1959,1870134,0.048811298
1960,1870136,0.06670509
1961,1880008,0.03554017
1962,1880012,0.0971915
1963,1880025,0.11423819
1964,1880063,0.05344034
1965,1880077,0.13327427
1966,1880078,0.036627784
1967,1880087,0.03629337
1968,1880096,0.08130043
1969,1880132,0.08496814
1970,1880135,0.102198444
1971,1880141,0.107846335
1972,1880150,0.06815954
1973,1890013,0.09316793
1974,1890059,0.03971934
1975,1890063,0.08704291
1976,1890075,0.047541536
1977,1890089,0.05145909
1978,1890116,0.110323034
1979,1890121,0.08649812
1980,1890145,0.05414863
1981,1890148,0.06659539
1982,1890153,0.067982145
1983,1890176,0.06307047
1984,1900032,0.012857053
1985,1900036,0.06978192
1986,1900047,0.010059978
1987,1900097,0.038892183
1988,1900114,0.045688134
1989,1900121,0.038924485
1990,1900133,0.032042753
1991,1900184,0.0706723
1992,1900190,0.15389687
1993,1910014,0.0519979
1994,1910038,0.028133985
1995,1910091,0.12447672
1996,1910106,0.053350743
1997,1910124,0.027882487
1998,1910139,0.08887488
1999,1910142,0.09370078
2000,1910156,0.06876752
2001,1920003,0.028981809
2002,1920015,0.16236466
2003,1920033,0.013456553
2004,1920062,0.046967886
2005,1920088,0.0750953
2006,1920099,0.04156338
2007,1920103,0.038536172
2008,1920121,0.08260911
2009,1920126,0.10601594
2010,1920130,0.048650056
2011,1920144,0.12948434
2012,1920146,0.07579929
2013,1920152,0.05239925
2014,1920159,0.030351933
2015,1920165,0.06387984
2016,1920178,0.08873367
2017,1920194,0.089152366
2018,1930007,0.0337303
2019,1930009,0.026629716
2020,1930020,0.10566306
2021,1930044,0.06054429
2022,1930072,0.037558902
2023,1930087,0.03300367
2024,1930127,0.0670195
2025,1930183,0.01356012
2026,1930186,0.0049478076
2027,1930197,0.12003318
2028,1940017,0.031721033
2029,1940033,0.03320713
2030,1940064,0.11406311
2031,1940065,0.026994072
2032,1940077,0.043618966
2033,1940142,0.06555023
2034,1940150,0.043544628
2035,1940165,0.08335772
2036,1950014,0.11278579
2037,1950045,0.11717532
2038,1950102,0.24335857
2039,1950143,0.128678
2040,1950159,0.04799468
2041,1950179,0.023551613
2042,1950180,0.049399402
2043,1950192,0.102198444
2044,1960040,0.10408222
2045,1960046,0.051373295
2046,1960055,0.050556105
2047,1960077,0.035904102
2048,1960085,0.32298076
2049,1960106,0.1504589
2050,1960114,0.04137255
2051,1960115,0.07326399
2052,1960130,0.012874142
2053,1960135,0.28621787
2054,1960144,0.056792405
2055,1970011,0.0700411
2056,1970013,0.13383818
2057,1970038,0.12060351
2058,1970050,0.0108885765
2059,1970067,0.033616334
2060,1970113,0.03453163
2061,1970125,0.22261488
2062,1970139,0.034349088
2063,1970142,0.010647341
2064,1970160,0.097850814
2065,1990034,0.076588295
2066,1990082,0.10097108
2067,1990088,0.10079294
2068,1990103,0.010623323
2069,1990113,0.011338075
2070,1990130,0.034451947
2071,1990135,0.04252634
2072,1990156,0.016417757
2073,1990197,0.014563596
2074,1990201,0.0805152
2075,1990213,0.11052164
2076,1990223,0.011721925
2077,1990229,0.0759113
2078,1990234,0.031729743
2079,1990237,0.040352132
2080,1990249,0.0628229
2081,1990251,0.012857053
2082,1990255,0.12663266
2083,1990256,0.04881597
2084,1990284,0.09817622
2085,1990300,0.13091277
2086,1990322,0.11349842
2087,1990331,0.010430616
2088,1990341,0.0117488345
2089,1990350,0.011803083
2090,1990351,0.014636128
2091,1990361,0.042018056
2092,2000013,0.11622607
2093,2000024,0.03431337
2094,2000026,0.013074383
2095,2000032,0.014201536
2096,2000099,0.13286991
2097,2000119,0.09978254
2098,2000133,0.083329886
2099,2010007,0.22663137
2100,2010024,0.059889853
2101,2010032,0.027422037
2102,2010061,0.11142272
2103,2010071,0.10893445
2104,2010084,0.059347495
2105,2010085,0.11769029
2106,2010097,0.153932
2107,2010098,0.06846751
2108,2010100,0.015126395
2109,2010115,0.11919334
2110,2010117,0.19397621
2111,2030017,0.03140608
2112,2030054,0.042733587
2113,2030059,0.034359798
2114,2030065,0.061789297
2115,2030076,0.2323947
2116,2030098,0.21685034
2117,2030111,0.07710344
2118,2030128,0.12427989
2119,2030138,0.15105489
2120,2030153,0.023077425
2121,2040010,0.17942202
2122,2040016,0.043173406
2123,2040020,0.057380803
2124,2040045,0.026083393
2125,2040090,0.024846036
2126,2040099,0.04960523
2127,2040128,0.1113056
2128,2040132,0.28833088
2129,2040144,0.043502588
2130,2060008,0.036267083
2131,2060013,0.034177862
2132,2060021,0.04792173
2133,2060029,0.08945443
2134,2060049,0.093725905
2135,2060056,0.012880458
2136,2060076,0.02975715
2137,2060090,0.05039556
2138,2060099,0.034191582
2139,2060112,0.038892183
2140,2060113,0.011845538
2141,2060118,0.030843196
2142,2060133,0.082082026
2143,2060139,0.024834065
2144,2070003,0.027436608
2145,2070024,0.005221574
2146,2070027,0.086802416
2147,2070031,0.031852987
2148,2070048,0.042819906
2149,2070056,0.024643552
2150,2070088,0.15854432
2151,2070096,0.05553686
2152,2070119,0.10218572
2153,2070126,0.02389988
2154,2070134,0.036177866
2155,2070149,0.03532584
2156,2070153,0.18500622
2157,2070158,0.14032623
2158,2070165,0.043789856
2159,2070167,0.014439029
2160,2070171,0.035377357
2161,2070182,0.014548345
2162,2080039,0.082441226
2163,2080041,0.11125012
2164,2080047,0.07826578
2165,2080074,0.0051354654
2166,2080188,0.013911756
2167,2080197,0.04493114
2168,2080225,0.04140138
2169,2080236,0.020451158
2170,2080262,0.011338615
2171,2080266,0.13032535
2172,2090010,0.08367958
2173,2090011,0.13001645
2174,2090012,0.041461352
2175,2090016,0.062158346
2176,2090048,0.014855469
2177,2090076,0.09432399
2178,2090078,0.013889089
2179,2090079,0.22320133
2180,2090081,0.05944799
2181,2090082,0.09818852
2182,2090084,0.029182844
2183,2090086,0.15130445
2184,2090104,0.03198162
2185,2090109,0.08882087
2186,2090114,0.046393014
2187,2090120,0.09839732
2188,2090144,0.03598242
2189,2090147,0.09324017
2190,2090160,0.28621787
2191,2090164,0.028936382
2192,2090171,0.03726547
2193,2090177,0.023552736
2194,2090193,0.09817622
2195,2090197,0.0371082
2196,2100005,0.050162993
2197,2100015,0.07294013
2198,2100024,0.010424844
2199,2100037,0.014531167
2200,2100059,0.04908552
2201,2100082,0.018458497
2202,2100090,0.052002743
2203,2110034,0.08569549
2204,2110048,0.3570538
2205,2110078,0.009058131
2206,2110080,0.06025355
2207,2110115,0.11950431
2208,2110146,0.11290507
2209,2110155,0.06555023
2210,2110160,0.036476675
2211,2110204,0.06240408
2212,2120005,0.03199267
2213,2120014,0.015427419
2214,2120018,0.11085092
2215,2120027,0.03721645
2216,2120030,0.03992114
2217,2120044,0.37655896
2218,2120053,0.042015713
2219,2120054,0.11988283
2220,2120057,0.058653142
2221,2120064,0.12467643
2222,2120067,0.012843823
2223,2120082,0.03191874
2224,2120102,0.021425301
2225,2120135,0.030868707
2226,2120159,0.09817622
2227,2120171,0.37143445
2228,2120172,0.53080434
2229,2120186,0.06102909
2230,2120192,0.1327485
2231,2120202,0.11673387
2232,2120209,0.1330492
2233,2130022,0.04572582
2234,2130032,0.12674175
2235,2130039,0.011024597
2236,2130044,0.06472996
2237,2130059,0.10362038
2238,2130075,0.11294666
2239,2130108,0.03193711
2240,2130126,0.1194753
2241,2130150,0.013929141
2242,2140009,0.051047858
2243,2140024,0.077936836
2244,2140026,0.0190955
2245,2140040,0.08080346
2246,2140060,0.11362915
2247,2140102,0.12760556
2248,2140105,0.014787985
2249,2140111,0.044350855
2250,2140114,0.008409239
2251,2140115,0.12925337
2252,2140140,0.009854271
2253,2150035,0.12104978
2254,2150036,0.011822425
2255,2150054,0.01395846
2256,2150056,0.02426891
2257,2150062,0.029667655
2258,2150091,0.04039417
2259,2150102,0.058346625
2260,2150140,0.04561813
2261,2160005,0.024975186
2262,2160077,0.11545076
2263,2160126,0.12523358
2264,2160129,0.038645037
2265,2160166,0.08688209
2266,2170012,0.05490708
2267,2170019,0.08922131
2268,2170025,0.05531647
2269,2170042,0.042536203
2270,2170045,0.15216532
2271,2170052,0.1379319
2272,2170065,0.2079243
2273,2170080,0.08589699
2274,2170083,0.093484186
2275,2170089,0.13228115
2276,2170109,0.098430365
2277,2170115,0.10793441
2278,2170132,0.11401447
2279,2170152,0.0371916
2280,2170162,0.0661726
2281,2170171,0.10473053
2282,2180019,0.11430542
2283,2180039,0.05175713
2284,2180041,0.1205347
2285,2180053,0.08744385
2286,2180097,0.078609735
2287,2180098,0.006812095
2288,2180127,0.12408161
2289,2180131,0.037355144
2290,2180136,0.07710344
2291,2180159,0.13355233
2292,2190003,0.09361086
2293,2190041,0.08664301
2294,2190087,0.14969647
2295,2190089,0.16988938
2296,2190103,0.14170073
2297,2190108,0.029609198
2298,2190133,0.11503924
2299,2190154,0.030545438
2300,2190165,0.014003232
2301,2190173,0.039278377
2302,2200042,0.041539226
2303,2200047,0.06472996
2304,2200082,0.04411181
2305,2200093,0.026071962
2306,2200119,0.047000445
2307,2200132,0.07831581
2308,2200137,0.06576995
2309,2200145,0.031934407
2310,2200150,0.036506277
2311,2210012,0.040628113
2312,2210050,0.102788106
2313,2210113,0.08588531
2314,2210118,0.033489518
2315,2210155,0.009763653
2316,2210161,0.03189796
2317,2210168,0.13986915
2318,2220012,0.11141951
2319,2220027,0.06622592
2320,2220050,0.039484393
2321,2220062,0.067068964
2322,2220114,0.04502323
2323,2220140,0.03414189
2324,2220157,0.13705601
2325,2230020,0.02301093
2326,2230022,0.09905486
2327,2230035,0.033108234
2328,2230038,0.038892183
2329,2230061,0.055517428
2330,2230066,0.044040214
2331,2230124,0.025202775
2332,2240015,0.04700273
2333,2240027,0.106417745
2334,2240072,0.11995679
2335,2240081,0.04631502
2336,2240106,0.031086165
2337,2250011,0.036859248
2338,2250012,0.117382735
2339,2250039,0.042379476
2340,2250056,0.07820448
2341,2250075,0.117382735
2342,2250117,0.08223136
2343,2250120,0.055585176
2344,2250121,0.046081536
2345,2250129,0.14050485
2346,2250133,0.081219025
2347,2250154,0.08221857
2348,2250164,0.012075064
2349,2250183,0.056806378
2350,2260013,0.050973125
2351,2260033,0.046266593
2352,2260048,0.040124018
2353,2260056,0.008603297
2354,2260109,0.03785104
2355,2260120,0.05986646
2356,2260122,0.09364556
2357,2260139,0.028145976
2358,2260154,0.10737136
2359,2270032,0.09704347
2360,2270040,0.03777962
2361,2270043,0.12871572
2362,2270073,0.04072593
2363,2270076,0.03696152
2364,2270099,0.048133247
2365,2270135,0.060468834
2366,2270153,0.024605196
2367,2270157,0.010766727
2368,2270161,0.028093824
2369,2270162,0.098737895
2370,2270170,0.11235838
2371,2270172,0.029697457
2372,2280008,0.119400956
2373,2280050,0.14215621
2374,2280054,0.14193553
2375,2280079,0.1204314
2376,2280089,0.32487357
2377,2280094,0.04661503
2378,2280102,0.13522847
2379,2280129,0.025044248
2380,2280138,0.041511536
2381,2280140,0.013014848
2382,2290005,0.10540646
2383,2290006,0.07488791
2384,2290023,0.079432026
2385,2290058,0.04511861
2386,2290071,0.05450658
2387,2290105,0.051616896
2388,2290108,0.11085894
2389,2290173,0.15665993
2390,2290176,0.03527517
2391,2300003,0.026257392
2392,2300010,0.013127663
2393,2300019,0.06711333
2394,2300049,0.0043811947
2395,2300058,0.043400913
2396,2300095,0.043843977
2397,2300102,0.16962638
2398,2300124,0.031108936
2399,2300144,0.06882405
2400,2310005,0.029872118
2401,2310011,0.029510107
2402,2310014,0.045623396
2403,2310022,0.037444703
2404,2310027,0.03982746
2405,2310032,0.04156528
2406,2310034,0.051104642
2407,2310052,0.012075064
2408,2310054,0.014758891
2409,2310071,0.011749122
2410,2310076,0.11879299
2411,2310081,0.10775257
2412,2310091,0.10835073
2413,2310096,0.20746227
2414,2310144,0.09152079
2415,2310151,0.078228615
2416,2310155,0.01008871
2417,2310160,0.014282733
2418,2310167,0.105828516
2419,2310187,0.04729418
2420,2310189,0.07253454
2421,2320010,0.009686474
2422,2320011,0.05581638
2423,2320020,0.16014546
2424,2320024,0.04718522
2425,2320037,0.056785204
2426,2320064,0.040628113
2427,2320073,0.14702843
2428,2320098,0.06885949
2429,2320102,0.02798528
2430,2320108,0.10205685
2431,2320117,0.080041505
2432,2320123,0.06941367
2433,2320125,0.091191664
2434,2320132,0.0043853107
2435,2320134,0.04215155
2436,2320139,0.027712883
2437,2320177,0.16709217
2438,2320182,0.15833348
2439,2330009,0.04077234
2440,2330048,0.011364152
2441,2330050,0.07723063
2442,2330055,0.12180776
2443,2330061,0.09406017
2444,2330066,0.13228115
2445,2330068,0.019569458
2446,2330099,0.09258597
2447,2330107,0.01653179
2448,2330112,0.1456749
2449,2330113,0.113849096
2450,2330119,0.26543307
2451,2330133,0.036174923
2452,2330140,0.09524644
2453,2330156,0.011390303
2454,2340029,0.030204864
2455,2340057,0.048569184
2456,2340105,0.00971905
2457,2340106,0.043830704
2458,2340142,0.2123598
2459,2340162,0.026674218
2460,2340175,0.067205824
2461,2340176,0.14613527
2462,2350005,0.11534847
2463,2350013,0.13581869
2464,2350014,0.2745372
2465,2350021,0.09138925
2466,2350032,0.12215122
2467,2350068,0.03642384
2468,2350072,0.20594837
2469,2350102,0.046346877
2470,2350132,0.12714803
2471,2350161,0.059258536
2472,2350168,0.15989642
2473,2350187,0.10774973
2474,2350206,0.11388944
2475,2360003,0.033489518
2476,2360006,0.00895023
2477,2360035,0.10319442
2478,2360047,0.05034803
2479,2360048,0.014524108
2480,2360075,0.12113316
2481,2360083,0.017054468
2482,2360102,0.07940164
2483,2360108,0.15390165
2484,2360113,0.120760225
2485,2360116,0.15359579
2486,2360144,0.11325202
2487,2360147,0.013755556
2488,2360149,0.09405129
2489,2370021,0.043618966
2490,2370028,0.3457729
2491,2370030,0.107815444
2492,2370037,0.011105359
2493,2370060,0.038501896
2494,2370068,0.075827576
2495,2370090,0.09316793
2496,2370095,0.12448825
2497,2370128,0.13601431
2498,2370132,0.030064102
2499,2370135,0.04604209
2500,2370137,0.032727215
2501,2370157,0.1342357
2502,2370163,0.14624932
2503,2380010,0.011691114
2504,2380018,0.05956327
2505,2380033,0.010509139
2506,2380036,0.028060876
2507,2380048,0.075690575
2508,2380050,0.11309971
2509,2380062,0.12918986
2510,2380081,0.049638253
2511,2380122,0.078590624
2512,2380131,0.13018906
2513,2380139,0.023671392
2514,2380144,0.07199188
2515,2380152,0.059253298
2516,2390028,0.08531942
2517,2390036,0.061441135
2518,2390046,0.021562843
2519,2390071,0.099369735
2520,2390085,0.086954966
2521,2390108,0.04390725
2522,2390116,0.10173158
2523,2390135,0.0399209
2524,2390142,0.037877113
2525,2390156,0.01354795
2526,2390163,0.047915865
2527,2400007,0.04646569
2528,2400020,0.031714965
2529,2400028,0.03472027
2530,2400050,0.08394467
2531,2400052,0.09798776
2532,2400060,0.044432636
2533,2400074,0.056150146
2534,2400094,0.06693136
2535,2400104,0.073615976
2536,2400124,0.07624046
2537,2400126,0.05131941
2538,2400164,0.03141102
2539,2400170,0.09722915
2540,2400172,0.117024705
2541,2400178,0.12180776
2542,2400191,0.024367651
2543,2410011,0.057086654
2544,2410013,0.074568234
2545,2410022,0.023232292
2546,2410025,0.07500573
2547,2410056,0.08053899
2548,2410057,0.08531942
2549,2410067,0.14663045
2550,2410068,0.123685665
2551,2410077,0.039708275
2552,2410082,0.060832508
2553,2410099,0.07820448
2554,2410107,0.08854663
2555,2410136,0.0471691
2556,2410139,0.08168639
2557,2410144,0.08654785
2558,2410155,0.024116794
2559,2410158,0.10100149
2560,2410160,0.151069
2561,2410170,0.04829097
2562,2420004,0.10817419
2563,2420040,0.051961288
2564,2420052,0.045888282
2565,2420072,0.09938072
2566,2420080,0.058942817
2567,2420124,0.20169593
2568,2420146,0.08048382
2569,2420164,0.06618517
2570,2430053,0.033924457
2571,2430061,0.034840114
2572,2430076,0.0096868165
2573,2430083,0.06524053
2574,2430097,0.039219588
2575,2430099,0.13003503
2576,2430111,0.05252992
2577,2430126,0.093468666
2578,2430143,0.031584192
2579,2430153,0.082540706
2580,2430158,0.050001472
2581,2430179,0.091512784
2582,2430187,0.012095023
2583,2440034,0.038814902
2584,2440036,0.07502124
2585,2440052,0.013117925
2586,2440069,0.14261645
2587,2440074,0.05992071
2588,2440084,0.1838413
2589,2440097,0.012524765
2590,2440100,0.26490423
2591,2440109,0.13808294
2592,2440139,0.008779005
2593,2440159,0.106024235
2594,2450008,0.04203973
2595,2450016,0.012075064
2596,2450053,0.06581344
2597,2450055,0.09071867
2598,2450058,0.045870867
2599,2450068,0.10383203
2600,2450074,0.040580783
2601,2450087,0.0371082
2602,2450092,0.10393764
2603,2450112,0.08642168
2604,2450113,0.08806365
2605,2450142,0.038615003
2606,2450148,0.014455065
2607,2460020,0.31504378
2608,2460044,0.03330844
2609,2460059,0.03323558
2610,2460077,0.0072848964
2611,2460088,0.09415025
2612,2460089,0.21203361
2613,2460092,0.09623221
2614,2460102,0.10320753
2615,2460117,0.04071804
2616,2460121,0.1317818
2617,2460146,0.049134295
2618,2470005,0.14071712
2619,2470069,0.031364642
2620,2470071,0.033216678
2621,2470075,0.051541347
2622,2470131,0.15565284
2623,2470144,0.014914775
2624,2470156,0.03166174
2625,2480004,0.058172587
2626,2480057,0.017131062
2627,2480068,0.11255756
2628,2480096,0.03070505
2629,2480099,0.02767709
2630,2480101,0.050620712
2631,2480136,0.12835439
2632,2480138,0.05248321
2633,2480186,0.06701862
2634,2490008,0.06981819
2635,2490070,0.077617556
2636,2490076,0.086464204
2637,2490115,0.034497295
2638,2490134,0.19440033
2639,2490139,0.035950165
2640,2500040,0.016215425
2641,2500042,0.12447672
2642,2500050,0.072725035
2643,2500051,0.018153153
2644,2500057,0.053325273
2645,2500062,0.064730555
2646,2500070,0.013576919
2647,2500116,0.1333095
2648,2510029,0.0777845
2649,2510033,0.039279845
2650,2510044,0.012764847
2651,2510047,0.041733082
2652,2510068,0.014159301
2653,2510087,0.039229896
2654,2510098,0.14477238
2655,2510102,0.037211847
2656,2510105,0.028083019
2657,2510107,0.047102
2658,2510109,0.056843955
2659,2510149,0.012453646
2660,2510156,0.13864899
2661,2520013,0.11280117
2662,2520044,0.10762979
2663,2520045,0.24199912
2664,2520070,0.13964304
2665,2520081,0.072242364
2666,2520108,0.07223071
2667,2520111,0.105078235
2668,2520117,0.10086861
2669,2530019,0.025942104
2670,2530038,0.003418057
2671,2530052,0.026008155
2672,2530055,0.09710343
2673,2530083,0.009418812
2674,2530090,0.10775257
2675,2530130,0.024661379
2676,2540015,0.055962805
2677,2540018,0.041700047
2678,2540047,0.040324934
2679,2540062,0.089359626
2680,2540070,0.22678038
2681,2540122,0.05116914
2682,2540131,0.009991647
2683,2540157,0.07287502
2684,2540163,0.111628205
2685,2550032,0.09776898
2686,2550050,0.093468666
2687,2550081,0.14126235
2688,2550088,0.015696267
2689,2550116,0.010456226
2690,2550157,0.15989642
2691,2560019,0.10663496
2692,2560059,0.054837406
2693,2560063,0.05802695
2694,2560080,0.14420311
2695,2560092,0.055506777
2696,2560130,0.03575383
2697,2560139,0.11908912
2698,2560140,0.056099046
2699,2560146,0.105475076
2700,2560171,0.031367604
2701,2560173,0.13614465
2702,2570022,0.04407511
2703,2570028,0.028734706
2704,2570033,0.03716613
2705,2570035,0.111881055
2706,2570038,0.021703377
2707,2570041,0.04306266
2708,2570048,0.034878302
2709,2570049,0.025950378
2710,2570056,0.09905977
2711,2570057,0.053019132
2712,2570058,0.10776426
2713,2570059,0.10002729
2714,2570084,0.029294103
2715,2570095,0.09850053
2716,2570112,0.13552359
2717,2570114,0.21171097
2718,2570155,0.005747401
2719,2570162,0.0308844
2720,2580007,0.16172092
2721,2580022,0.0224274
2722,2580035,0.10302004
2723,2580041,0.0846636
2724,2580048,0.15884344
2725,2580070,0.0999335
2726,2580073,0.24258535
2727,2580079,0.12974524
2728,2580104,0.045787696
2729,2580138,0.1235369
2730,2580139,0.2673932
2731,2580141,0.04652542
2732,2580149,0.09456984
2733,2580154,0.06600821
2734,2580177,0.06368026
2735,2580181,0.0057732654
2736,2580183,0.20270456
2737,2590021,0.034980815
2738,2590031,0.049676046
2739,2590036,0.1059136
2740,2590090,0.013652475
2741,2590112,0.12145252
2742,2590132,0.038165152
2743,2590141,0.01750025
2744,2590143,0.014064889
2745,2590145,0.08355723
2746,2590159,0.08186538
2747,2590194,0.043237172
2748,2600007,0.07742808
2749,2600011,0.16444348
2750,2600026,0.12164542
2751,2600040,0.14215945
2752,2600045,0.07183947
2753,2600046,0.11280117
2754,2600056,0.053842902
2755,2600060,0.076881446
2756,2600069,0.14131974
2757,2600095,0.18021141
2758,2600100,0.01274583
2759,2600146,0.27877638
2760,2600161,0.16769634
2761,2610007,0.0051051774
2762,2610029,0.23162247
2763,2610033,0.0067012217
2764,2610040,0.028308073
2765,2610067,0.15692674
2766,2610071,0.10488917
2767,2610088,0.13299237
2768,2610095,0.03011373
2769,2610099,0.029737908
2770,2610101,0.049428787
2771,2610105,0.0960075
2772,2610108,0.09925062
2773,2610126,0.20046744
2774,2610131,0.10328228
2775,2610133,0.087774485
2776,2610179,0.12427989
2777,2620010,0.03804366
2778,2620032,0.028646559
2779,2620058,0.008298447
2780,2620060,0.08947262
2781,2620071,0.03987661
2782,2620075,0.034483377
2783,2620081,0.121260874
2784,2620127,0.021793576
2785,2620132,0.10681989
2786,2620152,0.02078215
2787,2620159,0.0440999
2788,2630015,0.023118073
2789,2630023,0.060011726
2790,2630032,0.010215113
2791,2630039,0.08945443
2792,2630113,0.09770344
2793,2630120,0.007293157
2794,2630125,0.22115874
2795,2630186,0.07993755
2796,2640026,0.122067496
2797,2640034,0.0456233
2798,2640046,0.21187368
2799,2640048,0.032283925
2800,2640063,0.010496131
2801,2640114,0.19275908
2802,2640141,0.029220471
2803,2640150,0.083329886
2804,2640152,0.059097346
2805,2640166,0.098491356
2806,2640172,0.0450633
2807,2650008,0.07081375
2808,2650033,0.12215122
2809,2650035,0.074709766
2810,2650063,0.13077311
2811,2650071,0.11965082
2812,2650091,0.012140934
2813,2650100,0.01878461
2814,2650103,0.08139209
2815,2650114,0.0260523
2816,2650118,0.10381913
2817,2650123,0.14666323
2818,2650125,0.09370078
2819,2660006,0.047915865
2820,2660017,0.10935559
2821,2660021,0.10173158
2822,2660043,0.0823405
2823,2660060,0.058775634
2824,2660092,0.10830181
2825,2660112,0.12849668
2826,2660120,0.28063226
2827,2660137,0.14883494
2828,2660140,0.03644354
2829,2660153,0.03084728
2830,2670006,0.064732775
2831,2670028,0.042049017
2832,2670036,0.08138267
2833,2670042,0.051511288
2834,2670043,0.052036274
2835,2670066,0.008565653
2836,2670095,0.035189606
2837,2670146,0.10173158
2838,2680029,0.032154582
2839,2680045,0.010125909
2840,2680048,0.124076635
2841,2680054,0.12660791
2842,2680058,0.08865311
2843,2680085,0.04407329
2844,2680101,0.13036625
2845,2680118,0.12279509
2846,2680133,0.068819
2847,2680155,0.01779412
2848,2690009,0.05602384
2849,2690023,0.040628113
2850,2690075,0.042581357
2851,2690082,0.060381334
2852,2690093,0.0603126
2853,2690122,0.12702182
2854,2690133,0.04952767
2855,2690146,0.13497221
2856,2690157,0.2790865
2857,2690161,0.10790076
2858,2690191,0.012742609
2859,2690195,0.02780922
2860,2690196,0.03988978
2861,2690219,0.09206612
2862,2700004,0.106097415
2863,2700035,0.007092166
2864,2700049,0.18940827
2865,2700085,0.048521478
2866,2700100,0.02930637
2867,2700126,0.02473308
2868,2710012,0.08587258
2869,2710044,0.023500275
2870,2710069,0.0768461
2871,2710072,0.064751364
2872,2710077,0.055775758
2873,2710088,0.07278852
2874,2710105,0.02054557
2875,2710113,0.03789699
2876,2710119,0.034659013
2877,2710120,0.08953566
2878,2710139,0.1627132
2879,2710142,0.124790676
2880,2710147,0.035840716
2881,2720006,0.011796405
2882,2720031,0.0830283
2883,2720043,0.106214255
2884,2720066,0.03183648
2885,2720092,0.011838056
2886,2720108,0.14161597
2887,2720110,0.104283035
2888,2720120,0.05137914
2889,2720123,0.030901011
2890,2720124,0.027897432
2891,2720147,0.14944309
2892,2720149,0.116923004
2893,2720157,0.10732871
2894,2730013,0.003975994
2895,2730026,0.048146497
2896,2730033,0.18048018
2897,2730036,0.10136809
2898,2730041,0.12910657
2899,2730058,0.077031404
2900,2730082,0.12176238
2901,2730100,0.12598918
2902,2730116,0.07276518
2903,2730135,0.013433979
2904,2730143,0.017003449
2905,2730153,0.020093814
2906,2740004,0.026972951
2907,2740009,0.12658288
2908,2740010,0.030805603
2909,2740017,0.0408992
2910,2740027,0.13631096
2911,2740028,0.21171097
2912,2740047,0.03405468
2913,2740051,0.14727713
2914,2740061,0.15273847
2915,2740065,0.021544605
2916,2740086,0.020417124
2917,2740109,0.013845042
2918,2740113,0.12197958
2919,2740133,0.010093512
2920,2740134,0.01494074
2921,2740139,0.02945561
2922,2750005,0.044801906
2923,2750008,0.05387386
2924,2750022,0.14592442
2925,2750024,0.102696545
2926,2750028,0.044622686
2927,2750041,0.13080041
2928,2750047,0.032101855
2929,2750085,0.058650788
2930,2750103,0.10657342
2931,2750158,0.13981137
2932,2750174,0.12873307
2933,2760009,0.031149687
2934,2760038,0.012278966
2935,2760077,0.097669944
2936,2760084,0.056955215
2937,2760092,0.0616167
2938,2760102,0.105475076
2939,2760151,0.029218592
2940,2760153,0.03110612
2941,2760176,0.04669951
2942,2760177,0.069235176
2943,2770005,0.0491204
2944,2770018,0.011024597
2945,2770026,0.11256578
2946,2770027,0.012165076
2947,2770041,0.042121746
2948,2770055,0.0035784575
2949,2770056,0.07063291
2950,2770065,0.034212332
2951,2770076,0.06895408
2952,2770078,0.12729457
2953,2770083,0.22521272
2954,2770087,0.027687967
2955,2770089,0.14261645
2956,2770104,0.12295076
2957,2770105,0.08701306
2958,2770120,0.14930007
2959,2770121,0.059196338
2960,2770138,0.1368051
2961,2770144,0.046340104
2962,2770151,0.1317818
2963,2770176,0.08706309
2964,2770194,0.13262811
2965,2780009,0.12650798
2966,2780025,0.065527685
2967,2780030,0.013074383
2968,2780031,0.052926462
2969,2780079,0.022327837
2970,2780119,0.046028554
2971,2790039,0.09793815
2972,2790042,0.042939942
2973,2790048,0.0324575
2974,2790065,0.11844449
2975,2790076,0.09316793
2976,2790089,0.07648452
2977,2790120,0.07167696
2978,2790162,0.1658498
2979,2790167,0.03431615
2980,2790171,0.06862188
2981,2790173,0.14764343
2982,2800028,0.11305999
2983,2800041,0.1408472
2984,2800049,0.13453938
2985,2800050,0.24565995
2986,2800066,0.10663496
2987,2800072,0.034027282
2988,2800081,0.07725153
2989,2800085,0.03120175
2990,2800101,0.032178994
2991,2800104,0.069262065
2992,2800109,0.02018863
2993,2800132,0.06969767
2994,2800133,0.030929534
2995,2800150,0.08759995
2996,2800166,0.12183765
2997,2810023,0.13595769
2998,2810103,0.041277334
2999,2810147,0.11137576
3000,2810193,0.04464735
3001,2820021,0.10182175
3002,2820027,0.17041633
3003,2820030,0.35392168
3004,2820066,0.026545167
3005,2820071,0.117382735
3006,2820080,0.1354118
3007,2820111,0.053002715
3008,2820122,0.01066068
3009,2820141,0.20627981
3010,2830023,0.045944132
3011,2830028,0.072848596
3012,2830029,0.05274452
3013,2830031,0.090951614
3014,2830056,0.09037575
3015,2830067,0.043184537
3016,2830069,0.005660244
3017,2830093,0.16704452
3018,2830099,0.026081832
3019,2830100,0.11079597
3020,2830101,0.2391251
3021,2830109,0.045623396
3022,2830146,0.11551703
3023,2830170,0.09967236
3024,2830173,0.043173406
3025,2830184,0.076278016
3026,2830187,0.08598852
3027,2830189,0.09932933
3028,2830191,0.09208242
3029,2840007,0.10620391
3030,2840018,0.014185684
3031,2840024,0.1929527
3032,2840025,0.02625696
3033,2840033,0.10996415
3034,2840038,0.10421905
3035,2840042,0.121036515
3036,2840051,0.05442812
3037,2840092,0.031349212
3038,2840101,0.022572005
3039,2840108,0.13363437
3040,2840119,0.28647643
3041,2840123,0.11041887
3042,2840134,0.13366991
3043,2840156,0.043615475
3044,2840157,0.01764448
3045,2850009,0.15174033
3046,2850041,0.0948241
3047,2850054,0.056839112
3048,2850062,0.0332648
3049,2850084,0.010505124
3050,2850124,0.10893445
3051,2850139,0.044433
3052,2850154,0.04365837
3053,2850157,0.076653644
3054,2850180,0.07736129
3055,2850185,0.031150755
3056,2850187,0.035785574
3057,2860012,0.040921807
3058,2860020,0.045650374
3059,2860025,0.06926927
3060,2860043,0.011115921
3061,2860083,0.047517035
3062,2860087,0.23648769
3063,2860094,0.015549225
3064,2860103,0.21187368
3065,2860115,0.016764633
3066,2860121,0.1321114
3067,2860123,0.13614465
3068,2860142,0.14778306
3069,2860147,0.13906953
3070,2860180,0.13983832
3071,2870012,0.012495917
3072,2870024,0.07918247
3073,2870034,0.076996274
3074,2870039,0.054938562
3075,2870067,0.074646235
3076,2870072,0.04530563
3077,2870077,0.0371082
3078,2870102,0.0052287867
3079,2870113,0.022226013
3080,2870120,0.21196611
3081,2870132,0.07181933
3082,2870133,0.035572007
3083,2870150,0.013314469
3084,2880007,0.111638226
3085,2880016,0.036267083
3086,2880023,0.018435152
3087,2880026,0.03123422
3088,2880032,0.005662974
3089,2880036,0.011525146
3090,2880040,0.087490566
3091,2880051,0.10990012
3092,2880060,0.029312657
3093,2880071,0.009854271
3094,2880142,0.14446615
3095,2880153,0.075939186
3096,2890033,0.020490272
3097,2890041,0.07416545
3098,2890042,0.014033028
3099,2890068,0.05226489
3100,2890071,0.010433014
3101,2890084,0.048082538
3102,2890099,0.062144585
3103,2890112,0.068840794
3104,2890121,0.15304616
3105,2890124,0.030302364
3106,2890132,0.09179347
3107,2900003,0.03679011
3108,2900012,0.09784919
3109,2900034,0.12581173
3110,2900037,0.087432645
3111,2900038,0.15481742
3112,2900043,0.084788635
3113,2900051,0.011791314
3114,2900065,0.055577263
3115,2900087,0.052555285
3116,2900096,0.11349842
3117,2900117,0.050870392
3118,2910009,0.05289328
3119,2910086,0.0260485
3120,2910120,0.07976335
3121,2910133,0.021369506
3122,2910156,0.057316754
3123,2910169,0.07261583
3124,2910179,0.012593543
3125,2920014,0.07346565
3126,2920021,0.10592017
3127,2920022,0.09129057
3128,2920026,0.013930877
3129,2920032,0.09908813
3130,2920045,0.10615682
3131,2920047,0.14312387
3132,2920053,0.1308019
3133,2920059,0.11777037
3134,2920084,0.051100213
3135,2920107,0.072242364
3136,2920138,0.20746227
3137,2920142,0.03224812
3138,2930009,0.009460299
3139,2930013,0.09986592
3140,2930016,0.12275021
3141,2930045,0.028689906
3142,2930088,0.24415383
3143,2930117,0.10294069
3144,2930121,0.05338671
3145,2930125,0.12853988
3146,2940026,0.14170073
3147,2940031,0.048528127
3148,2940093,0.017048977
3149,2940094,0.10011876
3150,2940116,0.11367269
3151,2950008,0.031878885
3152,2950025,0.0980984
3153,2950044,0.03938787
3154,2950047,0.11705002
3155,2950056,0.044118155
3156,2950062,0.07501251
3157,2950076,0.041810542
3158,2950080,0.06432627
3159,2950105,0.11622607
3160,2950108,0.022728557
3161,2950154,0.09405129
3162,2950158,0.064020656
3163,2950162,0.15434888
3164,2950174,0.0034483874
3165,2950177,0.12647596
3166,2960048,0.06219182
3167,2960051,0.0830283
3168,2960065,0.058064584
3169,2960078,0.04038564
3170,2960083,0.028625166
3171,2960093,0.08509316
3172,2960096,0.025710238
3173,2960099,0.04016731
3174,2960132,0.04854495
3175,2960156,0.12569043
3176,2960163,0.058656357
3177,2960166,0.27919233
3178,2970006,0.033068288
3179,2970010,0.11891211
3180,2970022,0.08361582
3181,2970047,0.028123118
3182,2970050,0.028137004
3183,2970072,0.06715561
3184,2970078,0.081502244
3185,2970083,0.07191779
3186,2970094,0.04514775
3187,2970115,0.12352927
3188,2970122,0.11446132
3189,2970125,0.06248795
3190,2970128,0.033787686
3191,2980015,0.10523065
3192,2980026,0.012075064
3193,2980028,0.052800894
3194,2980033,0.10948604
3195,2980044,0.05262764
3196,2980051,0.10223072
3197,2980066,0.029185735
3198,2980070,0.08203687
3199,2980074,0.073083036
3200,2980086,0.12934108
3201,2980087,0.21657856
3202,2980091,0.12796846
3203,2980099,0.098921955
3204,2980105,0.07279044
3205,2980128,0.08097077
3206,2980135,0.094966464
3207,2990014,0.076653644
3208,2990023,0.10663496
3209,2990030,0.04640634
3210,2990036,0.040047504
3211,2990064,0.077046156
3212,2990091,0.030917153
3213,2990097,0.21530549
3214,2990133,0.21861947
3215,2990138,0.10985777
3216,2990146,0.14696729
3217,2990147,0.10007161
3218,3000028,0.5348835
3219,3000084,0.087595575
3220,3000097,0.029220471
3221,3000128,0.007281956
3222,3000139,0.07823804
3223,3000140,0.084126934
3224,3000166,0.00837852
3225,3000168,0.049348593
3226,3010007,0.090288535
3227,3010012,0.007428974
3228,3010026,0.048889343
3229,3010029,0.052715033
3230,3010038,0.030508764
3231,3010052,0.30703554
3232,3010094,0.023751125
3233,3010097,0.24509558
3234,3010115,0.102505036
3235,3010139,0.008046368
3236,3010141,0.08081972
3237,3010143,0.036019437
3238,3010144,0.041428395
3239,3010146,0.011581499
3240,3010156,0.0997762
3241,3020015,0.090658434
3242,3020016,0.033029385
3243,3020019,0.04488769
3244,3020031,0.06850624
3245,3020035,0.038522907
3246,3020042,0.11093665
3247,3020063,0.1425366
3248,3020083,0.012293663
3249,3020090,0.08592395
3250,3020118,0.049309924
3251,3020150,0.092229545
3252,3030025,0.19233729
3253,3030044,0.14197013
3254,3030048,0.16748603
3255,3030049,0.044370875
3256,3030055,0.05617119
3257,3030067,0.372442
3258,3030078,0.06653379
3259,3030084,0.10738838
3260,3030134,0.09950719
3261,3030155,0.01234733
3262,3040004,0.10099167
3263,3040009,0.026070733
3264,3040031,0.01677675
3265,3040062,0.083329886
3266,3040083,0.12948434
3267,3040085,0.013014848
3268,3040089,0.031076005
3269,3040097,0.20391093
3270,3040110,0.0054400465
3271,3040114,0.11923597
3272,3040124,0.058710586
3273,3040125,0.02768169
3274,3040128,0.1399083
3275,3040163,0.03147548
3276,3050008,0.028608138
3277,3050014,0.052984703
3278,3050058,0.093468666
3279,3050109,0.028751133
3280,3050131,0.033922628
3281,3050134,0.143272
3282,3060010,0.016171608
3283,3060050,0.10774927
3284,3060070,0.079676524
3285,3060078,0.109613754
3286,3060090,0.013074383
3287,3060149,0.048286162
3288,3060151,0.09177968
3289,3060156,0.042962853
3290,3070030,0.13377504
3291,3070042,0.050182793
3292,3070044,0.04526431
3293,3070056,0.08190838
3294,3070060,0.1108141
3295,3070075,0.11217608
3296,3070083,0.047638144
3297,3070094,0.13444974
3298,3070102,0.12581173
3299,3070104,0.0966531
3300,3070119,0.07307034
3301,3070160,0.045422547
3302,3080006,0.020813895
3303,3080017,0.08616066
3304,3080031,0.029086549
3305,3080064,0.11938829
3306,3080087,0.14667557
3307,3080113,0.109960906
3308,3080144,0.09082999
3309,3080152,0.12245765
3310,3080177,0.1351697
3311,3090068,0.06243448
3312,3090082,0.010623898
3313,3090141,0.033300903
3314,3090155,0.037172325
3315,3100028,0.011283828
3316,3100055,0.49907357
3317,3100080,0.0857883
3318,3100084,0.059810955
3319,3100100,0.09040841
3320,3100147,0.1208442
3321,3100160,0.024639081
3322,3100175,0.10205685
3323,3110004,0.10717723
3324,3110019,0.062468827
3325,3110037,0.011728004
3326,3110048,0.08180486
3327,3110051,0.14972194
3328,3110058,0.009995388
3329,3110085,0.034258787
3330,3110093,0.100055955
3331,3110120,0.1214345
3332,3110126,0.07122614
3333,3110128,0.011100228
3334,3110136,0.1235369
3335,3110138,0.09864149
3336,3110154,0.09270017
3337,3110166,0.14234531
3338,3120009,0.043095812
3339,3120015,0.11151295
3340,3120030,0.032384876
3341,3120051,0.06446584
3342,3120064,0.047765307
3343,3120097,0.06532097
3344,3120105,0.031424195
3345,3120108,0.16793205
3346,3120113,0.052335512
3347,3130003,0.014488158
3348,3130023,0.026008155
3349,3130042,0.17342815
3350,3130044,0.11656863
3351,3130061,0.14763069
3352,3130070,0.052579425
3353,3130071,0.064130224
3354,3130075,0.01304516
3355,3130096,0.056036256
3356,3130157,0.11584982
3357,3140013,0.07993755
3358,3140022,0.032072835
3359,3140036,0.07023281
3360,3140038,0.059300642
3361,3140121,0.06841061
3362,3140148,0.07229627
3363,3140153,0.03101356
3364,3140164,0.059860636
3365,3140165,0.24792732
3366,3150007,0.13631096
3367,3150029,0.013493972
3368,3150087,0.08620991
3369,3150101,0.13051446
3370,3150120,0.09217347
3371,3150125,0.07601312
3372,3150161,0.060342308
3373,3150165,0.043728482
3374,3150167,0.025564365
3375,3160005,0.12689663
3376,3160007,0.03370508
3377,3160012,0.032291267
3378,3160014,0.040628113
3379,3160021,0.05643251
3380,3160033,0.11957853
3381,3160046,0.053198475
3382,3160070,0.04333833
3383,3160085,0.053206097
3384,3160133,0.08328089
3385,3160138,0.15469787
3386,3160148,0.14281993
3387,3160157,0.047396593
3388,3170043,0.014173532
3389,3170069,0.05342727
3390,3170076,0.12126121
3391,3170103,0.014720132
3392,3170116,0.0299941
3393,3170146,0.014952493
3394,3170183,0.026181702
3395,3180008,0.13327427
3396,3180026,0.1382537
3397,3180034,0.073625684
3398,3180038,0.010878931
3399,3180067,0.044665486
3400,3180071,0.24734154
3401,3180073,0.0830283
3402,3180076,0.09752165
3403,3180091,0.12915218
3404,3180099,0.008804436
3405,3180102,0.061181355
3406,3180104,0.06740005
3407,3180118,0.097480424
3408,3180133,0.057057276
3409,3180170,0.03355172
3410,3190026,0.030038347
3411,3190037,0.06364281
3412,3190038,0.028553316
3413,3190047,0.06487137
3414,3190054,0.09838522
3415,3190065,0.11043468
3416,3190101,0.14187522
3417,3190107,0.026664397
3418,3190124,0.029576486
3419,3190141,0.054671165
3420,3190143,0.034578152
3421,3190176,0.11155864
3422,3200017,0.058758106
3423,3200024,0.09976467
3424,3200046,0.03337303
3425,3200086,0.031331535
3426,3200089,0.050050467
3427,3200147,0.11497269
3428,3200159,0.024707926
3429,3200163,0.068072386
3430,3200169,0.21496688
3431,3200183,0.2638382
3432,3200184,0.28211993
3433,3210026,0.0471521
3434,3210029,0.28512946
3435,3210050,0.08255947
3436,3210058,0.21174368
3437,3210103,0.07176288
3438,3210111,0.11479519
3439,3210117,0.0046185665
3440,3220004,0.015171947
3441,3220022,0.03459919
3442,3220043,0.101149365
3443,3220045,0.068703406
3444,3220056,0.035586026
3445,3220086,0.08210192
3446,3220096,0.12578249
3447,3220099,0.046758145
3448,3220112,0.11042782
3449,3220133,0.115926534
3450,3220135,0.034604736
3451,3230031,0.0955244
3452,3230048,0.14684267
3453,3230055,0.050908864
3454,3230061,0.061520822
3455,3230063,0.038303237
3456,3230099,0.22697102
3457,3230142,0.015228093
3458,3230148,0.009935561
3459,3230151,0.12868427
3460,3230163,0.13092501
3461,3230213,0.046625353
3462,3230220,0.12386281
3463,3240011,0.0844346
3464,3240028,0.07940164
3465,3240053,0.13377461
3466,3240075,0.23247087
3467,3240092,0.18630317
3468,3240106,0.10129953
3469,3240123,0.12434796
3470,3240144,0.0910756
3471,3240145,0.06749291
3472,3240155,0.094324775
3473,3240157,0.17001265
3474,3250006,0.0065848758
3475,3250010,0.16396242
3476,3250021,0.22646481
3477,3250024,0.07078287
3478,3250033,0.036267083
3479,3250057,0.009997719
3480,3250061,0.047773764
3481,3250090,0.042976137
3482,3250094,0.03348786
3483,3250127,0.06623284
3484,3250137,0.03457406
3485,3250144,0.07492277
3486,3250153,0.03944394
3487,3250159,0.03065712
3488,3250185,0.14702252
3489,3260005,0.015564024
3490,3260010,0.13551128
3491,3260013,0.07808707
3492,3260025,0.010188818
3493,3260038,0.15889655
3494,3260053,0.09549088
3495,3260073,0.04061192
3496,3260080,0.09623221
3497,3260122,0.04814678
3498,3260128,0.07249917
3499,3260135,0.08167602
3500,3260149,0.039888974
3501,3270055,0.056284238
3502,3270066,0.13122134
3503,3270071,0.08681465
3504,3270114,0.015851913
3505,3270183,0.035631306
3506,3270195,0.041575085
3507,3280003,0.09574974
3508,3280020,0.0329879
3509,3280034,0.03262282
3510,3280051,0.03523995
3511,3280071,0.1196951
3512,3280095,0.15142357
3513,3280116,0.047522046
3514,3280118,0.058602575
3515,3280152,0.10589246
3516,3280155,0.102667525
3517,3280157,0.15910548
3518,3280184,0.005896928
3519,3290011,0.060127314
3520,3290032,0.038281944
3521,3290040,0.009616476
3522,3290043,0.05314571
3523,3290055,0.032710712
3524,3290067,0.111100726
3525,3290076,0.25251168
3526,3290093,0.14279556
3527,3290104,0.11600503
3528,3290106,0.12328518
3529,3290111,0.12093284
3530,3290116,0.061316546
3531,3290117,0.09635325
3532,3290124,0.05849507
3533,3290125,0.16276734
3534,3300005,0.16301048
3535,3300009,0.1252974
3536,3300013,0.016124457
3537,3300030,0.08577722
3538,3300033,0.030059721
3539,3300039,0.07991779
3540,3300074,0.03723052
3541,3300080,0.013885497
3542,3300091,0.081193335
3543,3300118,0.07366847
3544,3310046,0.107447855
3545,3310057,0.1137908
3546,3310070,0.049632158
3547,3310071,0.053002715
3548,3310081,0.12593774
3549,3310083,0.1252974
3550,3310105,0.06212169
3551,3310121,0.104815304
3552,3310141,0.069112286
3553,3320005,0.0773575
3554,3320039,0.047026806
3555,3320046,0.047481947
3556,3320058,0.05038218
3557,3320070,0.043196782
3558,3320119,0.07053366
3559,3320132,0.10381913
3560,3320137,0.028596593
3561,3320142,0.006079709
3562,3320164,0.04678447
3563,3320178,0.055219047
3564,3330005,0.012071014
3565,3330011,0.07470884
3566,3330013,0.009882753
3567,3330019,0.08670814
3568,3330022,0.08598083
3569,3330030,0.07710879
3570,3330045,0.03375364
3571,3330055,0.10468424
3572,3330063,0.030644773
3573,3330078,0.09643127
3574,3330127,0.0678916
3575,3330144,0.09882264
3576,3330148,0.0909527
3577,3340085,0.009695406
3578,3340090,0.09316793
3579,3340117,0.10378126
3580,3340137,0.010757685
3581,3340145,0.0494839
3582,3340153,0.2673932
3583,3340176,0.15724313
3584,3350036,0.10460291
3585,3350044,0.053204596
3586,3350046,0.033668164
3587,3350088,0.029350018
3588,3350104,0.09818852
3589,3350121,0.011892571
3590,3350148,0.017657949
3591,3350183,0.0579799
3592,3360005,0.033014257
3593,3360023,0.09045305
3594,3360027,0.046486598
3595,3360064,0.1297535
3596,3360088,0.11535048
3597,3360154,0.009822424
3598,3360177,0.059888855
3599,3370018,0.09193855
3600,3370026,0.06353595
3601,3370041,0.09577352
3602,3370054,0.095199294
3603,3370073,0.012857053
3604,3370099,0.05482294
3605,3370120,0.07585435
3606,3370142,0.10246297
3607,3380007,0.026881196
3608,3380037,0.05853171
3609,3380092,0.038892183
3610,3380096,0.10153737
3611,3380106,0.0854136
3612,3380114,0.11564541
3613,3380124,0.116551876
3614,3380129,0.10129118
3615,3380149,0.008603297
3616,3390009,0.1286163
3617,3390014,0.11576165
3618,3390056,0.13393761
3619,3390061,0.0833821
3620,3390080,0.06521335
3621,3390146,0.033986013
3622,3390152,0.143272
3623,3390154,0.02779816
3624,3400004,0.022634175
3625,3400007,0.011838056
3626,3400022,0.10172514
3627,3400040,0.054549664
3628,3400050,0.122608244
3629,3400089,0.1268958
3630,3400093,0.06290746
3631,3400143,0.046758145
3632,3400154,0.15162492
3633,3400162,0.14219892
3634,3410017,0.049245372
3635,3410022,0.095071085
3636,3410046,0.046813957
3637,3410079,0.09140889
3638,3410100,0.11043468
3639,3410131,0.092229545
3640,3410145,0.093873724
3641,3410150,0.024322709
3642,3410182,0.10393764
3643,3410186,0.07208471
3644,3410188,0.07691106
3645,3410195,0.06569988
3646,3410197,0.012787443
3647,3410203,0.023012225
3648,3420019,0.06744563
3649,3420095,0.105828516
3650,3420144,0.12381563
3651,3420145,0.107784234
3652,3430008,0.09704347
3653,3430010,0.056348007
3654,3430052,0.042977866
3655,3430062,0.11534847
3656,3430068,0.09457065
3657,3430070,0.04977735
3658,3430081,0.012693059
3659,3430104,0.030898506
3660,3430117,0.08013392
3661,3430132,0.040342495
3662,3430136,0.12239353
3663,3430137,0.1369826
3664,3430138,0.032877345
3665,3430139,0.04331321
3666,3440026,0.06771006
3667,3440028,0.049632158
3668,3440035,0.030731298
3669,3440093,0.10984613
3670,3440095,0.13239953
3671,3440120,0.047777712
3672,3440122,0.12128146
3673,3440136,0.12396269
3674,3440186,0.012108746
3675,3440193,0.111624725
3676,3440200,0.037329182
3677,3440209,0.12629694
3678,3440225,0.037318785
3679,3440241,0.13512546
3680,3440253,0.067888275
3681,3440255,0.28643373
3682,3450012,0.04491367
3683,3450017,0.13067432
3684,3450024,0.1258259
3685,3450033,0.048045833
3686,3450045,0.07496884
3687,3450049,0.07311791
3688,3450069,0.08263103
3689,3450074,0.019060273
3690,3450140,0.09754574
3691,3470005,0.0075796223
3692,3470033,0.016528757
3693,3470103,0.10890219
3694,3470110,0.007864576
3695,3470117,0.03719254
3696,3470135,0.09446585
